2025-04-04 02:15:37.416 [restartedMain] INFO  c.e.s.SatellitePlatformApplication - Starting SatellitePlatformApplication using Java 17.0.12 with PID 38388 (C:\Users\HP\OneDrive\Documents\PFA\SatellitePlatformApplication\Satellite_Platform_Application\target\classes started by HP in C:\Users\HP\OneDrive\Documents\PFA\SatellitePlatformApplication\Satellite_Platform_Application)
2025-04-04 02:15:37.427 [restartedMain] DEBUG c.e.s.SatellitePlatformApplication - Running with Spring Boot v3.3.10, Spring v6.1.18
2025-04-04 02:15:37.431 [restartedMain] INFO  c.e.s.SatellitePlatformApplication - No active profile set, falling back to 1 default profile: "default"
2025-04-04 02:15:52.607 [restartedMain] INFO  c.e.s.config.JwtConfig - JWT Secret: N5xG1aT7q8v2Hq1K3rJ6bC9m5W+Pq2L7Jz9P4w==
2025-04-04 02:15:52.625 [restartedMain] INFO  c.e.s.config.JwtConfig - JWT Expiration: 86400000
2025-04-04 02:15:52.882 [restartedMain] INFO  c.e.s.config.MongoConfig - Creating MongoClient bean with URI from environment...
2025-04-04 02:15:53.531 [restartedMain] DEBUG c.e.s.config.MongoConfig - MongoClient created for URI: mongodb://localhost:27017/satellite_platform
2025-04-04 02:15:58.682 [restartedMain] DEBUG c.e.s.m.u.s.J.JwtAuthenticationFilter - Filter 'jwtAuthenticationFilter' configured for use
2025-04-04 02:16:01.717 [restartedMain] INFO  c.e.s.m.u.a.services.AuditLogService - Audit log path initialized to: C:\logs\audit.log
2025-04-04 02:16:09.860 [restartedMain] INFO  c.e.s.m.m.c.RabbitMQListenerConfig - Setting RabbitMQ listener prefetch count to: 10
2025-04-04 02:16:13.842 [restartedMain] INFO  c.e.s.c.c.ProcessingResponseCacheHandler - ProcessingResponseCacheHandler initialized with ResultsRepository and ResultsMapper.
2025-04-04 02:16:13.857 [restartedMain] INFO  c.e.s.c.c.ProcessingResponseCacheHandler - Scheduled cache cleanup task with cron expression: 0 0 3 * * ?
2025-04-04 02:16:14.019 [restartedMain] INFO  c.e.s.c.e.DatabasePropertySourceAdder - ContextRefreshedEvent received. Adding DatabasePropertySource to environment.
2025-04-04 02:16:14.020 [restartedMain] INFO  c.e.s.c.e.DatabasePropertySource - Initializing DatabasePropertySource: Loading properties from database...
2025-04-04 02:16:14.165 [restartedMain] INFO  c.e.s.c.e.DatabasePropertySource - Loaded 0 properties from database into DatabasePropertySource cache.
2025-04-04 02:16:14.166 [restartedMain] INFO  c.e.s.c.e.DatabasePropertySourceAdder - Successfully added DatabasePropertySource to environment.
2025-04-04 02:16:14.171 [restartedMain] INFO  c.e.s.SatellitePlatformApplication - Started SatellitePlatformApplication in 39.849 seconds (process running for 42.346)
2025-04-04 02:16:14.336 [restartedMain] DEBUG c.e.s.m.u.config.DataInitializer - Admin user(s) already exist. Skipping initial admin creation.
2025-04-04 02:19:30.537 [restartedMain] INFO  c.e.s.SatellitePlatformApplication - Starting SatellitePlatformApplication using Java 17.0.12 with PID 38388 (C:\Users\HP\OneDrive\Documents\PFA\SatellitePlatformApplication\Satellite_Platform_Application\target\classes started by HP in C:\Users\HP\OneDrive\Documents\PFA\SatellitePlatformApplication\Satellite_Platform_Application)
2025-04-04 02:19:30.538 [restartedMain] DEBUG c.e.s.SatellitePlatformApplication - Running with Spring Boot v3.3.10, Spring v6.1.18
2025-04-04 02:19:30.539 [restartedMain] INFO  c.e.s.SatellitePlatformApplication - No active profile set, falling back to 1 default profile: "default"
2025-04-04 02:19:33.859 [restartedMain] INFO  c.e.s.config.JwtConfig - JWT Secret: N5xG1aT7q8v2Hq1K3rJ6bC9m5W+Pq2L7Jz9P4w==
2025-04-04 02:19:33.861 [restartedMain] INFO  c.e.s.config.JwtConfig - JWT Expiration: 86400000
2025-04-04 02:19:33.898 [restartedMain] INFO  c.e.s.config.MongoConfig - Creating MongoClient bean with URI from environment...
2025-04-04 02:19:33.900 [restartedMain] DEBUG c.e.s.config.MongoConfig - MongoClient created for URI: mongodb://localhost:27017/satellite_platform
2025-04-04 02:19:34.434 [restartedMain] DEBUG c.e.s.m.u.s.J.JwtAuthenticationFilter - Filter 'jwtAuthenticationFilter' configured for use
2025-04-04 02:19:35.258 [restartedMain] INFO  c.e.s.m.u.a.services.AuditLogService - Audit log path initialized to: C:\logs\audit.log
2025-04-04 02:19:37.041 [restartedMain] INFO  c.e.s.m.m.c.RabbitMQListenerConfig - Setting RabbitMQ listener prefetch count to: 10
2025-04-04 02:19:38.867 [restartedMain] INFO  c.e.s.c.c.ProcessingResponseCacheHandler - ProcessingResponseCacheHandler initialized with ResultsRepository and ResultsMapper.
2025-04-04 02:19:38.869 [restartedMain] INFO  c.e.s.c.c.ProcessingResponseCacheHandler - Scheduled cache cleanup task with cron expression: 0 0 3 * * ?
2025-04-04 02:19:39.005 [restartedMain] INFO  c.e.s.c.e.DatabasePropertySourceAdder - ContextRefreshedEvent received. Adding DatabasePropertySource to environment.
2025-04-04 02:19:39.006 [restartedMain] INFO  c.e.s.c.e.DatabasePropertySource - Initializing DatabasePropertySource: Loading properties from database...
2025-04-04 02:19:39.014 [restartedMain] INFO  c.e.s.c.e.DatabasePropertySource - Loaded 0 properties from database into DatabasePropertySource cache.
2025-04-04 02:19:39.015 [restartedMain] INFO  c.e.s.c.e.DatabasePropertySourceAdder - Successfully added DatabasePropertySource to environment.
2025-04-04 02:19:39.017 [restartedMain] INFO  c.e.s.SatellitePlatformApplication - Started SatellitePlatformApplication in 8.755 seconds (process running for 247.192)
2025-04-04 02:19:39.050 [restartedMain] DEBUG c.e.s.m.u.config.DataInitializer - Admin user(s) already exist. Skipping initial admin creation.
2025-04-04 02:19:40.892 [restartedMain] INFO  c.e.s.SatellitePlatformApplication - Starting SatellitePlatformApplication using Java 17.0.12 with PID 38388 (C:\Users\HP\OneDrive\Documents\PFA\SatellitePlatformApplication\Satellite_Platform_Application\target\classes started by HP in C:\Users\HP\OneDrive\Documents\PFA\SatellitePlatformApplication\Satellite_Platform_Application)
2025-04-04 02:19:40.893 [restartedMain] DEBUG c.e.s.SatellitePlatformApplication - Running with Spring Boot v3.3.10, Spring v6.1.18
2025-04-04 02:19:40.893 [restartedMain] INFO  c.e.s.SatellitePlatformApplication - No active profile set, falling back to 1 default profile: "default"
2025-04-04 02:19:43.151 [restartedMain] INFO  c.e.s.config.JwtConfig - JWT Secret: N5xG1aT7q8v2Hq1K3rJ6bC9m5W+Pq2L7Jz9P4w==
2025-04-04 02:19:43.151 [restartedMain] INFO  c.e.s.config.JwtConfig - JWT Expiration: 86400000
2025-04-04 02:19:43.184 [restartedMain] INFO  c.e.s.config.MongoConfig - Creating MongoClient bean with URI from environment...
2025-04-04 02:19:43.185 [restartedMain] DEBUG c.e.s.config.MongoConfig - MongoClient created for URI: mongodb://localhost:27017/satellite_platform
2025-04-04 02:19:43.577 [restartedMain] DEBUG c.e.s.m.u.s.J.JwtAuthenticationFilter - Filter 'jwtAuthenticationFilter' configured for use
2025-04-04 02:19:44.053 [restartedMain] INFO  c.e.s.m.u.a.services.AuditLogService - Audit log path initialized to: C:\logs\audit.log
2025-04-04 02:19:45.579 [restartedMain] INFO  c.e.s.m.m.c.RabbitMQListenerConfig - Setting RabbitMQ listener prefetch count to: 10
2025-04-04 02:19:47.730 [restartedMain] INFO  c.e.s.c.c.ProcessingResponseCacheHandler - ProcessingResponseCacheHandler initialized with ResultsRepository and ResultsMapper.
2025-04-04 02:19:47.733 [restartedMain] INFO  c.e.s.c.c.ProcessingResponseCacheHandler - Scheduled cache cleanup task with cron expression: 0 0 3 * * ?
2025-04-04 02:19:47.833 [restartedMain] INFO  c.e.s.c.e.DatabasePropertySourceAdder - ContextRefreshedEvent received. Adding DatabasePropertySource to environment.
2025-04-04 02:19:47.834 [restartedMain] INFO  c.e.s.c.e.DatabasePropertySource - Initializing DatabasePropertySource: Loading properties from database...
2025-04-04 02:19:47.840 [restartedMain] INFO  c.e.s.c.e.DatabasePropertySource - Loaded 0 properties from database into DatabasePropertySource cache.
2025-04-04 02:19:47.841 [restartedMain] INFO  c.e.s.c.e.DatabasePropertySourceAdder - Successfully added DatabasePropertySource to environment.
2025-04-04 02:19:47.843 [restartedMain] INFO  c.e.s.SatellitePlatformApplication - Started SatellitePlatformApplication in 7.29 seconds (process running for 256.017)
2025-04-04 02:19:47.874 [restartedMain] DEBUG c.e.s.m.u.config.DataInitializer - Admin user(s) already exist. Skipping initial admin creation.
2025-04-04 02:20:40.109 [restartedMain] INFO  c.e.s.SatellitePlatformApplication - Starting SatellitePlatformApplication using Java 17.0.12 with PID 38388 (C:\Users\HP\OneDrive\Documents\PFA\SatellitePlatformApplication\Satellite_Platform_Application\target\classes started by HP in C:\Users\HP\OneDrive\Documents\PFA\SatellitePlatformApplication\Satellite_Platform_Application)
2025-04-04 02:20:40.110 [restartedMain] DEBUG c.e.s.SatellitePlatformApplication - Running with Spring Boot v3.3.10, Spring v6.1.18
2025-04-04 02:20:40.110 [restartedMain] INFO  c.e.s.SatellitePlatformApplication - No active profile set, falling back to 1 default profile: "default"
2025-04-04 02:20:41.935 [restartedMain] INFO  c.e.s.config.JwtConfig - JWT Secret: N5xG1aT7q8v2Hq1K3rJ6bC9m5W+Pq2L7Jz9P4w==
2025-04-04 02:20:41.936 [restartedMain] INFO  c.e.s.config.JwtConfig - JWT Expiration: 86400000
2025-04-04 02:20:41.980 [restartedMain] INFO  c.e.s.config.MongoConfig - Creating MongoClient bean with URI from environment...
2025-04-04 02:20:41.983 [restartedMain] DEBUG c.e.s.config.MongoConfig - MongoClient created for URI: mongodb://localhost:27017/satellite_platform
2025-04-04 02:20:42.314 [restartedMain] DEBUG c.e.s.m.u.s.J.JwtAuthenticationFilter - Filter 'jwtAuthenticationFilter' configured for use
2025-04-04 02:21:02.988 [restartedMain] INFO  c.e.s.SatellitePlatformApplication - Starting SatellitePlatformApplication using Java 17.0.12 with PID 38388 (C:\Users\HP\OneDrive\Documents\PFA\SatellitePlatformApplication\Satellite_Platform_Application\target\classes started by HP in C:\Users\HP\OneDrive\Documents\PFA\SatellitePlatformApplication\Satellite_Platform_Application)
2025-04-04 02:21:02.988 [restartedMain] DEBUG c.e.s.SatellitePlatformApplication - Running with Spring Boot v3.3.10, Spring v6.1.18
2025-04-04 02:21:02.989 [restartedMain] INFO  c.e.s.SatellitePlatformApplication - No active profile set, falling back to 1 default profile: "default"
2025-04-04 02:21:04.922 [restartedMain] INFO  c.e.s.config.JwtConfig - JWT Secret: N5xG1aT7q8v2Hq1K3rJ6bC9m5W+Pq2L7Jz9P4w==
2025-04-04 02:21:04.922 [restartedMain] INFO  c.e.s.config.JwtConfig - JWT Expiration: 86400000
2025-04-04 02:21:04.952 [restartedMain] INFO  c.e.s.config.MongoConfig - Creating MongoClient bean with URI from environment...
2025-04-04 02:21:04.953 [restartedMain] DEBUG c.e.s.config.MongoConfig - MongoClient created for URI: mongodb://localhost:27017/satellite_platform
2025-04-04 02:21:05.333 [restartedMain] DEBUG c.e.s.m.u.s.J.JwtAuthenticationFilter - Filter 'jwtAuthenticationFilter' configured for use
2025-04-04 02:21:05.777 [restartedMain] INFO  c.e.s.m.u.a.services.AuditLogService - Audit log path initialized to: C:\logs\audit.log
2025-04-04 02:21:07.032 [restartedMain] INFO  c.e.s.m.m.c.RabbitMQListenerConfig - Setting RabbitMQ listener prefetch count to: 10
2025-04-04 02:21:08.991 [restartedMain] INFO  c.e.s.c.c.ProcessingResponseCacheHandler - ProcessingResponseCacheHandler initialized with ResultsRepository and ResultsMapper.
2025-04-04 02:21:08.994 [restartedMain] INFO  c.e.s.c.c.ProcessingResponseCacheHandler - Scheduled cache cleanup task with cron expression: 0 0 3 * * ?
2025-04-04 02:21:09.111 [restartedMain] INFO  c.e.s.c.e.DatabasePropertySourceAdder - ContextRefreshedEvent received. Adding DatabasePropertySource to environment.
2025-04-04 02:21:09.113 [restartedMain] INFO  c.e.s.c.e.DatabasePropertySource - Initializing DatabasePropertySource: Loading properties from database...
2025-04-04 02:21:09.119 [restartedMain] INFO  c.e.s.c.e.DatabasePropertySource - Loaded 0 properties from database into DatabasePropertySource cache.
2025-04-04 02:21:09.120 [restartedMain] INFO  c.e.s.c.e.DatabasePropertySourceAdder - Successfully added DatabasePropertySource to environment.
2025-04-04 02:21:09.122 [restartedMain] INFO  c.e.s.SatellitePlatformApplication - Started SatellitePlatformApplication in 6.43 seconds (process running for 337.297)
2025-04-04 02:21:09.158 [restartedMain] DEBUG c.e.s.m.u.config.DataInitializer - Admin user(s) already exist. Skipping initial admin creation.
2025-04-04 02:24:53.869 [restartedMain] INFO  c.e.s.SatellitePlatformApplication - Starting SatellitePlatformApplication using Java 17.0.12 with PID 38388 (C:\Users\HP\OneDrive\Documents\PFA\SatellitePlatformApplication\Satellite_Platform_Application\target\classes started by HP in C:\Users\HP\OneDrive\Documents\PFA\SatellitePlatformApplication\Satellite_Platform_Application)
2025-04-04 02:24:53.869 [restartedMain] DEBUG c.e.s.SatellitePlatformApplication - Running with Spring Boot v3.3.10, Spring v6.1.18
2025-04-04 02:24:53.870 [restartedMain] INFO  c.e.s.SatellitePlatformApplication - No active profile set, falling back to 1 default profile: "default"
2025-04-04 02:24:55.749 [restartedMain] INFO  c.e.s.config.JwtConfig - JWT Secret: N5xG1aT7q8v2Hq1K3rJ6bC9m5W+Pq2L7Jz9P4w==
2025-04-04 02:24:55.750 [restartedMain] INFO  c.e.s.config.JwtConfig - JWT Expiration: 86400000
2025-04-04 02:24:55.778 [restartedMain] INFO  c.e.s.config.MongoConfig - Creating MongoClient bean with URI from environment...
2025-04-04 02:24:55.780 [restartedMain] DEBUG c.e.s.config.MongoConfig - MongoClient created for URI: mongodb://localhost:27017/satellite_platform
2025-04-04 02:24:56.117 [restartedMain] DEBUG c.e.s.m.u.s.J.JwtAuthenticationFilter - Filter 'jwtAuthenticationFilter' configured for use
2025-04-04 02:26:26.507 [restartedMain] INFO  c.e.s.SatellitePlatformApplication - Starting SatellitePlatformApplication using Java 17.0.12 with PID 38388 (C:\Users\HP\OneDrive\Documents\PFA\SatellitePlatformApplication\Satellite_Platform_Application\target\classes started by HP in C:\Users\HP\OneDrive\Documents\PFA\SatellitePlatformApplication\Satellite_Platform_Application)
2025-04-04 02:26:26.508 [restartedMain] DEBUG c.e.s.SatellitePlatformApplication - Running with Spring Boot v3.3.10, Spring v6.1.18
2025-04-04 02:26:26.509 [restartedMain] INFO  c.e.s.SatellitePlatformApplication - No active profile set, falling back to 1 default profile: "default"
2025-04-04 02:26:28.325 [restartedMain] INFO  c.e.s.config.JwtConfig - JWT Secret: N5xG1aT7q8v2Hq1K3rJ6bC9m5W+Pq2L7Jz9P4w==
2025-04-04 02:26:28.325 [restartedMain] INFO  c.e.s.config.JwtConfig - JWT Expiration: 86400000
2025-04-04 02:26:28.349 [restartedMain] INFO  c.e.s.config.MongoConfig - Creating MongoClient bean with URI from environment...
2025-04-04 02:26:28.350 [restartedMain] DEBUG c.e.s.config.MongoConfig - MongoClient created for URI: mongodb://localhost:27017/satellite_platform
2025-04-04 02:26:28.643 [restartedMain] DEBUG c.e.s.m.u.s.J.JwtAuthenticationFilter - Filter 'jwtAuthenticationFilter' configured for use
2025-04-04 02:27:50.290 [restartedMain] INFO  c.e.s.SatellitePlatformApplication - Starting SatellitePlatformApplication using Java 17.0.12 with PID 38388 (C:\Users\HP\OneDrive\Documents\PFA\SatellitePlatformApplication\Satellite_Platform_Application\target\classes started by HP in C:\Users\HP\OneDrive\Documents\PFA\SatellitePlatformApplication\Satellite_Platform_Application)
2025-04-04 02:27:50.290 [restartedMain] DEBUG c.e.s.SatellitePlatformApplication - Running with Spring Boot v3.3.10, Spring v6.1.18
2025-04-04 02:27:50.290 [restartedMain] INFO  c.e.s.SatellitePlatformApplication - No active profile set, falling back to 1 default profile: "default"
2025-04-04 02:27:52.120 [restartedMain] INFO  c.e.s.config.JwtConfig - JWT Secret: N5xG1aT7q8v2Hq1K3rJ6bC9m5W+Pq2L7Jz9P4w==
2025-04-04 02:27:52.120 [restartedMain] INFO  c.e.s.config.JwtConfig - JWT Expiration: 86400000
2025-04-04 02:27:52.149 [restartedMain] INFO  c.e.s.config.MongoConfig - Creating MongoClient bean with URI from environment...
2025-04-04 02:27:52.150 [restartedMain] DEBUG c.e.s.config.MongoConfig - MongoClient created for URI: mongodb://localhost:27017/satellite_platform
2025-04-04 02:27:52.409 [restartedMain] DEBUG c.e.s.m.u.s.J.JwtAuthenticationFilter - Filter 'jwtAuthenticationFilter' configured for use
2025-04-04 02:28:46.592 [restartedMain] INFO  c.e.s.SatellitePlatformApplication - Starting SatellitePlatformApplication using Java 17.0.12 with PID 38388 (C:\Users\HP\OneDrive\Documents\PFA\SatellitePlatformApplication\Satellite_Platform_Application\target\classes started by HP in C:\Users\HP\OneDrive\Documents\PFA\SatellitePlatformApplication\Satellite_Platform_Application)
2025-04-04 02:28:46.592 [restartedMain] DEBUG c.e.s.SatellitePlatformApplication - Running with Spring Boot v3.3.10, Spring v6.1.18
2025-04-04 02:28:46.594 [restartedMain] INFO  c.e.s.SatellitePlatformApplication - No active profile set, falling back to 1 default profile: "default"
2025-04-04 02:28:48.382 [restartedMain] INFO  c.e.s.config.JwtConfig - JWT Secret: N5xG1aT7q8v2Hq1K3rJ6bC9m5W+Pq2L7Jz9P4w==
2025-04-04 02:28:48.382 [restartedMain] INFO  c.e.s.config.JwtConfig - JWT Expiration: 86400000
2025-04-04 02:28:48.405 [restartedMain] INFO  c.e.s.config.MongoConfig - Creating MongoClient bean with URI from environment...
2025-04-04 02:28:48.406 [restartedMain] DEBUG c.e.s.config.MongoConfig - MongoClient created for URI: mongodb://localhost:27017/satellite_platform
2025-04-04 02:28:48.684 [restartedMain] DEBUG c.e.s.m.u.s.J.JwtAuthenticationFilter - Filter 'jwtAuthenticationFilter' configured for use
2025-04-04 02:29:07.799 [restartedMain] INFO  c.e.s.SatellitePlatformApplication - Starting SatellitePlatformApplication using Java 17.0.12 with PID 38388 (C:\Users\HP\OneDrive\Documents\PFA\SatellitePlatformApplication\Satellite_Platform_Application\target\classes started by HP in C:\Users\HP\OneDrive\Documents\PFA\SatellitePlatformApplication\Satellite_Platform_Application)
2025-04-04 02:29:07.800 [restartedMain] DEBUG c.e.s.SatellitePlatformApplication - Running with Spring Boot v3.3.10, Spring v6.1.18
2025-04-04 02:29:07.800 [restartedMain] INFO  c.e.s.SatellitePlatformApplication - No active profile set, falling back to 1 default profile: "default"
2025-04-04 02:29:09.670 [restartedMain] INFO  c.e.s.config.JwtConfig - JWT Secret: N5xG1aT7q8v2Hq1K3rJ6bC9m5W+Pq2L7Jz9P4w==
2025-04-04 02:29:09.670 [restartedMain] INFO  c.e.s.config.JwtConfig - JWT Expiration: 86400000
2025-04-04 02:29:09.702 [restartedMain] INFO  c.e.s.config.MongoConfig - Creating MongoClient bean with URI from environment...
2025-04-04 02:29:09.704 [restartedMain] DEBUG c.e.s.config.MongoConfig - MongoClient created for URI: mongodb://localhost:27017/satellite_platform
2025-04-04 02:29:10.159 [restartedMain] DEBUG c.e.s.m.u.s.J.JwtAuthenticationFilter - Filter 'jwtAuthenticationFilter' configured for use
2025-04-04 02:29:42.522 [restartedMain] INFO  c.e.s.SatellitePlatformApplication - Starting SatellitePlatformApplication using Java 17.0.12 with PID 38388 (C:\Users\HP\OneDrive\Documents\PFA\SatellitePlatformApplication\Satellite_Platform_Application\target\classes started by HP in C:\Users\HP\OneDrive\Documents\PFA\SatellitePlatformApplication\Satellite_Platform_Application)
2025-04-04 02:29:42.540 [restartedMain] DEBUG c.e.s.SatellitePlatformApplication - Running with Spring Boot v3.3.10, Spring v6.1.18
2025-04-04 02:29:42.540 [restartedMain] INFO  c.e.s.SatellitePlatformApplication - No active profile set, falling back to 1 default profile: "default"
2025-04-04 02:29:44.239 [restartedMain] INFO  c.e.s.config.JwtConfig - JWT Secret: N5xG1aT7q8v2Hq1K3rJ6bC9m5W+Pq2L7Jz9P4w==
2025-04-04 02:29:44.240 [restartedMain] INFO  c.e.s.config.JwtConfig - JWT Expiration: 86400000
2025-04-04 02:29:44.265 [restartedMain] INFO  c.e.s.config.MongoConfig - Creating MongoClient bean with URI from environment...
2025-04-04 02:29:44.266 [restartedMain] DEBUG c.e.s.config.MongoConfig - MongoClient created for URI: mongodb://localhost:27017/satellite_platform
2025-04-04 02:29:44.527 [restartedMain] DEBUG c.e.s.m.u.s.J.JwtAuthenticationFilter - Filter 'jwtAuthenticationFilter' configured for use
2025-04-04 02:29:44.899 [restartedMain] INFO  c.e.s.m.u.a.services.AuditLogService - Audit log path initialized to: C:\logs\audit.log
2025-04-04 02:29:46.149 [restartedMain] INFO  c.e.s.m.m.c.RabbitMQListenerConfig - Setting RabbitMQ listener prefetch count to: 10
2025-04-04 02:29:47.781 [restartedMain] INFO  c.e.s.c.c.ProcessingResponseCacheHandler - ProcessingResponseCacheHandler initialized with ResultsRepository and ResultsMapper.
2025-04-04 02:29:47.784 [restartedMain] INFO  c.e.s.c.c.ProcessingResponseCacheHandler - Scheduled cache cleanup task with cron expression: 0 0 3 * * ?
2025-04-04 02:29:47.874 [restartedMain] INFO  c.e.s.c.e.DatabasePropertySourceAdder - ContextRefreshedEvent received. Adding DatabasePropertySource to environment.
2025-04-04 02:29:47.874 [restartedMain] INFO  c.e.s.c.e.DatabasePropertySource - Initializing DatabasePropertySource: Loading properties from database...
2025-04-04 02:29:47.878 [restartedMain] INFO  c.e.s.c.e.DatabasePropertySource - Loaded 0 properties from database into DatabasePropertySource cache.
2025-04-04 02:29:47.879 [restartedMain] INFO  c.e.s.c.e.DatabasePropertySourceAdder - Successfully added DatabasePropertySource to environment.
2025-04-04 02:29:47.880 [restartedMain] INFO  c.e.s.SatellitePlatformApplication - Started SatellitePlatformApplication in 5.681 seconds (process running for 856.055)
2025-04-04 02:29:47.915 [restartedMain] DEBUG c.e.s.m.u.config.DataInitializer - Admin user(s) already exist. Skipping initial admin creation.
2025-04-04 02:30:18.050 [restartedMain] INFO  c.e.s.SatellitePlatformApplication - Starting SatellitePlatformApplication using Java 17.0.12 with PID 38388 (C:\Users\HP\OneDrive\Documents\PFA\SatellitePlatformApplication\Satellite_Platform_Application\target\classes started by HP in C:\Users\HP\OneDrive\Documents\PFA\SatellitePlatformApplication\Satellite_Platform_Application)
2025-04-04 02:30:18.050 [restartedMain] DEBUG c.e.s.SatellitePlatformApplication - Running with Spring Boot v3.3.10, Spring v6.1.18
2025-04-04 02:30:18.051 [restartedMain] INFO  c.e.s.SatellitePlatformApplication - No active profile set, falling back to 1 default profile: "default"
2025-04-04 02:30:20.732 [restartedMain] INFO  c.e.s.config.JwtConfig - JWT Secret: N5xG1aT7q8v2Hq1K3rJ6bC9m5W+Pq2L7Jz9P4w==
2025-04-04 02:30:20.733 [restartedMain] INFO  c.e.s.config.JwtConfig - JWT Expiration: 86400000
2025-04-04 02:30:20.757 [restartedMain] INFO  c.e.s.config.MongoConfig - Creating MongoClient bean with URI from environment...
2025-04-04 02:30:20.757 [restartedMain] DEBUG c.e.s.config.MongoConfig - MongoClient created for URI: mongodb://localhost:27017/satellite_platform
2025-04-04 02:30:21.035 [restartedMain] DEBUG c.e.s.m.u.s.J.JwtAuthenticationFilter - Filter 'jwtAuthenticationFilter' configured for use
2025-04-04 02:30:21.437 [restartedMain] INFO  c.e.s.m.u.a.services.AuditLogService - Audit log path initialized to: C:\logs\audit.log
2025-04-04 02:30:22.636 [restartedMain] INFO  c.e.s.m.m.c.RabbitMQListenerConfig - Setting RabbitMQ listener prefetch count to: 10
2025-04-04 02:30:24.308 [restartedMain] INFO  c.e.s.c.c.ProcessingResponseCacheHandler - ProcessingResponseCacheHandler initialized with ResultsRepository and ResultsMapper.
2025-04-04 02:30:24.313 [restartedMain] INFO  c.e.s.c.c.ProcessingResponseCacheHandler - Scheduled cache cleanup task with cron expression: 0 0 3 * * ?
2025-04-04 02:30:24.419 [restartedMain] INFO  c.e.s.c.e.DatabasePropertySourceAdder - ContextRefreshedEvent received. Adding DatabasePropertySource to environment.
2025-04-04 02:30:24.420 [restartedMain] INFO  c.e.s.c.e.DatabasePropertySource - Initializing DatabasePropertySource: Loading properties from database...
2025-04-04 02:30:24.430 [restartedMain] INFO  c.e.s.c.e.DatabasePropertySource - Loaded 0 properties from database into DatabasePropertySource cache.
2025-04-04 02:30:24.431 [restartedMain] INFO  c.e.s.c.e.DatabasePropertySourceAdder - Successfully added DatabasePropertySource to environment.
2025-04-04 02:30:24.433 [restartedMain] INFO  c.e.s.SatellitePlatformApplication - Started SatellitePlatformApplication in 6.65 seconds (process running for 892.609)
2025-04-04 02:30:24.475 [restartedMain] DEBUG c.e.s.m.u.config.DataInitializer - Admin user(s) already exist. Skipping initial admin creation.
2025-04-04 02:30:54.505 [restartedMain] INFO  c.e.s.SatellitePlatformApplication - Starting SatellitePlatformApplication using Java 17.0.12 with PID 38388 (C:\Users\HP\OneDrive\Documents\PFA\SatellitePlatformApplication\Satellite_Platform_Application\target\classes started by HP in C:\Users\HP\OneDrive\Documents\PFA\SatellitePlatformApplication\Satellite_Platform_Application)
2025-04-04 02:30:54.506 [restartedMain] DEBUG c.e.s.SatellitePlatformApplication - Running with Spring Boot v3.3.10, Spring v6.1.18
2025-04-04 02:30:54.506 [restartedMain] INFO  c.e.s.SatellitePlatformApplication - No active profile set, falling back to 1 default profile: "default"
2025-04-04 02:30:56.940 [restartedMain] INFO  c.e.s.config.JwtConfig - JWT Secret: N5xG1aT7q8v2Hq1K3rJ6bC9m5W+Pq2L7Jz9P4w==
2025-04-04 02:30:56.940 [restartedMain] INFO  c.e.s.config.JwtConfig - JWT Expiration: 86400000
2025-04-04 02:30:56.987 [restartedMain] INFO  c.e.s.config.MongoConfig - Creating MongoClient bean with URI from environment...
2025-04-04 02:30:56.988 [restartedMain] DEBUG c.e.s.config.MongoConfig - MongoClient created for URI: mongodb://localhost:27017/satellite_platform
2025-04-04 02:30:57.402 [restartedMain] DEBUG c.e.s.m.u.s.J.JwtAuthenticationFilter - Filter 'jwtAuthenticationFilter' configured for use
2025-04-04 02:30:57.834 [restartedMain] INFO  c.e.s.m.u.a.services.AuditLogService - Audit log path initialized to: C:\logs\audit.log
2025-04-04 02:30:59.174 [restartedMain] INFO  c.e.s.m.m.c.RabbitMQListenerConfig - Setting RabbitMQ listener prefetch count to: 10
2025-04-04 02:31:01.531 [restartedMain] INFO  c.e.s.c.c.ProcessingResponseCacheHandler - ProcessingResponseCacheHandler initialized with ResultsRepository and ResultsMapper.
2025-04-04 02:31:01.535 [restartedMain] INFO  c.e.s.c.c.ProcessingResponseCacheHandler - Scheduled cache cleanup task with cron expression: 0 0 3 * * ?
2025-04-04 02:31:01.656 [restartedMain] INFO  c.e.s.c.e.DatabasePropertySourceAdder - ContextRefreshedEvent received. Adding DatabasePropertySource to environment.
2025-04-04 02:31:01.657 [restartedMain] INFO  c.e.s.c.e.DatabasePropertySource - Initializing DatabasePropertySource: Loading properties from database...
2025-04-04 02:31:01.663 [restartedMain] INFO  c.e.s.c.e.DatabasePropertySource - Loaded 0 properties from database into DatabasePropertySource cache.
2025-04-04 02:31:01.665 [restartedMain] INFO  c.e.s.c.e.DatabasePropertySourceAdder - Successfully added DatabasePropertySource to environment.
2025-04-04 02:31:01.667 [restartedMain] INFO  c.e.s.SatellitePlatformApplication - Started SatellitePlatformApplication in 7.464 seconds (process running for 929.842)
2025-04-04 02:31:01.696 [restartedMain] DEBUG c.e.s.m.u.config.DataInitializer - Admin user(s) already exist. Skipping initial admin creation.
2025-04-04 02:31:04.742 [restartedMain] INFO  c.e.s.SatellitePlatformApplication - Starting SatellitePlatformApplication using Java 17.0.12 with PID 38388 (C:\Users\HP\OneDrive\Documents\PFA\SatellitePlatformApplication\Satellite_Platform_Application\target\classes started by HP in C:\Users\HP\OneDrive\Documents\PFA\SatellitePlatformApplication\Satellite_Platform_Application)
2025-04-04 02:31:04.743 [restartedMain] DEBUG c.e.s.SatellitePlatformApplication - Running with Spring Boot v3.3.10, Spring v6.1.18
2025-04-04 02:31:04.743 [restartedMain] INFO  c.e.s.SatellitePlatformApplication - No active profile set, falling back to 1 default profile: "default"
2025-04-04 02:31:06.662 [restartedMain] INFO  c.e.s.config.JwtConfig - JWT Secret: N5xG1aT7q8v2Hq1K3rJ6bC9m5W+Pq2L7Jz9P4w==
2025-04-04 02:31:06.663 [restartedMain] INFO  c.e.s.config.JwtConfig - JWT Expiration: 86400000
2025-04-04 02:31:06.689 [restartedMain] INFO  c.e.s.config.MongoConfig - Creating MongoClient bean with URI from environment...
2025-04-04 02:31:06.689 [restartedMain] DEBUG c.e.s.config.MongoConfig - MongoClient created for URI: mongodb://localhost:27017/satellite_platform
2025-04-04 02:31:06.961 [restartedMain] DEBUG c.e.s.m.u.s.J.JwtAuthenticationFilter - Filter 'jwtAuthenticationFilter' configured for use
2025-04-04 02:31:07.328 [restartedMain] INFO  c.e.s.m.u.a.services.AuditLogService - Audit log path initialized to: C:\logs\audit.log
2025-04-04 02:31:08.559 [restartedMain] INFO  c.e.s.m.m.c.RabbitMQListenerConfig - Setting RabbitMQ listener prefetch count to: 10
2025-04-04 02:31:10.174 [restartedMain] INFO  c.e.s.c.c.ProcessingResponseCacheHandler - ProcessingResponseCacheHandler initialized with ResultsRepository and ResultsMapper.
2025-04-04 02:31:10.176 [restartedMain] INFO  c.e.s.c.c.ProcessingResponseCacheHandler - Scheduled cache cleanup task with cron expression: 0 0 3 * * ?
2025-04-04 02:31:10.283 [restartedMain] INFO  c.e.s.c.e.DatabasePropertySourceAdder - ContextRefreshedEvent received. Adding DatabasePropertySource to environment.
2025-04-04 02:31:10.284 [restartedMain] INFO  c.e.s.c.e.DatabasePropertySource - Initializing DatabasePropertySource: Loading properties from database...
2025-04-04 02:31:10.288 [restartedMain] INFO  c.e.s.c.e.DatabasePropertySource - Loaded 0 properties from database into DatabasePropertySource cache.
2025-04-04 02:31:10.288 [restartedMain] INFO  c.e.s.c.e.DatabasePropertySourceAdder - Successfully added DatabasePropertySource to environment.
2025-04-04 02:31:10.290 [restartedMain] INFO  c.e.s.SatellitePlatformApplication - Started SatellitePlatformApplication in 5.987 seconds (process running for 938.465)
2025-04-04 02:31:10.321 [restartedMain] DEBUG c.e.s.m.u.config.DataInitializer - Admin user(s) already exist. Skipping initial admin creation.
2025-04-04 02:31:28.648 [restartedMain] INFO  c.e.s.SatellitePlatformApplication - Starting SatellitePlatformApplication using Java 17.0.12 with PID 38388 (C:\Users\HP\OneDrive\Documents\PFA\SatellitePlatformApplication\Satellite_Platform_Application\target\classes started by HP in C:\Users\HP\OneDrive\Documents\PFA\SatellitePlatformApplication\Satellite_Platform_Application)
2025-04-04 02:31:28.649 [restartedMain] DEBUG c.e.s.SatellitePlatformApplication - Running with Spring Boot v3.3.10, Spring v6.1.18
2025-04-04 02:31:28.649 [restartedMain] INFO  c.e.s.SatellitePlatformApplication - No active profile set, falling back to 1 default profile: "default"
2025-04-04 02:31:31.556 [restartedMain] INFO  c.e.s.config.JwtConfig - JWT Secret: N5xG1aT7q8v2Hq1K3rJ6bC9m5W+Pq2L7Jz9P4w==
2025-04-04 02:31:31.558 [restartedMain] INFO  c.e.s.config.JwtConfig - JWT Expiration: 86400000
2025-04-04 02:31:31.583 [restartedMain] INFO  c.e.s.config.MongoConfig - Creating MongoClient bean with URI from environment...
2025-04-04 02:31:31.585 [restartedMain] DEBUG c.e.s.config.MongoConfig - MongoClient created for URI: mongodb://localhost:27017/satellite_platform
2025-04-04 02:31:31.992 [restartedMain] DEBUG c.e.s.m.u.s.J.JwtAuthenticationFilter - Filter 'jwtAuthenticationFilter' configured for use
2025-04-04 02:31:35.052 [restartedMain] INFO  c.e.s.SatellitePlatformApplication - Starting SatellitePlatformApplication using Java 17.0.12 with PID 38388 (C:\Users\HP\OneDrive\Documents\PFA\SatellitePlatformApplication\Satellite_Platform_Application\target\classes started by HP in C:\Users\HP\OneDrive\Documents\PFA\SatellitePlatformApplication\Satellite_Platform_Application)
2025-04-04 02:31:35.052 [restartedMain] DEBUG c.e.s.SatellitePlatformApplication - Running with Spring Boot v3.3.10, Spring v6.1.18
2025-04-04 02:31:35.053 [restartedMain] INFO  c.e.s.SatellitePlatformApplication - No active profile set, falling back to 1 default profile: "default"
2025-04-04 02:31:37.444 [restartedMain] INFO  c.e.s.config.JwtConfig - JWT Secret: N5xG1aT7q8v2Hq1K3rJ6bC9m5W+Pq2L7Jz9P4w==
2025-04-04 02:31:37.446 [restartedMain] INFO  c.e.s.config.JwtConfig - JWT Expiration: 86400000
2025-04-04 02:31:37.474 [restartedMain] INFO  c.e.s.config.MongoConfig - Creating MongoClient bean with URI from environment...
2025-04-04 02:31:37.474 [restartedMain] DEBUG c.e.s.config.MongoConfig - MongoClient created for URI: mongodb://localhost:27017/satellite_platform
2025-04-04 02:31:37.752 [restartedMain] DEBUG c.e.s.m.u.s.J.JwtAuthenticationFilter - Filter 'jwtAuthenticationFilter' configured for use
2025-04-04 02:31:38.224 [restartedMain] INFO  c.e.s.m.u.a.services.AuditLogService - Audit log path initialized to: C:\logs\audit.log
2025-04-04 02:31:39.619 [restartedMain] INFO  c.e.s.m.m.c.RabbitMQListenerConfig - Setting RabbitMQ listener prefetch count to: 10
2025-04-04 02:31:41.323 [restartedMain] INFO  c.e.s.c.c.ProcessingResponseCacheHandler - ProcessingResponseCacheHandler initialized with ResultsRepository and ResultsMapper.
2025-04-04 02:31:41.326 [restartedMain] INFO  c.e.s.c.c.ProcessingResponseCacheHandler - Scheduled cache cleanup task with cron expression: 0 0 3 * * ?
2025-04-04 02:31:41.404 [restartedMain] INFO  c.e.s.c.e.DatabasePropertySourceAdder - ContextRefreshedEvent received. Adding DatabasePropertySource to environment.
2025-04-04 02:31:41.405 [restartedMain] INFO  c.e.s.c.e.DatabasePropertySource - Initializing DatabasePropertySource: Loading properties from database...
2025-04-04 02:31:41.410 [restartedMain] INFO  c.e.s.c.e.DatabasePropertySource - Loaded 0 properties from database into DatabasePropertySource cache.
2025-04-04 02:31:41.411 [restartedMain] INFO  c.e.s.c.e.DatabasePropertySourceAdder - Successfully added DatabasePropertySource to environment.
2025-04-04 02:31:41.413 [restartedMain] INFO  c.e.s.SatellitePlatformApplication - Started SatellitePlatformApplication in 6.691 seconds (process running for 969.587)
2025-04-04 02:31:41.440 [restartedMain] DEBUG c.e.s.m.u.config.DataInitializer - Admin user(s) already exist. Skipping initial admin creation.
2025-04-04 02:31:54.442 [restartedMain] INFO  c.e.s.SatellitePlatformApplication - Starting SatellitePlatformApplication using Java 17.0.12 with PID 38388 (C:\Users\HP\OneDrive\Documents\PFA\SatellitePlatformApplication\Satellite_Platform_Application\target\classes started by HP in C:\Users\HP\OneDrive\Documents\PFA\SatellitePlatformApplication\Satellite_Platform_Application)
2025-04-04 02:31:54.443 [restartedMain] DEBUG c.e.s.SatellitePlatformApplication - Running with Spring Boot v3.3.10, Spring v6.1.18
2025-04-04 02:31:54.443 [restartedMain] INFO  c.e.s.SatellitePlatformApplication - No active profile set, falling back to 1 default profile: "default"
2025-04-04 02:31:57.040 [restartedMain] INFO  c.e.s.config.JwtConfig - JWT Secret: N5xG1aT7q8v2Hq1K3rJ6bC9m5W+Pq2L7Jz9P4w==
2025-04-04 02:31:57.041 [restartedMain] INFO  c.e.s.config.JwtConfig - JWT Expiration: 86400000
2025-04-04 02:31:57.073 [restartedMain] INFO  c.e.s.config.MongoConfig - Creating MongoClient bean with URI from environment...
2025-04-04 02:31:57.074 [restartedMain] DEBUG c.e.s.config.MongoConfig - MongoClient created for URI: mongodb://localhost:27017/satellite_platform
2025-04-04 02:31:57.426 [restartedMain] DEBUG c.e.s.m.u.s.J.JwtAuthenticationFilter - Filter 'jwtAuthenticationFilter' configured for use
2025-04-04 02:31:57.835 [restartedMain] INFO  c.e.s.m.u.a.services.AuditLogService - Audit log path initialized to: C:\logs\audit.log
2025-04-04 02:31:59.182 [restartedMain] INFO  c.e.s.m.m.c.RabbitMQListenerConfig - Setting RabbitMQ listener prefetch count to: 10
2025-04-04 02:32:00.750 [restartedMain] INFO  c.e.s.c.c.ProcessingResponseCacheHandler - ProcessingResponseCacheHandler initialized with ResultsRepository and ResultsMapper.
2025-04-04 02:32:00.752 [restartedMain] INFO  c.e.s.c.c.ProcessingResponseCacheHandler - Scheduled cache cleanup task with cron expression: 0 0 3 * * ?
2025-04-04 02:32:00.839 [restartedMain] INFO  c.e.s.c.e.DatabasePropertySourceAdder - ContextRefreshedEvent received. Adding DatabasePropertySource to environment.
2025-04-04 02:32:00.840 [restartedMain] INFO  c.e.s.c.e.DatabasePropertySource - Initializing DatabasePropertySource: Loading properties from database...
2025-04-04 02:32:00.844 [restartedMain] INFO  c.e.s.c.e.DatabasePropertySource - Loaded 0 properties from database into DatabasePropertySource cache.
2025-04-04 02:32:00.845 [restartedMain] INFO  c.e.s.c.e.DatabasePropertySourceAdder - Successfully added DatabasePropertySource to environment.
2025-04-04 02:32:00.847 [restartedMain] INFO  c.e.s.SatellitePlatformApplication - Started SatellitePlatformApplication in 6.684 seconds (process running for 989.022)
2025-04-04 02:32:00.888 [restartedMain] DEBUG c.e.s.m.u.config.DataInitializer - Admin user(s) already exist. Skipping initial admin creation.
2025-04-04 03:00:00.001 [MessageBroker-6] INFO  c.e.s.c.c.g.CacheHandler - Starting scheduled cache cleanup for infrequently used entries...
2025-04-04 03:00:00.002 [MessageBroker-3] INFO  c.e.s.m.m.s.MessageCleanupService - Starting scheduled message cleanup job...
2025-04-04 03:00:01.439 [MessageBroker-6] INFO  c.e.s.c.c.g.CacheHandler - No infrequently used/old cache entries found to clean.
2025-04-04 03:00:01.440 [MessageBroker-6] INFO  c.e.s.c.c.g.CacheHandler - Finished scheduled cache cleanup.
2025-04-04 03:12:26.602 [http-nio-8080-exec-1] INFO  c.e.s.c.RequestResponseLoggingFilter - >>> Request [48a91a66]: POST /api/auth/signup from 127.0.0.1 - Body: [empty]
2025-04-04 03:12:56.774 [http-nio-8080-exec-1] INFO  c.e.s.c.RequestResponseLoggingFilter - <<< Response [48a91a66]: Status 400 in 30172ms - Body: An error occurred during registration: Timed out while waiting for a server that matches ReadPreferenceServerSelector{readPreference=primary}. Client view of cluster state is {type=UNKNOWN, servers=[{address=localhost:27017, type=UNKNOWN, state=CONNECTING, exception={com.mongodb.MongoSocketOpenException: Exception opening socket}, caused by {java.net.ConnectException: Connection refused: no further information}}]
2025-04-04 03:13:22.711 [http-nio-8080-exec-2] INFO  c.e.s.c.RequestResponseLoggingFilter - >>> Request [c4390d10]: POST /api/auth/signup from 127.0.0.1 - Body: [empty]
2025-04-04 03:13:22.993 [http-nio-8080-exec-2] INFO  c.e.s.m.u.u.services.UserService - User signed up successfully with email: yobtot2@gmail.com
2025-04-04 03:13:22.996 [http-nio-8080-exec-2] INFO  c.e.s.c.RequestResponseLoggingFilter - <<< Response [c4390d10]: Status 200 in 285ms - Body: User registered successfully.
2025-04-04 03:13:29.344 [http-nio-8080-exec-3] INFO  c.e.s.c.RequestResponseLoggingFilter - >>> Request [2952bf11]: POST /api/auth/signup from 127.0.0.1 - Body: [empty]
2025-04-04 03:13:29.395 [http-nio-8080-exec-3] WARN  c.e.s.m.u.u.services.UserService - Duplicate email 'yobtot2@gmail.com' attempted during signup
2025-04-04 03:13:29.399 [http-nio-8080-exec-3] INFO  c.e.s.c.RequestResponseLoggingFilter - <<< Response [2952bf11]: Status 400 in 55ms - Body: Email 'yobtot2@gmail.com' is already in use! Please use a different email or login instead.
2025-04-04 03:13:35.275 [http-nio-8080-exec-4] INFO  c.e.s.c.RequestResponseLoggingFilter - >>> Request [5a6ef09d]: POST /api/auth/signin from 127.0.0.1 - Body: [empty]
2025-04-04 03:13:35.668 [http-nio-8080-exec-4] INFO  c.e.s.m.u.u.services.UserService - User signed in successfully with email: yobtot2@gmail.com
2025-04-04 03:13:35.702 [http-nio-8080-exec-4] INFO  c.e.s.c.RequestResponseLoggingFilter - <<< Response [5a6ef09d]: Status 200 in 426ms - Body: {"token":"eyJhbGciOiJIUzI1NiJ9.eyJyb2xlcyI6WyJST0xFX1RIRU1BVElDSUFOIl0sImVtYWlsIjoieW9idG90MkBnbWFpbC5jb20iLCJuYW1lIjoieW9idG90MkBnbWFpbC5jb20iLCJzdWIiOiJ5b2J0b3QyQGdtYWlsLmNvbSIsImlhdCI6MTc0MzczMjgxNSwiZXhwIjoxNzQzODE5MjE1fQ.ukJy7jyL1IOYurUMQC4VP_6W2yeJO7Fce9eHnnLUv8c","userId":"67ef40427d0824229fdfff63"}
2025-04-04 03:13:35.746 [SimpleAsyncTaskExecutor-1] DEBUG c.e.s.m.u.a.s.ActivityLogService - Logged activity: User='yobtot2@gmail.com', Action='USER_LOGIN'
2025-04-04 03:16:52.677 [restartedMain] INFO  c.e.s.SatellitePlatformApplication - Starting SatellitePlatformApplication using Java 17.0.12 with PID 34348 (C:\Users\HP\OneDrive\Documents\PFA\SatellitePlatformApplication\Satellite_Platform_Application\target\classes started by HP in C:\Users\HP\OneDrive\Documents\PFA\SatellitePlatformApplication\Satellite_Platform_Application)
2025-04-04 03:16:52.689 [restartedMain] DEBUG c.e.s.SatellitePlatformApplication - Running with Spring Boot v3.3.10, Spring v6.1.18
2025-04-04 03:16:52.693 [restartedMain] INFO  c.e.s.SatellitePlatformApplication - No active profile set, falling back to 1 default profile: "default"
2025-04-04 03:17:09.883 [restartedMain] INFO  c.e.s.config.JwtConfig - JWT Secret: N5xG1aT7q8v2Hq1K3rJ6bC9m5W+Pq2L7Jz9P4w==
2025-04-04 03:17:09.897 [restartedMain] INFO  c.e.s.config.JwtConfig - JWT Expiration: 86400000
2025-04-04 03:17:10.089 [restartedMain] INFO  c.e.s.config.MongoConfig - Creating MongoClient bean with URI from environment...
2025-04-04 03:17:10.819 [restartedMain] DEBUG c.e.s.config.MongoConfig - MongoClient created for URI: mongodb://localhost:27017/satellite_platform
2025-04-04 03:17:15.908 [restartedMain] DEBUG c.e.s.m.u.s.J.JwtAuthenticationFilter - Filter 'jwtAuthenticationFilter' configured for use
2025-04-04 03:17:18.082 [restartedMain] INFO  c.e.s.m.u.a.services.AuditLogService - Audit log path initialized to: C:\logs\audit.log
2025-04-04 03:17:29.015 [restartedMain] INFO  c.e.s.m.m.c.RabbitMQListenerConfig - Setting RabbitMQ listener prefetch count to: 10
2025-04-04 03:17:33.408 [restartedMain] INFO  c.e.s.c.c.ProcessingResponseCacheHandler - ProcessingResponseCacheHandler initialized with ResultsRepository and ResultsMapper.
2025-04-04 03:17:33.422 [restartedMain] INFO  c.e.s.c.c.ProcessingResponseCacheHandler - Scheduled cache cleanup task with cron expression: 0 0 3 * * ?
2025-04-04 03:17:33.634 [restartedMain] INFO  c.e.s.c.e.DatabasePropertySourceAdder - ContextRefreshedEvent received. Adding DatabasePropertySource to environment.
2025-04-04 03:17:33.635 [restartedMain] INFO  c.e.s.c.e.DatabasePropertySource - Initializing DatabasePropertySource: Loading properties from database...
2025-04-04 03:17:33.737 [restartedMain] INFO  c.e.s.c.e.DatabasePropertySource - Loaded 0 properties from database into DatabasePropertySource cache.
2025-04-04 03:17:33.737 [restartedMain] INFO  c.e.s.c.e.DatabasePropertySourceAdder - Successfully added DatabasePropertySource to environment.
2025-04-04 03:17:33.742 [restartedMain] INFO  c.e.s.SatellitePlatformApplication - Started SatellitePlatformApplication in 44.95 seconds (process running for 46.762)
2025-04-04 03:17:33.877 [restartedMain] DEBUG c.e.s.m.u.config.DataInitializer - Admin user(s) already exist. Skipping initial admin creation.
2025-04-04 03:19:16.249 [http-nio-8080-exec-4] INFO  c.e.s.c.RequestResponseLoggingFilter - >>> Request [97e08916]: POST /api/auth/signin from 127.0.0.1 - Body: [empty]
2025-04-04 03:19:16.748 [http-nio-8080-exec-4] INFO  c.e.s.m.u.u.services.UserService - User signed in successfully with email: yobtot2@gmail.com
2025-04-04 03:19:16.841 [http-nio-8080-exec-4] INFO  c.e.s.c.RequestResponseLoggingFilter - <<< Response [97e08916]: Status 200 in 592ms - Body: {"token":"eyJhbGciOiJIUzI1NiJ9.eyJyb2xlcyI6WyJST0xFX1RIRU1BVElDSUFOIl0sImVtYWlsIjoieW9idG90MkBnbWFpbC5jb20iLCJuYW1lIjoieW9idG90MkBnbWFpbC5jb20iLCJzdWIiOiJ5b2J0b3QyQGdtYWlsLmNvbSIsImlhdCI6MTc0MzczMzE1NiwiZXhwIjoxNzQzODE5NTU2fQ.WROFEufaX5OM--Bs0PrQPSGtiLYGy0fd7pVCHlHmNnQ","userId":"67ef40427d0824229fdfff63"}
2025-04-04 03:19:16.958 [SimpleAsyncTaskExecutor-1] DEBUG c.e.s.m.u.a.s.ActivityLogService - Logged activity: User='yobtot2@gmail.com', Action='USER_LOGIN'
2025-04-04 03:19:53.419 [http-nio-8080-exec-3] INFO  c.e.s.c.RequestResponseLoggingFilter - >>> Request [a0686212]: GET /api/dashboard/stats from 127.0.0.1 - Body: [empty]
2025-04-04 03:19:53.472 [http-nio-8080-exec-3] INFO  c.e.s.m.d.c.DashboardController - Received request for dashboard stats for user: yobtot2@gmail.com
2025-04-04 03:19:53.473 [http-nio-8080-exec-3] INFO  c.e.s.m.d.service.DashboardService - Generating dashboard stats for user: yobtot2@gmail.com
2025-04-04 03:19:53.638 [http-nio-8080-exec-3] INFO  c.e.s.m.d.service.DashboardService - Dashboard stats generated successfully for user: yobtot2@gmail.com
2025-04-04 03:19:53.684 [http-nio-8080-exec-3] INFO  c.e.s.c.RequestResponseLoggingFilter - <<< Response [a0686212]: Status 200 in 265ms - Body: {"totalProjects":0,"totalImages":0,"totalTreatments":0,"totalProjectAccesses":0,"lastProjectAccessTime":null,"lastPlatformLoginTime":null,"recentActivityFeed":[],"mostFrequentAction":"N/A","activityTrend":{"last7DaysCount":0,"previous7DaysCount":0},"recentlyAccessedProjects":[],"sharedByUserCount":0,"sharedWithUserCount":0,"recentImageUploads":[],"totalStorageUsedBytes":0,"processingStatusSummary":{"pendingCount":0,"processingCount":0,"completedCount":0,"failedCount":0},"mostUsedProcessingType":"N/A","averageImagesPerProject":0.0,"averageTreatmentsPerImage":0.0}
2025-04-04 17:24:10.057 [restartedMain] INFO  c.e.s.SatellitePlatformApplication - Starting SatellitePlatformApplication using Java 17.0.12 with PID 34348 (C:\Users\HP\OneDrive\Documents\PFA\SatellitePlatformApplication\Satellite_Platform_Application\target\classes started by HP in C:\Users\HP\OneDrive\Documents\PFA\SatellitePlatformApplication\Satellite_Platform_Application)
2025-04-04 17:24:10.058 [restartedMain] DEBUG c.e.s.SatellitePlatformApplication - Running with Spring Boot v3.3.10, Spring v6.1.18
2025-04-04 17:24:10.058 [restartedMain] INFO  c.e.s.SatellitePlatformApplication - No active profile set, falling back to 1 default profile: "default"
2025-04-04 17:24:13.283 [restartedMain] INFO  c.e.s.config.JwtConfig - JWT Secret: N5xG1aT7q8v2Hq1K3rJ6bC9m5W+Pq2L7Jz9P4w==
2025-04-04 17:24:13.283 [restartedMain] INFO  c.e.s.config.JwtConfig - JWT Expiration: 86400000
2025-04-04 17:24:13.333 [restartedMain] INFO  c.e.s.config.MongoConfig - Creating MongoClient bean with URI from environment...
2025-04-04 17:24:13.336 [restartedMain] DEBUG c.e.s.config.MongoConfig - MongoClient created for URI: mongodb://localhost:27017/satellite_platform
2025-04-04 17:24:13.761 [restartedMain] DEBUG c.e.s.m.u.s.J.JwtAuthenticationFilter - Filter 'jwtAuthenticationFilter' configured for use
2025-04-04 17:24:14.511 [restartedMain] INFO  c.e.s.m.u.a.services.AuditLogService - Audit log path initialized to: C:\logs\audit.log
2025-04-04 17:24:15.971 [restartedMain] INFO  c.e.s.m.m.c.RabbitMQListenerConfig - Setting RabbitMQ listener prefetch count to: 10
2025-04-04 17:24:17.611 [restartedMain] INFO  c.e.s.c.c.ProcessingResponseCacheHandler - ProcessingResponseCacheHandler initialized with ResultsRepository and ResultsMapper.
2025-04-04 17:24:17.613 [restartedMain] INFO  c.e.s.c.c.ProcessingResponseCacheHandler - Scheduled cache cleanup task with cron expression: 0 0 3 * * ?
2025-04-04 17:24:17.693 [restartedMain] INFO  c.e.s.c.e.DatabasePropertySourceAdder - ContextRefreshedEvent received. Adding DatabasePropertySource to environment.
2025-04-04 17:24:17.694 [restartedMain] INFO  c.e.s.c.e.DatabasePropertySource - Initializing DatabasePropertySource: Loading properties from database...
2025-04-04 17:24:17.698 [restartedMain] INFO  c.e.s.c.e.DatabasePropertySource - Loaded 0 properties from database into DatabasePropertySource cache.
2025-04-04 17:24:17.699 [restartedMain] INFO  c.e.s.c.e.DatabasePropertySourceAdder - Successfully added DatabasePropertySource to environment.
2025-04-04 17:24:17.700 [restartedMain] INFO  c.e.s.SatellitePlatformApplication - Started SatellitePlatformApplication in 7.94 seconds (process running for 50853.892)
2025-04-04 17:24:17.730 [restartedMain] DEBUG c.e.s.m.u.config.DataInitializer - Admin user(s) already exist. Skipping initial admin creation.
2025-04-04 17:24:57.698 [restartedMain] INFO  c.e.s.SatellitePlatformApplication - Starting SatellitePlatformApplication using Java 17.0.12 with PID 34348 (C:\Users\HP\OneDrive\Documents\PFA\SatellitePlatformApplication\Satellite_Platform_Application\target\classes started by HP in C:\Users\HP\OneDrive\Documents\PFA\SatellitePlatformApplication\Satellite_Platform_Application)
2025-04-04 17:24:57.699 [restartedMain] DEBUG c.e.s.SatellitePlatformApplication - Running with Spring Boot v3.3.10, Spring v6.1.18
2025-04-04 17:24:57.700 [restartedMain] INFO  c.e.s.SatellitePlatformApplication - No active profile set, falling back to 1 default profile: "default"
2025-04-04 17:24:59.593 [restartedMain] INFO  c.e.s.config.JwtConfig - JWT Secret: N5xG1aT7q8v2Hq1K3rJ6bC9m5W+Pq2L7Jz9P4w==
2025-04-04 17:24:59.593 [restartedMain] INFO  c.e.s.config.JwtConfig - JWT Expiration: 86400000
2025-04-04 17:24:59.614 [restartedMain] INFO  c.e.s.config.MongoConfig - Creating MongoClient bean with URI from environment...
2025-04-04 17:24:59.615 [restartedMain] DEBUG c.e.s.config.MongoConfig - MongoClient created for URI: mongodb://localhost:27017/satellite_platform
2025-04-04 17:24:59.922 [restartedMain] DEBUG c.e.s.m.u.s.J.JwtAuthenticationFilter - Filter 'jwtAuthenticationFilter' configured for use
2025-04-04 17:25:00.309 [restartedMain] INFO  c.e.s.m.u.a.services.AuditLogService - Audit log path initialized to: C:\logs\audit.log
2025-04-04 17:25:01.410 [restartedMain] INFO  c.e.s.m.m.c.RabbitMQListenerConfig - Setting RabbitMQ listener prefetch count to: 10
2025-04-04 17:25:03.062 [restartedMain] INFO  c.e.s.c.c.ProcessingResponseCacheHandler - ProcessingResponseCacheHandler initialized with ResultsRepository and ResultsMapper.
2025-04-04 17:25:03.066 [restartedMain] INFO  c.e.s.c.c.ProcessingResponseCacheHandler - Scheduled cache cleanup task with cron expression: 0 0 3 * * ?
2025-04-04 17:25:03.190 [restartedMain] INFO  c.e.s.c.e.DatabasePropertySourceAdder - ContextRefreshedEvent received. Adding DatabasePropertySource to environment.
2025-04-04 17:25:03.191 [restartedMain] INFO  c.e.s.c.e.DatabasePropertySource - Initializing DatabasePropertySource: Loading properties from database...
2025-04-04 17:25:03.194 [restartedMain] INFO  c.e.s.c.e.DatabasePropertySource - Loaded 0 properties from database into DatabasePropertySource cache.
2025-04-04 17:25:03.194 [restartedMain] INFO  c.e.s.c.e.DatabasePropertySourceAdder - Successfully added DatabasePropertySource to environment.
2025-04-04 17:25:03.196 [restartedMain] INFO  c.e.s.SatellitePlatformApplication - Started SatellitePlatformApplication in 5.719 seconds (process running for 50899.388)
2025-04-04 17:25:03.224 [restartedMain] DEBUG c.e.s.m.u.config.DataInitializer - Admin user(s) already exist. Skipping initial admin creation.
2025-04-04 18:36:38.559 [restartedMain] INFO  c.e.s.SatellitePlatformApplication - Starting SatellitePlatformApplication using Java 17.0.12 with PID 34348 (C:\Users\HP\OneDrive\Documents\PFA\SatellitePlatformApplication\Satellite_Platform_Application\target\classes started by HP in C:\Users\HP\OneDrive\Documents\PFA\SatellitePlatformApplication\Satellite_Platform_Application)
2025-04-04 18:36:38.560 [restartedMain] DEBUG c.e.s.SatellitePlatformApplication - Running with Spring Boot v3.3.10, Spring v6.1.18
2025-04-04 18:36:38.560 [restartedMain] INFO  c.e.s.SatellitePlatformApplication - No active profile set, falling back to 1 default profile: "default"
2025-04-04 18:36:40.244 [restartedMain] INFO  c.e.s.config.JwtConfig - JWT Secret: N5xG1aT7q8v2Hq1K3rJ6bC9m5W+Pq2L7Jz9P4w==
2025-04-04 18:36:40.245 [restartedMain] INFO  c.e.s.config.JwtConfig - JWT Expiration: 86400000
2025-04-04 18:36:40.267 [restartedMain] INFO  c.e.s.config.MongoConfig - Creating MongoClient bean with URI from environment...
2025-04-04 18:36:40.268 [restartedMain] DEBUG c.e.s.config.MongoConfig - MongoClient created for URI: mongodb://localhost:27017/satellite_platform
2025-04-04 18:36:40.546 [restartedMain] DEBUG c.e.s.m.u.s.J.JwtAuthenticationFilter - Filter 'jwtAuthenticationFilter' configured for use
2025-04-04 18:36:48.203 [restartedMain] INFO  c.e.s.SatellitePlatformApplication - Starting SatellitePlatformApplication using Java 17.0.12 with PID 34348 (C:\Users\HP\OneDrive\Documents\PFA\SatellitePlatformApplication\Satellite_Platform_Application\target\classes started by HP in C:\Users\HP\OneDrive\Documents\PFA\SatellitePlatformApplication\Satellite_Platform_Application)
2025-04-04 18:36:48.203 [restartedMain] DEBUG c.e.s.SatellitePlatformApplication - Running with Spring Boot v3.3.10, Spring v6.1.18
2025-04-04 18:36:48.204 [restartedMain] INFO  c.e.s.SatellitePlatformApplication - No active profile set, falling back to 1 default profile: "default"
2025-04-04 18:36:49.573 [restartedMain] INFO  c.e.s.config.JwtConfig - JWT Secret: N5xG1aT7q8v2Hq1K3rJ6bC9m5W+Pq2L7Jz9P4w==
2025-04-04 18:36:49.573 [restartedMain] INFO  c.e.s.config.JwtConfig - JWT Expiration: 86400000
2025-04-04 18:36:49.594 [restartedMain] INFO  c.e.s.config.MongoConfig - Creating MongoClient bean with URI from environment...
2025-04-04 18:36:49.595 [restartedMain] DEBUG c.e.s.config.MongoConfig - MongoClient created for URI: mongodb://localhost:27017/satellite_platform
2025-04-04 18:36:49.860 [restartedMain] DEBUG c.e.s.m.u.s.J.JwtAuthenticationFilter - Filter 'jwtAuthenticationFilter' configured for use
2025-04-04 18:36:50.626 [restartedMain] INFO  c.e.s.m.u.a.services.AuditLogService - Audit log path initialized to: C:\logs\audit.log
2025-04-04 18:36:51.703 [restartedMain] INFO  c.e.s.m.m.c.RabbitMQListenerConfig - Setting RabbitMQ listener prefetch count to: 10
2025-04-04 18:36:53.114 [restartedMain] INFO  c.e.s.c.c.ProcessingResponseCacheHandler - ProcessingResponseCacheHandler initialized with ResultsRepository and ResultsMapper.
2025-04-04 18:36:53.116 [restartedMain] INFO  c.e.s.c.c.ProcessingResponseCacheHandler - Scheduled cache cleanup task with cron expression: 0 0 3 * * ?
2025-04-04 18:36:53.192 [restartedMain] INFO  c.e.s.c.e.DatabasePropertySourceAdder - ContextRefreshedEvent received. Adding DatabasePropertySource to environment.
2025-04-04 18:36:53.193 [restartedMain] INFO  c.e.s.c.e.DatabasePropertySource - Initializing DatabasePropertySource: Loading properties from database...
2025-04-04 18:36:53.196 [restartedMain] INFO  c.e.s.c.e.DatabasePropertySource - Loaded 0 properties from database into DatabasePropertySource cache.
2025-04-04 18:36:53.197 [restartedMain] INFO  c.e.s.c.e.DatabasePropertySourceAdder - Successfully added DatabasePropertySource to environment.
2025-04-04 18:36:53.198 [restartedMain] INFO  c.e.s.SatellitePlatformApplication - Started SatellitePlatformApplication in 5.205 seconds (process running for 55209.391)
2025-04-04 18:36:53.225 [restartedMain] DEBUG c.e.s.m.u.config.DataInitializer - Admin user(s) already exist. Skipping initial admin creation.
2025-04-04 18:37:50.325 [restartedMain] INFO  c.e.s.SatellitePlatformApplication - Starting SatellitePlatformApplication using Java 17.0.12 with PID 34348 (C:\Users\HP\OneDrive\Documents\PFA\SatellitePlatformApplication\Satellite_Platform_Application\target\classes started by HP in C:\Users\HP\OneDrive\Documents\PFA\SatellitePlatformApplication\Satellite_Platform_Application)
2025-04-04 18:37:50.326 [restartedMain] DEBUG c.e.s.SatellitePlatformApplication - Running with Spring Boot v3.3.10, Spring v6.1.18
2025-04-04 18:37:50.326 [restartedMain] INFO  c.e.s.SatellitePlatformApplication - No active profile set, falling back to 1 default profile: "default"
2025-04-04 18:37:51.923 [restartedMain] INFO  c.e.s.config.JwtConfig - JWT Secret: N5xG1aT7q8v2Hq1K3rJ6bC9m5W+Pq2L7Jz9P4w==
2025-04-04 18:37:51.924 [restartedMain] INFO  c.e.s.config.JwtConfig - JWT Expiration: 86400000
2025-04-04 18:37:51.944 [restartedMain] INFO  c.e.s.config.MongoConfig - Creating MongoClient bean with URI from environment...
2025-04-04 18:37:51.944 [restartedMain] DEBUG c.e.s.config.MongoConfig - MongoClient created for URI: mongodb://localhost:27017/satellite_platform
2025-04-04 18:37:52.178 [restartedMain] DEBUG c.e.s.m.u.s.J.JwtAuthenticationFilter - Filter 'jwtAuthenticationFilter' configured for use
2025-04-04 18:37:52.505 [restartedMain] INFO  c.e.s.m.u.a.services.AuditLogService - Audit log path initialized to: C:\logs\audit.log
2025-04-04 18:37:53.838 [restartedMain] INFO  c.e.s.m.m.c.RabbitMQListenerConfig - Setting RabbitMQ listener prefetch count to: 10
2025-04-04 18:37:55.139 [restartedMain] INFO  c.e.s.c.c.ProcessingResponseCacheHandler - ProcessingResponseCacheHandler initialized with ResultsRepository and ResultsMapper.
2025-04-04 18:37:55.141 [restartedMain] INFO  c.e.s.c.c.ProcessingResponseCacheHandler - Scheduled cache cleanup task with cron expression: 0 0 3 * * ?
2025-04-04 18:37:55.211 [restartedMain] INFO  c.e.s.c.e.DatabasePropertySourceAdder - ContextRefreshedEvent received. Adding DatabasePropertySource to environment.
2025-04-04 18:37:55.212 [restartedMain] INFO  c.e.s.c.e.DatabasePropertySource - Initializing DatabasePropertySource: Loading properties from database...
2025-04-04 18:37:55.215 [restartedMain] INFO  c.e.s.c.e.DatabasePropertySource - Loaded 0 properties from database into DatabasePropertySource cache.
2025-04-04 18:37:55.215 [restartedMain] INFO  c.e.s.c.e.DatabasePropertySourceAdder - Successfully added DatabasePropertySource to environment.
2025-04-04 18:37:55.217 [restartedMain] INFO  c.e.s.SatellitePlatformApplication - Started SatellitePlatformApplication in 5.119 seconds (process running for 55271.409)
2025-04-04 18:37:55.234 [restartedMain] DEBUG c.e.s.m.u.config.DataInitializer - Admin user(s) already exist. Skipping initial admin creation.
2025-04-04 18:38:14.938 [restartedMain] INFO  c.e.s.SatellitePlatformApplication - Starting SatellitePlatformApplication using Java 17.0.12 with PID 34348 (C:\Users\HP\OneDrive\Documents\PFA\SatellitePlatformApplication\Satellite_Platform_Application\target\classes started by HP in C:\Users\HP\OneDrive\Documents\PFA\SatellitePlatformApplication\Satellite_Platform_Application)
2025-04-04 18:38:14.938 [restartedMain] DEBUG c.e.s.SatellitePlatformApplication - Running with Spring Boot v3.3.10, Spring v6.1.18
2025-04-04 18:38:14.938 [restartedMain] INFO  c.e.s.SatellitePlatformApplication - No active profile set, falling back to 1 default profile: "default"
2025-04-04 18:38:16.410 [restartedMain] INFO  c.e.s.config.JwtConfig - JWT Secret: N5xG1aT7q8v2Hq1K3rJ6bC9m5W+Pq2L7Jz9P4w==
2025-04-04 18:38:16.410 [restartedMain] INFO  c.e.s.config.JwtConfig - JWT Expiration: 86400000
2025-04-04 18:38:16.430 [restartedMain] INFO  c.e.s.config.MongoConfig - Creating MongoClient bean with URI from environment...
2025-04-04 18:38:16.430 [restartedMain] DEBUG c.e.s.config.MongoConfig - MongoClient created for URI: mongodb://localhost:27017/satellite_platform
2025-04-04 18:38:16.687 [restartedMain] DEBUG c.e.s.m.u.s.J.JwtAuthenticationFilter - Filter 'jwtAuthenticationFilter' configured for use
2025-04-04 18:38:16.982 [restartedMain] INFO  c.e.s.m.u.a.services.AuditLogService - Audit log path initialized to: C:\logs\audit.log
2025-04-04 18:38:17.978 [restartedMain] INFO  c.e.s.m.m.c.RabbitMQListenerConfig - Setting RabbitMQ listener prefetch count to: 10
2025-04-04 18:38:19.441 [restartedMain] INFO  c.e.s.c.c.ProcessingResponseCacheHandler - ProcessingResponseCacheHandler initialized with ResultsRepository and ResultsMapper.
2025-04-04 18:38:19.443 [restartedMain] INFO  c.e.s.c.c.ProcessingResponseCacheHandler - Scheduled cache cleanup task with cron expression: 0 0 3 * * ?
2025-04-04 18:38:19.519 [restartedMain] INFO  c.e.s.c.e.DatabasePropertySourceAdder - ContextRefreshedEvent received. Adding DatabasePropertySource to environment.
2025-04-04 18:38:19.520 [restartedMain] INFO  c.e.s.c.e.DatabasePropertySource - Initializing DatabasePropertySource: Loading properties from database...
2025-04-04 18:38:19.523 [restartedMain] INFO  c.e.s.c.e.DatabasePropertySource - Loaded 0 properties from database into DatabasePropertySource cache.
2025-04-04 18:38:19.523 [restartedMain] INFO  c.e.s.c.e.DatabasePropertySourceAdder - Successfully added DatabasePropertySource to environment.
2025-04-04 18:38:19.525 [restartedMain] INFO  c.e.s.SatellitePlatformApplication - Started SatellitePlatformApplication in 4.783 seconds (process running for 55295.717)
2025-04-04 18:38:19.548 [restartedMain] DEBUG c.e.s.m.u.config.DataInitializer - Admin user(s) already exist. Skipping initial admin creation.
2025-04-04 18:38:56.554 [restartedMain] INFO  c.e.s.SatellitePlatformApplication - Starting SatellitePlatformApplication using Java 17.0.12 with PID 34348 (C:\Users\HP\OneDrive\Documents\PFA\SatellitePlatformApplication\Satellite_Platform_Application\target\classes started by HP in C:\Users\HP\OneDrive\Documents\PFA\SatellitePlatformApplication\Satellite_Platform_Application)
2025-04-04 18:38:56.555 [restartedMain] DEBUG c.e.s.SatellitePlatformApplication - Running with Spring Boot v3.3.10, Spring v6.1.18
2025-04-04 18:38:56.555 [restartedMain] INFO  c.e.s.SatellitePlatformApplication - No active profile set, falling back to 1 default profile: "default"
2025-04-04 18:38:57.931 [restartedMain] INFO  c.e.s.config.JwtConfig - JWT Secret: N5xG1aT7q8v2Hq1K3rJ6bC9m5W+Pq2L7Jz9P4w==
2025-04-04 18:38:57.932 [restartedMain] INFO  c.e.s.config.JwtConfig - JWT Expiration: 86400000
2025-04-04 18:38:57.955 [restartedMain] INFO  c.e.s.config.MongoConfig - Creating MongoClient bean with URI from environment...
2025-04-04 18:38:57.956 [restartedMain] DEBUG c.e.s.config.MongoConfig - MongoClient created for URI: mongodb://localhost:27017/satellite_platform
2025-04-04 18:38:58.188 [restartedMain] DEBUG c.e.s.m.u.s.J.JwtAuthenticationFilter - Filter 'jwtAuthenticationFilter' configured for use
2025-04-04 18:38:58.584 [restartedMain] INFO  c.e.s.m.u.a.services.AuditLogService - Audit log path initialized to: C:\logs\audit.log
2025-04-04 18:38:59.861 [restartedMain] INFO  c.e.s.m.m.c.RabbitMQListenerConfig - Setting RabbitMQ listener prefetch count to: 10
2025-04-04 18:39:01.255 [restartedMain] INFO  c.e.s.c.c.ProcessingResponseCacheHandler - ProcessingResponseCacheHandler initialized with ResultsRepository and ResultsMapper.
2025-04-04 18:39:01.257 [restartedMain] INFO  c.e.s.c.c.ProcessingResponseCacheHandler - Scheduled cache cleanup task with cron expression: 0 0 3 * * ?
2025-04-04 18:39:01.337 [restartedMain] INFO  c.e.s.c.e.DatabasePropertySourceAdder - ContextRefreshedEvent received. Adding DatabasePropertySource to environment.
2025-04-04 18:39:01.338 [restartedMain] INFO  c.e.s.c.e.DatabasePropertySource - Initializing DatabasePropertySource: Loading properties from database...
2025-04-04 18:39:01.342 [restartedMain] INFO  c.e.s.c.e.DatabasePropertySource - Loaded 0 properties from database into DatabasePropertySource cache.
2025-04-04 18:39:01.344 [restartedMain] INFO  c.e.s.c.e.DatabasePropertySourceAdder - Successfully added DatabasePropertySource to environment.
2025-04-04 18:39:01.345 [restartedMain] INFO  c.e.s.SatellitePlatformApplication - Started SatellitePlatformApplication in 5.049 seconds (process running for 55337.538)
2025-04-04 18:39:01.374 [restartedMain] DEBUG c.e.s.m.u.config.DataInitializer - Admin user(s) already exist. Skipping initial admin creation.
2025-04-04 18:39:11.982 [restartedMain] INFO  c.e.s.SatellitePlatformApplication - Starting SatellitePlatformApplication using Java 17.0.12 with PID 34348 (C:\Users\HP\OneDrive\Documents\PFA\SatellitePlatformApplication\Satellite_Platform_Application\target\classes started by HP in C:\Users\HP\OneDrive\Documents\PFA\SatellitePlatformApplication\Satellite_Platform_Application)
2025-04-04 18:39:11.982 [restartedMain] DEBUG c.e.s.SatellitePlatformApplication - Running with Spring Boot v3.3.10, Spring v6.1.18
2025-04-04 18:39:11.983 [restartedMain] INFO  c.e.s.SatellitePlatformApplication - No active profile set, falling back to 1 default profile: "default"
2025-04-04 18:39:13.410 [restartedMain] INFO  c.e.s.config.JwtConfig - JWT Secret: N5xG1aT7q8v2Hq1K3rJ6bC9m5W+Pq2L7Jz9P4w==
2025-04-04 18:39:13.411 [restartedMain] INFO  c.e.s.config.JwtConfig - JWT Expiration: 86400000
2025-04-04 18:39:13.432 [restartedMain] INFO  c.e.s.config.MongoConfig - Creating MongoClient bean with URI from environment...
2025-04-04 18:39:13.432 [restartedMain] DEBUG c.e.s.config.MongoConfig - MongoClient created for URI: mongodb://localhost:27017/satellite_platform
2025-04-04 18:39:13.712 [restartedMain] DEBUG c.e.s.m.u.s.J.JwtAuthenticationFilter - Filter 'jwtAuthenticationFilter' configured for use
2025-04-04 18:39:14.178 [restartedMain] INFO  c.e.s.m.u.a.services.AuditLogService - Audit log path initialized to: C:\logs\audit.log
2025-04-04 18:39:15.172 [restartedMain] INFO  c.e.s.m.m.c.RabbitMQListenerConfig - Setting RabbitMQ listener prefetch count to: 10
2025-04-04 18:39:16.575 [restartedMain] INFO  c.e.s.c.c.ProcessingResponseCacheHandler - ProcessingResponseCacheHandler initialized with ResultsRepository and ResultsMapper.
2025-04-04 18:39:16.577 [restartedMain] INFO  c.e.s.c.c.ProcessingResponseCacheHandler - Scheduled cache cleanup task with cron expression: 0 0 3 * * ?
2025-04-04 18:39:16.657 [restartedMain] INFO  c.e.s.c.e.DatabasePropertySourceAdder - ContextRefreshedEvent received. Adding DatabasePropertySource to environment.
2025-04-04 18:39:16.658 [restartedMain] INFO  c.e.s.c.e.DatabasePropertySource - Initializing DatabasePropertySource: Loading properties from database...
2025-04-04 18:39:16.661 [restartedMain] INFO  c.e.s.c.e.DatabasePropertySource - Loaded 0 properties from database into DatabasePropertySource cache.
2025-04-04 18:39:16.662 [restartedMain] INFO  c.e.s.c.e.DatabasePropertySourceAdder - Successfully added DatabasePropertySource to environment.
2025-04-04 18:39:16.663 [restartedMain] INFO  c.e.s.SatellitePlatformApplication - Started SatellitePlatformApplication in 4.907 seconds (process running for 55352.855)
2025-04-04 18:39:16.683 [restartedMain] DEBUG c.e.s.m.u.config.DataInitializer - Admin user(s) already exist. Skipping initial admin creation.
2025-04-04 18:39:19.277 [restartedMain] INFO  c.e.s.SatellitePlatformApplication - Starting SatellitePlatformApplication using Java 17.0.12 with PID 34348 (C:\Users\HP\OneDrive\Documents\PFA\SatellitePlatformApplication\Satellite_Platform_Application\target\classes started by HP in C:\Users\HP\OneDrive\Documents\PFA\SatellitePlatformApplication\Satellite_Platform_Application)
2025-04-04 18:39:19.278 [restartedMain] DEBUG c.e.s.SatellitePlatformApplication - Running with Spring Boot v3.3.10, Spring v6.1.18
2025-04-04 18:39:19.278 [restartedMain] INFO  c.e.s.SatellitePlatformApplication - No active profile set, falling back to 1 default profile: "default"
2025-04-04 18:39:20.670 [restartedMain] INFO  c.e.s.config.JwtConfig - JWT Secret: N5xG1aT7q8v2Hq1K3rJ6bC9m5W+Pq2L7Jz9P4w==
2025-04-04 18:39:20.671 [restartedMain] INFO  c.e.s.config.JwtConfig - JWT Expiration: 86400000
2025-04-04 18:39:20.691 [restartedMain] INFO  c.e.s.config.MongoConfig - Creating MongoClient bean with URI from environment...
2025-04-04 18:39:20.691 [restartedMain] DEBUG c.e.s.config.MongoConfig - MongoClient created for URI: mongodb://localhost:27017/satellite_platform
2025-04-04 18:39:20.910 [restartedMain] DEBUG c.e.s.m.u.s.J.JwtAuthenticationFilter - Filter 'jwtAuthenticationFilter' configured for use
2025-04-04 18:39:21.219 [restartedMain] INFO  c.e.s.m.u.a.services.AuditLogService - Audit log path initialized to: C:\logs\audit.log
2025-04-04 18:39:22.166 [restartedMain] INFO  c.e.s.m.m.c.RabbitMQListenerConfig - Setting RabbitMQ listener prefetch count to: 10
2025-04-04 18:39:23.825 [restartedMain] INFO  c.e.s.c.c.ProcessingResponseCacheHandler - ProcessingResponseCacheHandler initialized with ResultsRepository and ResultsMapper.
2025-04-04 18:39:23.828 [restartedMain] INFO  c.e.s.c.c.ProcessingResponseCacheHandler - Scheduled cache cleanup task with cron expression: 0 0 3 * * ?
2025-04-04 18:39:23.922 [restartedMain] INFO  c.e.s.c.e.DatabasePropertySourceAdder - ContextRefreshedEvent received. Adding DatabasePropertySource to environment.
2025-04-04 18:39:23.923 [restartedMain] INFO  c.e.s.c.e.DatabasePropertySource - Initializing DatabasePropertySource: Loading properties from database...
2025-04-04 18:39:23.926 [restartedMain] INFO  c.e.s.c.e.DatabasePropertySource - Loaded 0 properties from database into DatabasePropertySource cache.
2025-04-04 18:39:23.927 [restartedMain] INFO  c.e.s.c.e.DatabasePropertySourceAdder - Successfully added DatabasePropertySource to environment.
2025-04-04 18:39:23.928 [restartedMain] INFO  c.e.s.SatellitePlatformApplication - Started SatellitePlatformApplication in 4.838 seconds (process running for 55360.12)
2025-04-04 18:39:23.957 [restartedMain] DEBUG c.e.s.m.u.config.DataInitializer - Admin user(s) already exist. Skipping initial admin creation.
2025-04-04 18:39:28.535 [restartedMain] INFO  c.e.s.SatellitePlatformApplication - Starting SatellitePlatformApplication using Java 17.0.12 with PID 34348 (C:\Users\HP\OneDrive\Documents\PFA\SatellitePlatformApplication\Satellite_Platform_Application\target\classes started by HP in C:\Users\HP\OneDrive\Documents\PFA\SatellitePlatformApplication\Satellite_Platform_Application)
2025-04-04 18:39:28.537 [restartedMain] DEBUG c.e.s.SatellitePlatformApplication - Running with Spring Boot v3.3.10, Spring v6.1.18
2025-04-04 18:39:28.537 [restartedMain] INFO  c.e.s.SatellitePlatformApplication - No active profile set, falling back to 1 default profile: "default"
2025-04-04 18:39:29.950 [restartedMain] INFO  c.e.s.config.JwtConfig - JWT Secret: N5xG1aT7q8v2Hq1K3rJ6bC9m5W+Pq2L7Jz9P4w==
2025-04-04 18:39:29.951 [restartedMain] INFO  c.e.s.config.JwtConfig - JWT Expiration: 86400000
2025-04-04 18:39:29.967 [restartedMain] INFO  c.e.s.config.MongoConfig - Creating MongoClient bean with URI from environment...
2025-04-04 18:39:29.968 [restartedMain] DEBUG c.e.s.config.MongoConfig - MongoClient created for URI: mongodb://localhost:27017/satellite_platform
2025-04-04 18:39:30.186 [restartedMain] DEBUG c.e.s.m.u.s.J.JwtAuthenticationFilter - Filter 'jwtAuthenticationFilter' configured for use
2025-04-04 18:39:30.563 [restartedMain] INFO  c.e.s.m.u.a.services.AuditLogService - Audit log path initialized to: C:\logs\audit.log
2025-04-04 18:39:31.435 [restartedMain] INFO  c.e.s.m.m.c.RabbitMQListenerConfig - Setting RabbitMQ listener prefetch count to: 10
2025-04-04 18:39:32.909 [restartedMain] INFO  c.e.s.c.c.ProcessingResponseCacheHandler - ProcessingResponseCacheHandler initialized with ResultsRepository and ResultsMapper.
2025-04-04 18:39:32.911 [restartedMain] INFO  c.e.s.c.c.ProcessingResponseCacheHandler - Scheduled cache cleanup task with cron expression: 0 0 3 * * ?
2025-04-04 18:39:33.038 [restartedMain] INFO  c.e.s.c.e.DatabasePropertySourceAdder - ContextRefreshedEvent received. Adding DatabasePropertySource to environment.
2025-04-04 18:39:33.039 [restartedMain] INFO  c.e.s.c.e.DatabasePropertySource - Initializing DatabasePropertySource: Loading properties from database...
2025-04-04 18:39:33.042 [restartedMain] INFO  c.e.s.c.e.DatabasePropertySource - Loaded 0 properties from database into DatabasePropertySource cache.
2025-04-04 18:39:33.044 [restartedMain] INFO  c.e.s.c.e.DatabasePropertySourceAdder - Successfully added DatabasePropertySource to environment.
2025-04-04 18:39:33.046 [restartedMain] INFO  c.e.s.SatellitePlatformApplication - Started SatellitePlatformApplication in 4.719 seconds (process running for 55369.237)
2025-04-04 18:39:33.077 [restartedMain] DEBUG c.e.s.m.u.config.DataInitializer - Admin user(s) already exist. Skipping initial admin creation.
2025-04-04 18:39:35.855 [restartedMain] INFO  c.e.s.SatellitePlatformApplication - Starting SatellitePlatformApplication using Java 17.0.12 with PID 34348 (C:\Users\HP\OneDrive\Documents\PFA\SatellitePlatformApplication\Satellite_Platform_Application\target\classes started by HP in C:\Users\HP\OneDrive\Documents\PFA\SatellitePlatformApplication\Satellite_Platform_Application)
2025-04-04 18:39:35.856 [restartedMain] DEBUG c.e.s.SatellitePlatformApplication - Running with Spring Boot v3.3.10, Spring v6.1.18
2025-04-04 18:39:35.856 [restartedMain] INFO  c.e.s.SatellitePlatformApplication - No active profile set, falling back to 1 default profile: "default"
2025-04-04 18:39:37.491 [restartedMain] INFO  c.e.s.config.JwtConfig - JWT Secret: N5xG1aT7q8v2Hq1K3rJ6bC9m5W+Pq2L7Jz9P4w==
2025-04-04 18:39:37.493 [restartedMain] INFO  c.e.s.config.JwtConfig - JWT Expiration: 86400000
2025-04-04 18:39:37.513 [restartedMain] INFO  c.e.s.config.MongoConfig - Creating MongoClient bean with URI from environment...
2025-04-04 18:39:37.514 [restartedMain] DEBUG c.e.s.config.MongoConfig - MongoClient created for URI: mongodb://localhost:27017/satellite_platform
2025-04-04 18:39:37.736 [restartedMain] DEBUG c.e.s.m.u.s.J.JwtAuthenticationFilter - Filter 'jwtAuthenticationFilter' configured for use
2025-04-04 18:39:38.159 [restartedMain] INFO  c.e.s.m.u.a.services.AuditLogService - Audit log path initialized to: C:\logs\audit.log
2025-04-04 18:39:39.077 [restartedMain] INFO  c.e.s.m.m.c.RabbitMQListenerConfig - Setting RabbitMQ listener prefetch count to: 10
2025-04-04 18:39:40.587 [restartedMain] INFO  c.e.s.c.c.ProcessingResponseCacheHandler - ProcessingResponseCacheHandler initialized with ResultsRepository and ResultsMapper.
2025-04-04 18:39:40.589 [restartedMain] INFO  c.e.s.c.c.ProcessingResponseCacheHandler - Scheduled cache cleanup task with cron expression: 0 0 3 * * ?
2025-04-04 18:39:40.663 [restartedMain] INFO  c.e.s.c.e.DatabasePropertySourceAdder - ContextRefreshedEvent received. Adding DatabasePropertySource to environment.
2025-04-04 18:39:40.664 [restartedMain] INFO  c.e.s.c.e.DatabasePropertySource - Initializing DatabasePropertySource: Loading properties from database...
2025-04-04 18:39:40.670 [restartedMain] INFO  c.e.s.c.e.DatabasePropertySource - Loaded 0 properties from database into DatabasePropertySource cache.
2025-04-04 18:39:40.671 [restartedMain] INFO  c.e.s.c.e.DatabasePropertySourceAdder - Successfully added DatabasePropertySource to environment.
2025-04-04 18:39:40.672 [restartedMain] INFO  c.e.s.SatellitePlatformApplication - Started SatellitePlatformApplication in 5.067 seconds (process running for 55376.864)
2025-04-04 18:39:40.696 [restartedMain] DEBUG c.e.s.m.u.config.DataInitializer - Admin user(s) already exist. Skipping initial admin creation.
2025-04-04 18:40:34.180 [restartedMain] INFO  c.e.s.SatellitePlatformApplication - Starting SatellitePlatformApplication using Java 17.0.12 with PID 34348 (C:\Users\HP\OneDrive\Documents\PFA\SatellitePlatformApplication\Satellite_Platform_Application\target\classes started by HP in C:\Users\HP\OneDrive\Documents\PFA\SatellitePlatformApplication\Satellite_Platform_Application)
2025-04-04 18:40:34.181 [restartedMain] DEBUG c.e.s.SatellitePlatformApplication - Running with Spring Boot v3.3.10, Spring v6.1.18
2025-04-04 18:40:34.181 [restartedMain] INFO  c.e.s.SatellitePlatformApplication - No active profile set, falling back to 1 default profile: "default"
2025-04-04 18:40:36.643 [restartedMain] INFO  c.e.s.config.JwtConfig - JWT Secret: N5xG1aT7q8v2Hq1K3rJ6bC9m5W+Pq2L7Jz9P4w==
2025-04-04 18:40:36.643 [restartedMain] INFO  c.e.s.config.JwtConfig - JWT Expiration: 86400000
2025-04-04 18:40:36.676 [restartedMain] INFO  c.e.s.config.MongoConfig - Creating MongoClient bean with URI from environment...
2025-04-04 18:40:36.677 [restartedMain] DEBUG c.e.s.config.MongoConfig - MongoClient created for URI: mongodb://localhost:27017/satellite_platform
2025-04-04 18:40:37.112 [restartedMain] DEBUG c.e.s.m.u.s.J.JwtAuthenticationFilter - Filter 'jwtAuthenticationFilter' configured for use
2025-04-04 18:40:37.598 [restartedMain] INFO  c.e.s.m.u.a.services.AuditLogService - Audit log path initialized to: C:\logs\audit.log
2025-04-04 18:40:38.998 [restartedMain] INFO  c.e.s.m.m.c.RabbitMQListenerConfig - Setting RabbitMQ listener prefetch count to: 10
2025-04-04 18:40:41.185 [restartedMain] INFO  c.e.s.c.c.ProcessingResponseCacheHandler - ProcessingResponseCacheHandler initialized with ResultsRepository and ResultsMapper.
2025-04-04 18:40:41.189 [restartedMain] INFO  c.e.s.c.c.ProcessingResponseCacheHandler - Scheduled cache cleanup task with cron expression: 0 0 3 * * ?
2025-04-04 18:40:41.294 [restartedMain] INFO  c.e.s.c.e.DatabasePropertySourceAdder - ContextRefreshedEvent received. Adding DatabasePropertySource to environment.
2025-04-04 18:40:41.295 [restartedMain] INFO  c.e.s.c.e.DatabasePropertySource - Initializing DatabasePropertySource: Loading properties from database...
2025-04-04 18:40:41.301 [restartedMain] INFO  c.e.s.c.e.DatabasePropertySource - Loaded 0 properties from database into DatabasePropertySource cache.
2025-04-04 18:40:41.302 [restartedMain] INFO  c.e.s.c.e.DatabasePropertySourceAdder - Successfully added DatabasePropertySource to environment.
2025-04-04 18:40:41.304 [restartedMain] INFO  c.e.s.SatellitePlatformApplication - Started SatellitePlatformApplication in 7.59 seconds (process running for 55437.496)
2025-04-04 18:40:41.336 [restartedMain] DEBUG c.e.s.m.u.config.DataInitializer - Admin user(s) already exist. Skipping initial admin creation.
2025-04-04 18:41:37.962 [restartedMain] INFO  c.e.s.SatellitePlatformApplication - Starting SatellitePlatformApplication using Java 17.0.12 with PID 34348 (C:\Users\HP\OneDrive\Documents\PFA\SatellitePlatformApplication\Satellite_Platform_Application\target\classes started by HP in C:\Users\HP\OneDrive\Documents\PFA\SatellitePlatformApplication\Satellite_Platform_Application)
2025-04-04 18:41:37.962 [restartedMain] DEBUG c.e.s.SatellitePlatformApplication - Running with Spring Boot v3.3.10, Spring v6.1.18
2025-04-04 18:41:37.963 [restartedMain] INFO  c.e.s.SatellitePlatformApplication - No active profile set, falling back to 1 default profile: "default"
2025-04-04 18:41:40.351 [restartedMain] INFO  c.e.s.config.JwtConfig - JWT Secret: N5xG1aT7q8v2Hq1K3rJ6bC9m5W+Pq2L7Jz9P4w==
2025-04-04 18:41:40.352 [restartedMain] INFO  c.e.s.config.JwtConfig - JWT Expiration: 86400000
2025-04-04 18:41:40.379 [restartedMain] INFO  c.e.s.config.MongoConfig - Creating MongoClient bean with URI from environment...
2025-04-04 18:41:40.381 [restartedMain] DEBUG c.e.s.config.MongoConfig - MongoClient created for URI: mongodb://localhost:27017/satellite_platform
2025-04-04 18:41:40.737 [restartedMain] DEBUG c.e.s.m.u.s.J.JwtAuthenticationFilter - Filter 'jwtAuthenticationFilter' configured for use
2025-04-04 18:41:41.257 [restartedMain] INFO  c.e.s.m.u.a.services.AuditLogService - Audit log path initialized to: C:\logs\audit.log
2025-04-04 18:41:42.682 [restartedMain] INFO  c.e.s.m.m.c.RabbitMQListenerConfig - Setting RabbitMQ listener prefetch count to: 10
2025-04-04 18:41:44.560 [restartedMain] INFO  c.e.s.c.c.ProcessingResponseCacheHandler - ProcessingResponseCacheHandler initialized with ResultsRepository and ResultsMapper.
2025-04-04 18:41:44.563 [restartedMain] INFO  c.e.s.c.c.ProcessingResponseCacheHandler - Scheduled cache cleanup task with cron expression: 0 0 3 * * ?
2025-04-04 18:41:44.677 [restartedMain] INFO  c.e.s.c.e.DatabasePropertySourceAdder - ContextRefreshedEvent received. Adding DatabasePropertySource to environment.
2025-04-04 18:41:44.677 [restartedMain] INFO  c.e.s.c.e.DatabasePropertySource - Initializing DatabasePropertySource: Loading properties from database...
2025-04-04 18:41:44.682 [restartedMain] INFO  c.e.s.c.e.DatabasePropertySource - Loaded 0 properties from database into DatabasePropertySource cache.
2025-04-04 18:41:44.683 [restartedMain] INFO  c.e.s.c.e.DatabasePropertySourceAdder - Successfully added DatabasePropertySource to environment.
2025-04-04 18:41:44.687 [restartedMain] INFO  c.e.s.SatellitePlatformApplication - Started SatellitePlatformApplication in 7.223 seconds (process running for 55500.879)
2025-04-04 18:41:44.716 [restartedMain] DEBUG c.e.s.m.u.config.DataInitializer - Admin user(s) already exist. Skipping initial admin creation.
2025-04-04 21:07:00.603 [http-nio-8080-exec-6] INFO  c.e.s.c.RequestResponseLoggingFilter - >>> Request [d873403f]: POST /api/auth/signin from 127.0.0.1 - Body: [empty]
2025-04-04 21:07:30.750 [http-nio-8080-exec-6] INFO  c.e.s.c.RequestResponseLoggingFilter - <<< Response [d873403f]: Status 500 in 30148ms - Body: {"timestamp":"2025-04-04T21:07:30.739507","status":500,"error":"Internal Server Error","message":"Timed out while waiting for a server that matches ReadPreferenceServerSelector{readPreference=primary}. Client view of cluster state is {type=UNKNOWN, servers=[{address=localhost:27017, type=UNKNOWN, state=CONNECTING, exception={com.mongodb.MongoSocketOpenException: Exception opening socket}, caused by {java.net.ConnectException: Connection refused: no further information}}]"}
2025-04-04 21:07:31.139 [http-nio-8080-exec-1] INFO  c.e.s.c.RequestResponseLoggingFilter - >>> Request [ea57a4be]: POST /api/auth/signin from 127.0.0.1 - Body: [empty]
2025-04-04 21:08:01.161 [http-nio-8080-exec-1] INFO  c.e.s.c.RequestResponseLoggingFilter - <<< Response [ea57a4be]: Status 500 in 30021ms - Body: {"timestamp":"2025-04-04T21:08:01.1580069","status":500,"error":"Internal Server Error","message":"Timed out while waiting for a server that matches ReadPreferenceServerSelector{readPreference=primary}. Client view of cluster state is {type=UNKNOWN, servers=[{address=localhost:27017, type=UNKNOWN, state=CONNECTING, exception={com.mongodb.MongoSocketOpenException: Exception opening socket}, caused by {java.net.ConnectException: Connection refused: no further information}}]"}
2025-04-04 21:08:25.655 [http-nio-8080-exec-10] INFO  c.e.s.c.RequestResponseLoggingFilter - >>> Request [7bc330af]: POST /api/auth/signin from 127.0.0.1 - Body: [empty]
2025-04-04 21:08:25.810 [http-nio-8080-exec-10] INFO  c.e.s.m.u.u.services.UserService - User signed in successfully with email: yobtot2@gmail.com
2025-04-04 21:08:25.844 [http-nio-8080-exec-10] INFO  c.e.s.c.RequestResponseLoggingFilter - <<< Response [7bc330af]: Status 200 in 189ms - Body: {"token":"eyJhbGciOiJIUzI1NiJ9.eyJyb2xlcyI6WyJST0xFX1RIRU1BVElDSUFOIl0sImVtYWlsIjoieW9idG90MkBnbWFpbC5jb20iLCJuYW1lIjoieW9idG90MkBnbWFpbC5jb20iLCJzdWIiOiJ5b2J0b3QyQGdtYWlsLmNvbSIsImlhdCI6MTc0Mzc5NzMwNSwiZXhwIjoxNzQzODgzNzA1fQ.RPR1FpRXtbaRTSUHHVTnFjvRVvxDUDK8dsDzqs3_Dsw","userId":"67ef40427d0824229fdfff63"}
2025-04-04 21:08:25.869 [SimpleAsyncTaskExecutor-1] DEBUG c.e.s.m.u.a.s.ActivityLogService - Logged activity: User='yobtot2@gmail.com', Action='USER_LOGIN'
2025-04-04 21:26:44.049 [http-nio-8080-exec-3] INFO  c.e.s.c.RequestResponseLoggingFilter - >>> Request [e5315873]: POST /api/v1/messaging/messages from 127.0.0.1 - Body: [empty]
2025-04-04 21:26:44.083 [http-nio-8080-exec-3] INFO  c.e.s.c.RequestResponseLoggingFilter - <<< Response [e5315873]: Status 500 in 34ms - Body: {"timestamp":"2025-04-04T21:26:44.0794797","status":500,"error":"Internal Server Error","message":"JSON parse error: Unexpected character ('#' (code 35)): was expecting double-quote to start field name"}
2025-04-04 21:27:02.615 [http-nio-8080-exec-5] INFO  c.e.s.c.RequestResponseLoggingFilter - >>> Request [e3336190]: POST /api/v1/messaging/messages from 127.0.0.1 - Body: [empty]
2025-04-04 21:27:02.626 [http-nio-8080-exec-5] INFO  c.e.s.c.RequestResponseLoggingFilter - <<< Response [e3336190]: Status 500 in 11ms - Body: {"timestamp":"2025-04-04T21:27:02.622317","status":500,"error":"Internal Server Error","message":"JSON parse error: Unexpected character ('#' (code 35)): was expecting double-quote to start field name"}
2025-04-04 21:27:20.547 [http-nio-8080-exec-2] INFO  c.e.s.c.RequestResponseLoggingFilter - >>> Request [99b3e2c6]: POST /api/v1/messaging/messages from 127.0.0.1 - Body: [empty]
2025-04-04 21:27:20.555 [http-nio-8080-exec-2] INFO  c.e.s.c.RequestResponseLoggingFilter - <<< Response [99b3e2c6]: Status 500 in 8ms - Body: {"timestamp":"2025-04-04T21:27:20.5511348","status":500,"error":"Internal Server Error","message":"JSON parse error: Unexpected character ('#' (code 35)): was expecting double-quote to start field name"}
2025-04-04 21:45:47.761 [restartedMain] INFO  c.e.s.SatellitePlatformApplication - Starting SatellitePlatformApplication using Java 17.0.12 with PID 20252 (C:\Users\HP\OneDrive\Documents\PFA\SatellitePlatformApplication\Satellite_Platform_Application\target\classes started by HP in C:\Users\HP\OneDrive\Documents\PFA\SatellitePlatformApplication\Satellite_Platform_Application)
2025-04-04 21:45:47.771 [restartedMain] DEBUG c.e.s.SatellitePlatformApplication - Running with Spring Boot v3.3.10, Spring v6.1.18
2025-04-04 21:45:47.774 [restartedMain] INFO  c.e.s.SatellitePlatformApplication - No active profile set, falling back to 1 default profile: "default"
2025-04-04 21:45:57.520 [restartedMain] INFO  c.e.s.config.JwtConfig - JWT Secret: N5xG1aT7q8v2Hq1K3rJ6bC9m5W+Pq2L7Jz9P4w==
2025-04-04 21:45:57.531 [restartedMain] INFO  c.e.s.config.JwtConfig - JWT Expiration: 86400000
2025-04-04 21:45:57.666 [restartedMain] INFO  c.e.s.config.MongoConfig - Creating MongoClient bean with URI from environment...
2025-04-04 21:45:58.143 [restartedMain] DEBUG c.e.s.config.MongoConfig - MongoClient created for URI: mongodb://localhost:27017/satellite_platform
2025-04-04 21:46:01.204 [restartedMain] DEBUG c.e.s.m.u.s.J.JwtAuthenticationFilter - Filter 'jwtAuthenticationFilter' configured for use
2025-04-04 21:46:02.588 [restartedMain] INFO  c.e.s.m.u.a.services.AuditLogService - Audit log path initialized to: C:\logs\audit.log
2025-04-04 21:46:11.190 [restartedMain] INFO  c.e.s.m.m.c.RabbitMQListenerConfig - Setting RabbitMQ listener prefetch count to: 10
2025-04-04 21:46:15.055 [restartedMain] INFO  c.e.s.c.c.ProcessingResponseCacheHandler - ProcessingResponseCacheHandler initialized with ResultsRepository and ResultsMapper.
2025-04-04 21:46:15.065 [restartedMain] INFO  c.e.s.c.c.ProcessingResponseCacheHandler - Scheduled cache cleanup task with cron expression: 0 0 3 * * ?
2025-04-04 21:46:15.170 [restartedMain] INFO  c.e.s.c.e.DatabasePropertySourceAdder - ContextRefreshedEvent received. Adding DatabasePropertySource to environment.
2025-04-04 21:46:15.171 [restartedMain] INFO  c.e.s.c.e.DatabasePropertySource - Initializing DatabasePropertySource: Loading properties from database...
2025-04-04 21:46:15.359 [restartedMain] INFO  c.e.s.c.e.DatabasePropertySource - Loaded 0 properties from database into DatabasePropertySource cache.
2025-04-04 21:46:15.359 [restartedMain] INFO  c.e.s.c.e.DatabasePropertySourceAdder - Successfully added DatabasePropertySource to environment.
2025-04-04 21:46:15.366 [restartedMain] INFO  c.e.s.SatellitePlatformApplication - Started SatellitePlatformApplication in 29.678 seconds (process running for 31.145)
2025-04-04 21:46:15.576 [restartedMain] DEBUG c.e.s.m.u.config.DataInitializer - Admin user(s) already exist. Skipping initial admin creation.
2025-04-04 21:47:48.551 [restartedMain] INFO  c.e.s.SatellitePlatformApplication - Starting SatellitePlatformApplication using Java 17.0.12 with PID 12532 (C:\Users\HP\OneDrive\Documents\PFA\SatellitePlatformApplication\Satellite_Platform_Application\target\classes started by HP in C:\Users\HP\OneDrive\Documents\PFA\SatellitePlatformApplication\Satellite_Platform_Application)
2025-04-04 21:47:48.560 [restartedMain] DEBUG c.e.s.SatellitePlatformApplication - Running with Spring Boot v3.3.10, Spring v6.1.18
2025-04-04 21:47:48.561 [restartedMain] INFO  c.e.s.SatellitePlatformApplication - No active profile set, falling back to 1 default profile: "default"
2025-04-04 21:47:57.731 [restartedMain] INFO  c.e.s.config.JwtConfig - JWT Secret: N5xG1aT7q8v2Hq1K3rJ6bC9m5W+Pq2L7Jz9P4w==
2025-04-04 21:47:57.742 [restartedMain] INFO  c.e.s.config.JwtConfig - JWT Expiration: 86400000
2025-04-04 21:47:57.863 [restartedMain] INFO  c.e.s.config.MongoConfig - Creating MongoClient bean with URI from environment...
2025-04-04 21:47:58.372 [restartedMain] DEBUG c.e.s.config.MongoConfig - MongoClient created for URI: mongodb://localhost:27017/satellite_platform
2025-04-04 21:48:01.269 [restartedMain] DEBUG c.e.s.m.u.s.J.JwtAuthenticationFilter - Filter 'jwtAuthenticationFilter' configured for use
2025-04-04 21:48:02.599 [restartedMain] INFO  c.e.s.m.u.a.services.AuditLogService - Audit log path initialized to: C:\logs\audit.log
2025-04-04 21:48:10.243 [restartedMain] INFO  c.e.s.m.m.c.RabbitMQListenerConfig - Setting RabbitMQ listener prefetch count to: 10
2025-04-04 21:48:13.693 [restartedMain] INFO  c.e.s.c.c.ProcessingResponseCacheHandler - ProcessingResponseCacheHandler initialized with ResultsRepository and ResultsMapper.
2025-04-04 21:48:13.702 [restartedMain] INFO  c.e.s.c.c.ProcessingResponseCacheHandler - Scheduled cache cleanup task with cron expression: 0 0 3 * * ?
2025-04-04 21:48:13.833 [restartedMain] INFO  c.e.s.c.e.DatabasePropertySourceAdder - ContextRefreshedEvent received. Adding DatabasePropertySource to environment.
2025-04-04 21:48:13.835 [restartedMain] INFO  c.e.s.c.e.DatabasePropertySource - Initializing DatabasePropertySource: Loading properties from database...
2025-04-04 21:48:14.000 [restartedMain] INFO  c.e.s.c.e.DatabasePropertySource - Loaded 0 properties from database into DatabasePropertySource cache.
2025-04-04 21:48:14.001 [restartedMain] INFO  c.e.s.c.e.DatabasePropertySourceAdder - Successfully added DatabasePropertySource to environment.
2025-04-04 21:48:14.006 [restartedMain] INFO  c.e.s.SatellitePlatformApplication - Started SatellitePlatformApplication in 27.363 seconds (process running for 28.741)
2025-04-04 21:48:14.167 [restartedMain] DEBUG c.e.s.m.u.config.DataInitializer - Admin user(s) already exist. Skipping initial admin creation.
2025-04-04 21:48:24.467 [http-nio-8080-exec-1] INFO  c.e.s.c.RequestResponseLoggingFilter - >>> Request [f620e379]: POST /api/v1/messaging/messages from 127.0.0.1 - Body: [empty]
2025-04-04 21:48:24.597 [http-nio-8080-exec-1] INFO  c.e.s.c.RequestResponseLoggingFilter - <<< Response [f620e379]: Status 500 in 131ms - Body: {"timestamp":"2025-04-04T21:48:24.5581623","status":500,"error":"Internal Server Error","message":"JSON parse error: Unexpected character ('#' (code 35)): was expecting double-quote to start field name"}
2025-04-04 21:54:36.974 [http-nio-8080-exec-2] INFO  c.e.s.c.RequestResponseLoggingFilter - >>> Request [bfddd24c]: POST /api/v1/messaging/messages from 127.0.0.1 - Body: [empty]
2025-04-04 21:54:36.984 [http-nio-8080-exec-2] INFO  c.e.s.c.RequestResponseLoggingFilter - <<< Response [bfddd24c]: Status 500 in 10ms - Body: {"timestamp":"2025-04-04T21:54:36.9802715","status":500,"error":"Internal Server Error","message":"JSON parse error: Unexpected character ('/' (code 47)): maybe a (non-standard) comment? (not recognized as one since Feature 'ALLOW_COMMENTS' not enabled for parser)"}
2025-04-04 21:55:12.499 [http-nio-8080-exec-3] INFO  c.e.s.c.RequestResponseLoggingFilter - >>> Request [14eb8d4b]: POST /api/v1/messaging/messages from 127.0.0.1 - Body: [empty]
2025-04-04 21:55:12.568 [http-nio-8080-exec-3] INFO  c.e.s.c.RequestResponseLoggingFilter - <<< Response [14eb8d4b]: Status 403 in 70ms - Body: Access denied: Access Denied. You may not have the necessary permissions.
2025-04-04 21:57:13.880 [http-nio-8080-exec-4] INFO  c.e.s.c.RequestResponseLoggingFilter - >>> Request [59bb7f4a]: POST /api/auth/signup from 127.0.0.1 - Body: [empty]
2025-04-04 21:57:14.014 [http-nio-8080-exec-4] INFO  c.e.s.c.RequestResponseLoggingFilter - <<< Response [59bb7f4a]: Status 400 in 134ms - Body: An error occurred during registration: Role 'USER' not found.
2025-04-04 21:57:27.115 [http-nio-8080-exec-5] INFO  c.e.s.c.RequestResponseLoggingFilter - >>> Request [c056b6d9]: POST /api/auth/signup from 127.0.0.1 - Body: [empty]
2025-04-04 21:57:27.265 [http-nio-8080-exec-5] INFO  c.e.s.m.u.u.services.UserService - User signed up successfully with email: yobtot2@gmail.com
2025-04-04 21:57:27.267 [http-nio-8080-exec-5] INFO  c.e.s.c.RequestResponseLoggingFilter - <<< Response [c056b6d9]: Status 200 in 152ms - Body: User registered successfully.
2025-04-04 21:57:30.485 [http-nio-8080-exec-6] INFO  c.e.s.c.RequestResponseLoggingFilter - >>> Request [0585f607]: POST /api/auth/signin from 127.0.0.1 - Body: [empty]
2025-04-04 21:57:30.692 [http-nio-8080-exec-6] INFO  c.e.s.m.u.u.services.UserService - User signed in successfully with email: yobtot2@gmail.com
2025-04-04 21:57:30.736 [http-nio-8080-exec-6] INFO  c.e.s.c.RequestResponseLoggingFilter - <<< Response [0585f607]: Status 200 in 252ms - Body: {"token":"eyJhbGciOiJIUzI1NiJ9.eyJuYW1lIjoieW9idG90MkBnbWFpbC5jb20iLCJlbWFpbCI6InlvYnRvdDJAZ21haWwuY29tIiwicm9sZXMiOlsiUk9MRV9USEVNQVRJQ0lBTiJdLCJzdWIiOiJ5b2J0b3QyQGdtYWlsLmNvbSIsImlhdCI6MTc0MzgwMDI1MCwiZXhwIjoxNzQzODg2NjUwfQ.x5V2dqhfba1OvH0s0ZTM0c-yR2H-Yq0fjPKbEKEYg28","userId":"67f047b75ef6b30b9b40eec5"}
2025-04-04 21:57:30.768 [SimpleAsyncTaskExecutor-1] DEBUG c.e.s.m.u.a.s.ActivityLogService - Logged activity: User='yobtot2@gmail.com', Action='USER_LOGIN'
2025-04-04 21:58:36.437 [restartedMain] INFO  c.e.s.SatellitePlatformApplication - Starting SatellitePlatformApplication using Java 17.0.12 with PID 12532 (C:\Users\HP\OneDrive\Documents\PFA\SatellitePlatformApplication\Satellite_Platform_Application\target\classes started by HP in C:\Users\HP\OneDrive\Documents\PFA\SatellitePlatformApplication\Satellite_Platform_Application)
2025-04-04 21:58:36.438 [restartedMain] DEBUG c.e.s.SatellitePlatformApplication - Running with Spring Boot v3.3.10, Spring v6.1.18
2025-04-04 21:58:36.438 [restartedMain] INFO  c.e.s.SatellitePlatformApplication - No active profile set, falling back to 1 default profile: "default"
2025-04-04 21:58:38.928 [restartedMain] INFO  c.e.s.config.JwtConfig - JWT Secret: N5xG1aT7q8v2Hq1K3rJ6bC9m5W+Pq2L7Jz9P4w==
2025-04-04 21:58:38.929 [restartedMain] INFO  c.e.s.config.JwtConfig - JWT Expiration: 86400000
2025-04-04 21:58:38.959 [restartedMain] INFO  c.e.s.config.MongoConfig - Creating MongoClient bean with URI from environment...
2025-04-04 21:58:38.960 [restartedMain] DEBUG c.e.s.config.MongoConfig - MongoClient created for URI: mongodb://localhost:27017/satellite_platform
2025-04-04 21:58:39.329 [restartedMain] DEBUG c.e.s.m.u.s.J.JwtAuthenticationFilter - Filter 'jwtAuthenticationFilter' configured for use
2025-04-04 21:58:39.861 [restartedMain] INFO  c.e.s.m.u.a.services.AuditLogService - Audit log path initialized to: C:\logs\audit.log
2025-04-04 21:58:41.132 [restartedMain] INFO  c.e.s.m.m.c.RabbitMQListenerConfig - Setting RabbitMQ listener prefetch count to: 10
2025-04-04 21:58:42.339 [restartedMain] INFO  c.e.s.c.c.ProcessingResponseCacheHandler - ProcessingResponseCacheHandler initialized with ResultsRepository and ResultsMapper.
2025-04-04 21:58:42.342 [restartedMain] INFO  c.e.s.c.c.ProcessingResponseCacheHandler - Scheduled cache cleanup task with cron expression: 0 0 3 * * ?
2025-04-04 21:58:42.471 [restartedMain] INFO  c.e.s.c.e.DatabasePropertySourceAdder - ContextRefreshedEvent received. Adding DatabasePropertySource to environment.
2025-04-04 21:58:42.472 [restartedMain] INFO  c.e.s.c.e.DatabasePropertySource - Initializing DatabasePropertySource: Loading properties from database...
2025-04-04 21:58:42.476 [restartedMain] INFO  c.e.s.c.e.DatabasePropertySource - Loaded 0 properties from database into DatabasePropertySource cache.
2025-04-04 21:58:42.477 [restartedMain] INFO  c.e.s.c.e.DatabasePropertySourceAdder - Successfully added DatabasePropertySource to environment.
2025-04-04 21:58:42.478 [restartedMain] INFO  c.e.s.SatellitePlatformApplication - Started SatellitePlatformApplication in 6.343 seconds (process running for 657.214)
2025-04-04 21:58:42.513 [restartedMain] DEBUG c.e.s.m.u.config.DataInitializer - Admin user(s) already exist. Skipping initial admin creation.
2025-04-04 21:58:51.496 [http-nio-8080-exec-1] INFO  c.e.s.c.RequestResponseLoggingFilter - >>> Request [ede18fde]: POST /api/v1/messaging/messages from 127.0.0.1 - Body: [empty]
2025-04-04 21:58:51.509 [http-nio-8080-exec-1] INFO  c.e.s.m.m.c.MessagingController - Received request to send message from yobtot2@gmail.com to ADMIN_GROUP of type USER_TO_ADMIN
2025-04-04 21:58:51.510 [http-nio-8080-exec-1] ERROR c.e.s.m.m.service.MessagingService - Invalid format for user ID yobtot2@gmail.com: state should be: hexString has 24 characters
2025-04-04 21:58:51.511 [http-nio-8080-exec-1] ERROR c.e.s.m.m.c.MessagingController - Error sending message: Invalid user ID format: yobtot2@gmail.com
2025-04-04 21:58:51.520 [http-nio-8080-exec-1] INFO  c.e.s.c.RequestResponseLoggingFilter - <<< Response [ede18fde]: Status 400 in 26ms - Body: [empty]
2025-04-04 22:00:30.236 [restartedMain] INFO  c.e.s.SatellitePlatformApplication - Starting SatellitePlatformApplication using Java 17.0.12 with PID 12532 (C:\Users\HP\OneDrive\Documents\PFA\SatellitePlatformApplication\Satellite_Platform_Application\target\classes started by HP in C:\Users\HP\OneDrive\Documents\PFA\SatellitePlatformApplication\Satellite_Platform_Application)
2025-04-04 22:00:30.237 [restartedMain] DEBUG c.e.s.SatellitePlatformApplication - Running with Spring Boot v3.3.10, Spring v6.1.18
2025-04-04 22:00:30.238 [restartedMain] INFO  c.e.s.SatellitePlatformApplication - No active profile set, falling back to 1 default profile: "default"
2025-04-04 22:00:32.882 [restartedMain] INFO  c.e.s.config.JwtConfig - JWT Secret: N5xG1aT7q8v2Hq1K3rJ6bC9m5W+Pq2L7Jz9P4w==
2025-04-04 22:00:32.884 [restartedMain] INFO  c.e.s.config.JwtConfig - JWT Expiration: 86400000
2025-04-04 22:00:32.928 [restartedMain] INFO  c.e.s.config.MongoConfig - Creating MongoClient bean with URI from environment...
2025-04-04 22:00:32.929 [restartedMain] DEBUG c.e.s.config.MongoConfig - MongoClient created for URI: mongodb://localhost:27017/satellite_platform
2025-04-04 22:00:33.357 [restartedMain] DEBUG c.e.s.m.u.s.J.JwtAuthenticationFilter - Filter 'jwtAuthenticationFilter' configured for use
2025-04-04 22:00:33.882 [restartedMain] INFO  c.e.s.m.u.a.services.AuditLogService - Audit log path initialized to: C:\logs\audit.log
2025-04-04 22:00:35.429 [restartedMain] INFO  c.e.s.m.m.c.RabbitMQListenerConfig - Setting RabbitMQ listener prefetch count to: 10
2025-04-04 22:00:37.443 [restartedMain] INFO  c.e.s.c.c.ProcessingResponseCacheHandler - ProcessingResponseCacheHandler initialized with ResultsRepository and ResultsMapper.
2025-04-04 22:00:37.449 [restartedMain] INFO  c.e.s.c.c.ProcessingResponseCacheHandler - Scheduled cache cleanup task with cron expression: 0 0 3 * * ?
2025-04-04 22:00:37.575 [restartedMain] INFO  c.e.s.c.e.DatabasePropertySourceAdder - ContextRefreshedEvent received. Adding DatabasePropertySource to environment.
2025-04-04 22:00:37.576 [restartedMain] INFO  c.e.s.c.e.DatabasePropertySource - Initializing DatabasePropertySource: Loading properties from database...
2025-04-04 22:00:37.582 [restartedMain] INFO  c.e.s.c.e.DatabasePropertySource - Loaded 0 properties from database into DatabasePropertySource cache.
2025-04-04 22:00:37.583 [restartedMain] INFO  c.e.s.c.e.DatabasePropertySourceAdder - Successfully added DatabasePropertySource to environment.
2025-04-04 22:00:37.584 [restartedMain] INFO  c.e.s.SatellitePlatformApplication - Started SatellitePlatformApplication in 7.642 seconds (process running for 772.32)
2025-04-04 22:00:37.617 [restartedMain] DEBUG c.e.s.m.u.config.DataInitializer - Admin user(s) already exist. Skipping initial admin creation.
2025-04-04 22:01:09.862 [restartedMain] INFO  c.e.s.SatellitePlatformApplication - Starting SatellitePlatformApplication using Java 17.0.12 with PID 12532 (C:\Users\HP\OneDrive\Documents\PFA\SatellitePlatformApplication\Satellite_Platform_Application\target\classes started by HP in C:\Users\HP\OneDrive\Documents\PFA\SatellitePlatformApplication\Satellite_Platform_Application)
2025-04-04 22:01:09.863 [restartedMain] DEBUG c.e.s.SatellitePlatformApplication - Running with Spring Boot v3.3.10, Spring v6.1.18
2025-04-04 22:01:09.863 [restartedMain] INFO  c.e.s.SatellitePlatformApplication - No active profile set, falling back to 1 default profile: "default"
2025-04-04 22:01:12.786 [restartedMain] INFO  c.e.s.config.JwtConfig - JWT Secret: N5xG1aT7q8v2Hq1K3rJ6bC9m5W+Pq2L7Jz9P4w==
2025-04-04 22:01:12.787 [restartedMain] INFO  c.e.s.config.JwtConfig - JWT Expiration: 86400000
2025-04-04 22:01:12.821 [restartedMain] INFO  c.e.s.config.MongoConfig - Creating MongoClient bean with URI from environment...
2025-04-04 22:01:12.822 [restartedMain] DEBUG c.e.s.config.MongoConfig - MongoClient created for URI: mongodb://localhost:27017/satellite_platform
2025-04-04 22:01:13.252 [restartedMain] DEBUG c.e.s.m.u.s.J.JwtAuthenticationFilter - Filter 'jwtAuthenticationFilter' configured for use
2025-04-04 22:01:13.910 [restartedMain] INFO  c.e.s.m.u.a.services.AuditLogService - Audit log path initialized to: C:\logs\audit.log
2025-04-04 22:01:15.616 [restartedMain] INFO  c.e.s.m.m.c.RabbitMQListenerConfig - Setting RabbitMQ listener prefetch count to: 10
2025-04-04 22:01:18.070 [restartedMain] INFO  c.e.s.c.c.ProcessingResponseCacheHandler - ProcessingResponseCacheHandler initialized with ResultsRepository and ResultsMapper.
2025-04-04 22:01:18.076 [restartedMain] INFO  c.e.s.c.c.ProcessingResponseCacheHandler - Scheduled cache cleanup task with cron expression: 0 0 3 * * ?
2025-04-04 22:01:18.241 [restartedMain] INFO  c.e.s.c.e.DatabasePropertySourceAdder - ContextRefreshedEvent received. Adding DatabasePropertySource to environment.
2025-04-04 22:01:18.242 [restartedMain] INFO  c.e.s.c.e.DatabasePropertySource - Initializing DatabasePropertySource: Loading properties from database...
2025-04-04 22:01:18.247 [restartedMain] INFO  c.e.s.c.e.DatabasePropertySource - Loaded 0 properties from database into DatabasePropertySource cache.
2025-04-04 22:01:18.249 [restartedMain] INFO  c.e.s.c.e.DatabasePropertySourceAdder - Successfully added DatabasePropertySource to environment.
2025-04-04 22:01:18.253 [restartedMain] INFO  c.e.s.SatellitePlatformApplication - Started SatellitePlatformApplication in 8.803 seconds (process running for 812.989)
2025-04-04 22:01:18.299 [restartedMain] DEBUG c.e.s.m.u.config.DataInitializer - Admin user(s) already exist. Skipping initial admin creation.
2025-04-04 22:02:05.290 [restartedMain] INFO  c.e.s.SatellitePlatformApplication - Starting SatellitePlatformApplication using Java 17.0.12 with PID 12532 (C:\Users\HP\OneDrive\Documents\PFA\SatellitePlatformApplication\Satellite_Platform_Application\target\classes started by HP in C:\Users\HP\OneDrive\Documents\PFA\SatellitePlatformApplication\Satellite_Platform_Application)
2025-04-04 22:02:05.291 [restartedMain] DEBUG c.e.s.SatellitePlatformApplication - Running with Spring Boot v3.3.10, Spring v6.1.18
2025-04-04 22:02:05.291 [restartedMain] INFO  c.e.s.SatellitePlatformApplication - No active profile set, falling back to 1 default profile: "default"
2025-04-04 22:02:08.104 [restartedMain] INFO  c.e.s.config.JwtConfig - JWT Secret: N5xG1aT7q8v2Hq1K3rJ6bC9m5W+Pq2L7Jz9P4w==
2025-04-04 22:02:08.104 [restartedMain] INFO  c.e.s.config.JwtConfig - JWT Expiration: 86400000
2025-04-04 22:02:08.145 [restartedMain] INFO  c.e.s.config.MongoConfig - Creating MongoClient bean with URI from environment...
2025-04-04 22:02:08.148 [restartedMain] DEBUG c.e.s.config.MongoConfig - MongoClient created for URI: mongodb://localhost:27017/satellite_platform
2025-04-04 22:02:08.578 [restartedMain] DEBUG c.e.s.m.u.s.J.JwtAuthenticationFilter - Filter 'jwtAuthenticationFilter' configured for use
2025-04-04 22:02:09.155 [restartedMain] INFO  c.e.s.m.u.a.services.AuditLogService - Audit log path initialized to: C:\logs\audit.log
2025-04-04 22:02:10.787 [restartedMain] INFO  c.e.s.m.m.c.RabbitMQListenerConfig - Setting RabbitMQ listener prefetch count to: 10
2025-04-04 22:02:12.547 [restartedMain] INFO  c.e.s.c.c.ProcessingResponseCacheHandler - ProcessingResponseCacheHandler initialized with ResultsRepository and ResultsMapper.
2025-04-04 22:02:12.552 [restartedMain] INFO  c.e.s.c.c.ProcessingResponseCacheHandler - Scheduled cache cleanup task with cron expression: 0 0 3 * * ?
2025-04-04 22:02:12.657 [restartedMain] INFO  c.e.s.c.e.DatabasePropertySourceAdder - ContextRefreshedEvent received. Adding DatabasePropertySource to environment.
2025-04-04 22:02:12.658 [restartedMain] INFO  c.e.s.c.e.DatabasePropertySource - Initializing DatabasePropertySource: Loading properties from database...
2025-04-04 22:02:12.661 [restartedMain] INFO  c.e.s.c.e.DatabasePropertySource - Loaded 0 properties from database into DatabasePropertySource cache.
2025-04-04 22:02:12.662 [restartedMain] INFO  c.e.s.c.e.DatabasePropertySourceAdder - Successfully added DatabasePropertySource to environment.
2025-04-04 22:02:12.665 [restartedMain] INFO  c.e.s.SatellitePlatformApplication - Started SatellitePlatformApplication in 7.646 seconds (process running for 867.401)
2025-04-04 22:02:12.694 [restartedMain] DEBUG c.e.s.m.u.config.DataInitializer - Admin user(s) already exist. Skipping initial admin creation.
2025-04-04 22:03:40.015 [http-nio-8080-exec-1] INFO  c.e.s.c.RequestResponseLoggingFilter - >>> Request [fa439468]: POST /api/v1/messaging/messages from 127.0.0.1 - Body: [empty]
2025-04-04 22:03:40.036 [http-nio-8080-exec-1] INFO  c.e.s.m.m.c.MessagingController - Received request to send message from user ID 67f047b75ef6b30b9b40eec5 (email: yobtot2@gmail.com) to ADMIN_GROUP of type USER_TO_ADMIN
2025-04-04 22:03:40.041 [http-nio-8080-exec-1] INFO  c.e.s.m.m.s.RabbitMQProducerService - Sending ADMIN related message ef7f3135-4dd1-46f3-9d3f-d0bbcca96ad1 to exchange messaging.topic.exchange with routing key admin.message
2025-04-04 22:03:40.082 [http-nio-8080-exec-1] INFO  c.e.s.m.m.s.RabbitMQProducerService - Message ef7f3135-4dd1-46f3-9d3f-d0bbcca96ad1 sent successfully.
2025-04-04 22:03:40.083 [http-nio-8080-exec-1] INFO  c.e.s.m.m.service.MessagingService - Message ID: ef7f3135-4dd1-46f3-9d3f-d0bbcca96ad1 produced to RabbitMQ.
2025-04-04 22:03:40.095 [http-nio-8080-exec-1] INFO  c.e.s.c.RequestResponseLoggingFilter - <<< Response [fa439468]: Status 202 in 81ms - Body: {"id":"ef7f3135-4dd1-46f3-9d3f-d0bbcca96ad1","senderId":"67f047b75ef6b30b9b40eec5","content":"Help request: My account seems locked.","timestamp":"2025-04-04T22:03:40.0407737","messageType":"USER_TO_ADMIN","attachments":[],"reactions":[]}
2025-04-04 22:03:40.118 [org.springframework.amqp.rabbit.RabbitListenerEndpointContainer#2-1] INFO  c.e.s.m.m.s.RabbitMQConsumerService - Received ADMIN message: ef7f3135-4dd1-46f3-9d3f-d0bbcca96ad1
2025-04-04 22:03:40.154 [org.springframework.amqp.rabbit.RabbitListenerEndpointContainer#2-1] INFO  c.e.s.m.m.s.RabbitMQConsumerService - Processing message ID: ef7f3135-4dd1-46f3-9d3f-d0bbcca96ad1
2025-04-04 22:03:40.154 [org.springframework.amqp.rabbit.RabbitListenerEndpointContainer#2-1] INFO  c.e.s.m.m.service.MessagingService - Attempting to save received message ID: ef7f3135-4dd1-46f3-9d3f-d0bbcca96ad1
2025-04-04 22:03:40.166 [org.springframework.amqp.rabbit.RabbitListenerEndpointContainer#2-1] INFO  c.e.s.m.m.service.MessagingService - Creating new conversation for participants: [67f047b75ef6b30b9b40eec5, ADMIN_GROUP]
2025-04-04 22:03:40.190 [org.springframework.amqp.rabbit.RabbitListenerEndpointContainer#2-1] INFO  c.e.s.m.m.service.MessagingService - Message ID: ef7f3135-4dd1-46f3-9d3f-d0bbcca96ad1 successfully saved to conversation ID: 67f0492c5ef6b30b9b40eecf
2025-04-04 22:03:40.191 [org.springframework.amqp.rabbit.RabbitListenerEndpointContainer#2-1] INFO  c.e.s.m.m.s.RabbitMQConsumerService - Successfully processed message ID: ef7f3135-4dd1-46f3-9d3f-d0bbcca96ad1
2025-04-04 22:03:58.189 [restartedMain] INFO  c.e.s.SatellitePlatformApplication - Starting SatellitePlatformApplication using Java 17.0.12 with PID 12532 (C:\Users\HP\OneDrive\Documents\PFA\SatellitePlatformApplication\Satellite_Platform_Application\target\classes started by HP in C:\Users\HP\OneDrive\Documents\PFA\SatellitePlatformApplication\Satellite_Platform_Application)
2025-04-04 22:03:58.189 [restartedMain] DEBUG c.e.s.SatellitePlatformApplication - Running with Spring Boot v3.3.10, Spring v6.1.18
2025-04-04 22:03:58.189 [restartedMain] INFO  c.e.s.SatellitePlatformApplication - No active profile set, falling back to 1 default profile: "default"
2025-04-04 22:03:59.456 [restartedMain] INFO  c.e.s.config.JwtConfig - JWT Secret: N5xG1aT7q8v2Hq1K3rJ6bC9m5W+Pq2L7Jz9P4w==
2025-04-04 22:03:59.457 [restartedMain] INFO  c.e.s.config.JwtConfig - JWT Expiration: 86400000
2025-04-04 22:03:59.486 [restartedMain] INFO  c.e.s.config.MongoConfig - Creating MongoClient bean with URI from environment...
2025-04-04 22:03:59.487 [restartedMain] DEBUG c.e.s.config.MongoConfig - MongoClient created for URI: mongodb://localhost:27017/satellite_platform
2025-04-04 22:03:59.678 [restartedMain] DEBUG c.e.s.m.u.s.J.JwtAuthenticationFilter - Filter 'jwtAuthenticationFilter' configured for use
2025-04-04 22:03:59.954 [restartedMain] INFO  c.e.s.m.u.a.services.AuditLogService - Audit log path initialized to: C:\logs\audit.log
2025-04-04 22:04:00.803 [restartedMain] INFO  c.e.s.m.m.c.RabbitMQListenerConfig - Setting RabbitMQ listener prefetch count to: 10
2025-04-04 22:04:02.019 [restartedMain] INFO  c.e.s.c.c.ProcessingResponseCacheHandler - ProcessingResponseCacheHandler initialized with ResultsRepository and ResultsMapper.
2025-04-04 22:04:02.022 [restartedMain] INFO  c.e.s.c.c.ProcessingResponseCacheHandler - Scheduled cache cleanup task with cron expression: 0 0 3 * * ?
2025-04-04 22:04:02.103 [restartedMain] INFO  c.e.s.c.e.DatabasePropertySourceAdder - ContextRefreshedEvent received. Adding DatabasePropertySource to environment.
2025-04-04 22:04:02.103 [restartedMain] INFO  c.e.s.c.e.DatabasePropertySource - Initializing DatabasePropertySource: Loading properties from database...
2025-04-04 22:04:02.106 [restartedMain] INFO  c.e.s.c.e.DatabasePropertySource - Loaded 0 properties from database into DatabasePropertySource cache.
2025-04-04 22:04:02.107 [restartedMain] INFO  c.e.s.c.e.DatabasePropertySourceAdder - Successfully added DatabasePropertySource to environment.
2025-04-04 22:04:02.109 [restartedMain] INFO  c.e.s.SatellitePlatformApplication - Started SatellitePlatformApplication in 4.117 seconds (process running for 976.845)
2025-04-04 22:04:02.135 [restartedMain] DEBUG c.e.s.m.u.config.DataInitializer - Admin user(s) already exist. Skipping initial admin creation.
2025-04-04 22:04:10.773 [restartedMain] INFO  c.e.s.SatellitePlatformApplication - Starting SatellitePlatformApplication using Java 17.0.12 with PID 12532 (C:\Users\HP\OneDrive\Documents\PFA\SatellitePlatformApplication\Satellite_Platform_Application\target\classes started by HP in C:\Users\HP\OneDrive\Documents\PFA\SatellitePlatformApplication\Satellite_Platform_Application)
2025-04-04 22:04:10.774 [restartedMain] DEBUG c.e.s.SatellitePlatformApplication - Running with Spring Boot v3.3.10, Spring v6.1.18
2025-04-04 22:04:10.774 [restartedMain] INFO  c.e.s.SatellitePlatformApplication - No active profile set, falling back to 1 default profile: "default"
2025-04-04 22:04:12.173 [restartedMain] INFO  c.e.s.config.JwtConfig - JWT Secret: N5xG1aT7q8v2Hq1K3rJ6bC9m5W+Pq2L7Jz9P4w==
2025-04-04 22:04:12.173 [restartedMain] INFO  c.e.s.config.JwtConfig - JWT Expiration: 86400000
2025-04-04 22:04:12.196 [restartedMain] INFO  c.e.s.config.MongoConfig - Creating MongoClient bean with URI from environment...
2025-04-04 22:04:12.197 [restartedMain] DEBUG c.e.s.config.MongoConfig - MongoClient created for URI: mongodb://localhost:27017/satellite_platform
2025-04-04 22:04:12.445 [restartedMain] DEBUG c.e.s.m.u.s.J.JwtAuthenticationFilter - Filter 'jwtAuthenticationFilter' configured for use
2025-04-04 22:04:12.824 [restartedMain] INFO  c.e.s.m.u.a.services.AuditLogService - Audit log path initialized to: C:\logs\audit.log
2025-04-04 22:04:14.214 [restartedMain] INFO  c.e.s.m.m.c.RabbitMQListenerConfig - Setting RabbitMQ listener prefetch count to: 10
2025-04-04 22:04:15.780 [restartedMain] INFO  c.e.s.c.c.ProcessingResponseCacheHandler - ProcessingResponseCacheHandler initialized with ResultsRepository and ResultsMapper.
2025-04-04 22:04:15.785 [restartedMain] INFO  c.e.s.c.c.ProcessingResponseCacheHandler - Scheduled cache cleanup task with cron expression: 0 0 3 * * ?
2025-04-04 22:04:15.876 [restartedMain] INFO  c.e.s.c.e.DatabasePropertySourceAdder - ContextRefreshedEvent received. Adding DatabasePropertySource to environment.
2025-04-04 22:04:15.877 [restartedMain] INFO  c.e.s.c.e.DatabasePropertySource - Initializing DatabasePropertySource: Loading properties from database...
2025-04-04 22:04:15.885 [restartedMain] INFO  c.e.s.c.e.DatabasePropertySource - Loaded 0 properties from database into DatabasePropertySource cache.
2025-04-04 22:04:15.886 [restartedMain] INFO  c.e.s.c.e.DatabasePropertySourceAdder - Successfully added DatabasePropertySource to environment.
2025-04-04 22:04:15.888 [restartedMain] INFO  c.e.s.SatellitePlatformApplication - Started SatellitePlatformApplication in 5.311 seconds (process running for 990.623)
2025-04-04 22:04:15.921 [restartedMain] DEBUG c.e.s.m.u.config.DataInitializer - Admin user(s) already exist. Skipping initial admin creation.
2025-04-04 22:04:18.447 [restartedMain] INFO  c.e.s.SatellitePlatformApplication - Starting SatellitePlatformApplication using Java 17.0.12 with PID 12532 (C:\Users\HP\OneDrive\Documents\PFA\SatellitePlatformApplication\Satellite_Platform_Application\target\classes started by HP in C:\Users\HP\OneDrive\Documents\PFA\SatellitePlatformApplication\Satellite_Platform_Application)
2025-04-04 22:04:18.448 [restartedMain] DEBUG c.e.s.SatellitePlatformApplication - Running with Spring Boot v3.3.10, Spring v6.1.18
2025-04-04 22:04:18.448 [restartedMain] INFO  c.e.s.SatellitePlatformApplication - No active profile set, falling back to 1 default profile: "default"
2025-04-04 22:04:19.742 [restartedMain] INFO  c.e.s.config.JwtConfig - JWT Secret: N5xG1aT7q8v2Hq1K3rJ6bC9m5W+Pq2L7Jz9P4w==
2025-04-04 22:04:19.743 [restartedMain] INFO  c.e.s.config.JwtConfig - JWT Expiration: 86400000
2025-04-04 22:04:19.764 [restartedMain] INFO  c.e.s.config.MongoConfig - Creating MongoClient bean with URI from environment...
2025-04-04 22:04:19.765 [restartedMain] DEBUG c.e.s.config.MongoConfig - MongoClient created for URI: mongodb://localhost:27017/satellite_platform
2025-04-04 22:04:20.008 [restartedMain] DEBUG c.e.s.m.u.s.J.JwtAuthenticationFilter - Filter 'jwtAuthenticationFilter' configured for use
2025-04-04 22:04:20.309 [restartedMain] INFO  c.e.s.m.u.a.services.AuditLogService - Audit log path initialized to: C:\logs\audit.log
2025-04-04 22:04:21.121 [restartedMain] INFO  c.e.s.m.m.c.RabbitMQListenerConfig - Setting RabbitMQ listener prefetch count to: 10
2025-04-04 22:04:22.302 [restartedMain] INFO  c.e.s.c.c.ProcessingResponseCacheHandler - ProcessingResponseCacheHandler initialized with ResultsRepository and ResultsMapper.
2025-04-04 22:04:22.304 [restartedMain] INFO  c.e.s.c.c.ProcessingResponseCacheHandler - Scheduled cache cleanup task with cron expression: 0 0 3 * * ?
2025-04-04 22:04:22.363 [restartedMain] INFO  c.e.s.c.e.DatabasePropertySourceAdder - ContextRefreshedEvent received. Adding DatabasePropertySource to environment.
2025-04-04 22:04:22.370 [restartedMain] INFO  c.e.s.c.e.DatabasePropertySource - Initializing DatabasePropertySource: Loading properties from database...
2025-04-04 22:04:22.375 [restartedMain] INFO  c.e.s.c.e.DatabasePropertySource - Loaded 0 properties from database into DatabasePropertySource cache.
2025-04-04 22:04:22.376 [restartedMain] INFO  c.e.s.c.e.DatabasePropertySourceAdder - Successfully added DatabasePropertySource to environment.
2025-04-04 22:04:22.377 [restartedMain] INFO  c.e.s.SatellitePlatformApplication - Started SatellitePlatformApplication in 4.115 seconds (process running for 997.113)
2025-04-04 22:04:22.396 [restartedMain] DEBUG c.e.s.m.u.config.DataInitializer - Admin user(s) already exist. Skipping initial admin creation.
2025-04-04 22:04:28.984 [restartedMain] INFO  c.e.s.SatellitePlatformApplication - Starting SatellitePlatformApplication using Java 17.0.12 with PID 12532 (C:\Users\HP\OneDrive\Documents\PFA\SatellitePlatformApplication\Satellite_Platform_Application\target\classes started by HP in C:\Users\HP\OneDrive\Documents\PFA\SatellitePlatformApplication\Satellite_Platform_Application)
2025-04-04 22:04:28.984 [restartedMain] DEBUG c.e.s.SatellitePlatformApplication - Running with Spring Boot v3.3.10, Spring v6.1.18
2025-04-04 22:04:28.985 [restartedMain] INFO  c.e.s.SatellitePlatformApplication - No active profile set, falling back to 1 default profile: "default"
2025-04-04 22:04:30.308 [restartedMain] INFO  c.e.s.config.JwtConfig - JWT Secret: N5xG1aT7q8v2Hq1K3rJ6bC9m5W+Pq2L7Jz9P4w==
2025-04-04 22:04:30.308 [restartedMain] INFO  c.e.s.config.JwtConfig - JWT Expiration: 86400000
2025-04-04 22:04:30.325 [restartedMain] INFO  c.e.s.config.MongoConfig - Creating MongoClient bean with URI from environment...
2025-04-04 22:04:30.326 [restartedMain] DEBUG c.e.s.config.MongoConfig - MongoClient created for URI: mongodb://localhost:27017/satellite_platform
2025-04-04 22:04:30.570 [restartedMain] DEBUG c.e.s.m.u.s.J.JwtAuthenticationFilter - Filter 'jwtAuthenticationFilter' configured for use
2025-04-04 22:04:30.870 [restartedMain] INFO  c.e.s.m.u.a.services.AuditLogService - Audit log path initialized to: C:\logs\audit.log
2025-04-04 22:04:32.320 [restartedMain] INFO  c.e.s.m.m.c.RabbitMQListenerConfig - Setting RabbitMQ listener prefetch count to: 10
2025-04-04 22:04:33.464 [restartedMain] INFO  c.e.s.c.c.ProcessingResponseCacheHandler - ProcessingResponseCacheHandler initialized with ResultsRepository and ResultsMapper.
2025-04-04 22:04:33.467 [restartedMain] INFO  c.e.s.c.c.ProcessingResponseCacheHandler - Scheduled cache cleanup task with cron expression: 0 0 3 * * ?
2025-04-04 22:04:33.546 [restartedMain] INFO  c.e.s.c.e.DatabasePropertySourceAdder - ContextRefreshedEvent received. Adding DatabasePropertySource to environment.
2025-04-04 22:04:33.547 [restartedMain] INFO  c.e.s.c.e.DatabasePropertySource - Initializing DatabasePropertySource: Loading properties from database...
2025-04-04 22:04:33.551 [restartedMain] INFO  c.e.s.c.e.DatabasePropertySource - Loaded 0 properties from database into DatabasePropertySource cache.
2025-04-04 22:04:33.552 [restartedMain] INFO  c.e.s.c.e.DatabasePropertySourceAdder - Successfully added DatabasePropertySource to environment.
2025-04-04 22:04:33.553 [restartedMain] INFO  c.e.s.SatellitePlatformApplication - Started SatellitePlatformApplication in 4.754 seconds (process running for 1008.289)
2025-04-04 22:04:33.574 [restartedMain] DEBUG c.e.s.m.u.config.DataInitializer - Admin user(s) already exist. Skipping initial admin creation.
2025-04-04 22:04:36.116 [restartedMain] INFO  c.e.s.SatellitePlatformApplication - Starting SatellitePlatformApplication using Java 17.0.12 with PID 12532 (C:\Users\HP\OneDrive\Documents\PFA\SatellitePlatformApplication\Satellite_Platform_Application\target\classes started by HP in C:\Users\HP\OneDrive\Documents\PFA\SatellitePlatformApplication\Satellite_Platform_Application)
2025-04-04 22:04:36.117 [restartedMain] DEBUG c.e.s.SatellitePlatformApplication - Running with Spring Boot v3.3.10, Spring v6.1.18
2025-04-04 22:04:36.117 [restartedMain] INFO  c.e.s.SatellitePlatformApplication - No active profile set, falling back to 1 default profile: "default"
2025-04-04 22:04:37.335 [restartedMain] INFO  c.e.s.config.JwtConfig - JWT Secret: N5xG1aT7q8v2Hq1K3rJ6bC9m5W+Pq2L7Jz9P4w==
2025-04-04 22:04:37.336 [restartedMain] INFO  c.e.s.config.JwtConfig - JWT Expiration: 86400000
2025-04-04 22:04:37.355 [restartedMain] INFO  c.e.s.config.MongoConfig - Creating MongoClient bean with URI from environment...
2025-04-04 22:04:37.356 [restartedMain] DEBUG c.e.s.config.MongoConfig - MongoClient created for URI: mongodb://localhost:27017/satellite_platform
2025-04-04 22:04:37.545 [restartedMain] DEBUG c.e.s.m.u.s.J.JwtAuthenticationFilter - Filter 'jwtAuthenticationFilter' configured for use
2025-04-04 22:04:37.824 [restartedMain] INFO  c.e.s.m.u.a.services.AuditLogService - Audit log path initialized to: C:\logs\audit.log
2025-04-04 22:04:38.633 [restartedMain] INFO  c.e.s.m.m.c.RabbitMQListenerConfig - Setting RabbitMQ listener prefetch count to: 10
2025-04-04 22:04:39.668 [restartedMain] INFO  c.e.s.c.c.ProcessingResponseCacheHandler - ProcessingResponseCacheHandler initialized with ResultsRepository and ResultsMapper.
2025-04-04 22:04:39.670 [restartedMain] INFO  c.e.s.c.c.ProcessingResponseCacheHandler - Scheduled cache cleanup task with cron expression: 0 0 3 * * ?
2025-04-04 22:04:39.732 [restartedMain] INFO  c.e.s.c.e.DatabasePropertySourceAdder - ContextRefreshedEvent received. Adding DatabasePropertySource to environment.
2025-04-04 22:04:39.733 [restartedMain] INFO  c.e.s.c.e.DatabasePropertySource - Initializing DatabasePropertySource: Loading properties from database...
2025-04-04 22:04:39.737 [restartedMain] INFO  c.e.s.c.e.DatabasePropertySource - Loaded 0 properties from database into DatabasePropertySource cache.
2025-04-04 22:04:39.737 [restartedMain] INFO  c.e.s.c.e.DatabasePropertySourceAdder - Successfully added DatabasePropertySource to environment.
2025-04-04 22:04:39.738 [restartedMain] INFO  c.e.s.SatellitePlatformApplication - Started SatellitePlatformApplication in 3.797 seconds (process running for 1014.473)
2025-04-04 22:04:39.753 [restartedMain] DEBUG c.e.s.m.u.config.DataInitializer - Admin user(s) already exist. Skipping initial admin creation.
2025-04-04 22:05:03.760 [http-nio-8080-exec-2] INFO  c.e.s.c.RequestResponseLoggingFilter - >>> Request [9824e293]: GET /api/v1/messaging/conversations from 127.0.0.1 - Body: [empty]
2025-04-04 22:05:03.770 [http-nio-8080-exec-2] INFO  c.e.s.m.m.c.MessagingController - Fetching conversations for user ID 67f047b75ef6b30b9b40eec5 (email: yobtot2@gmail.com)
2025-04-04 22:05:03.794 [http-nio-8080-exec-2] INFO  c.e.s.c.RequestResponseLoggingFilter - <<< Response [9824e293]: Status 200 in 33ms - Body: [{"id":"67f0492c5ef6b30b9b40eecf","participants":["67f047b75ef6b30b9b40eec5","ADMIN_GROUP"],"messages":[{"id":"ef7f3135-4dd1-46f3-9d3f-d0bbcca96ad1","senderId":"67f047b75ef6b30b9b40eec5","content":"Help request: My account seems locked.","timestamp":"2025-04-04T22:03:40.04","messageType":"USER_TO_ADMIN","attachments":[],"reactions":[]}],"createdAt":"2025-04-04T22:03:40.166","lastUpdatedAt":"2025-04-04T22:03:40.04"}]
2025-04-04 22:41:19.093 [http-nio-8080-exec-1] INFO  c.e.s.c.RequestResponseLoggingFilter - >>> Request [7e4ac021]: POST /api/auth/signup from 127.0.0.1 - Body: [empty]
2025-04-04 22:41:19.202 [http-nio-8080-exec-1] INFO  c.e.s.m.u.u.services.UserService - User signed up successfully with email: yobtot8@gmail.com
2025-04-04 22:41:19.205 [http-nio-8080-exec-1] INFO  c.e.s.c.RequestResponseLoggingFilter - <<< Response [7e4ac021]: Status 200 in 112ms - Body: User registered successfully.
2025-04-04 22:41:22.531 [http-nio-8080-exec-3] INFO  c.e.s.c.RequestResponseLoggingFilter - >>> Request [cebc4d5d]: POST /api/auth/signin from 127.0.0.1 - Body: [empty]
2025-04-04 22:41:22.716 [http-nio-8080-exec-3] INFO  c.e.s.m.u.u.services.UserService - User signed in successfully with email: yobtot8@gmail.com
2025-04-04 22:41:22.731 [http-nio-8080-exec-3] INFO  c.e.s.c.RequestResponseLoggingFilter - <<< Response [cebc4d5d]: Status 200 in 200ms - Body: {"token":"eyJhbGciOiJIUzI1NiJ9.eyJuYW1lIjoieW9idG90OEBnbWFpbC5jb20iLCJlbWFpbCI6InlvYnRvdDhAZ21haWwuY29tIiwicm9sZXMiOlsiUk9MRV9USEVNQVRJQ0lBTiJdLCJzdWIiOiJ5b2J0b3Q4QGdtYWlsLmNvbSIsImlhdCI6MTc0MzgwMjg4MiwiZXhwIjoxNzQzODg5MjgyfQ.Qv3eBIMU2Lu2OmHYaVQeCQw1CVka40DMc1AcHIrSWOM","userId":"67f051ff5ef6b30b9b40eeda"}
2025-04-04 22:41:22.738 [SimpleAsyncTaskExecutor-1] DEBUG c.e.s.m.u.a.s.ActivityLogService - Logged activity: User='yobtot8@gmail.com', Action='USER_LOGIN'
2025-04-04 22:42:06.614 [http-nio-8080-exec-4] INFO  c.e.s.c.RequestResponseLoggingFilter - >>> Request [2bf3776a]: POST /api/v1/messaging/messages from 127.0.0.1 - Body: [empty]
2025-04-04 22:42:06.642 [http-nio-8080-exec-4] INFO  c.e.s.m.m.c.MessagingController - Received request to send message from user ID 67f047b75ef6b30b9b40eec5 (email: yobtot2@gmail.com) to 67f051ff5ef6b30b9b40eeda of type USER_TO_USER
2025-04-04 22:42:06.649 [http-nio-8080-exec-4] INFO  c.e.s.m.m.s.RabbitMQProducerService - Sending USER_TO_USER message 6d749071-4ca2-436b-93d6-e471c365af56 to exchange messaging.direct.exchange with routing key messaging.user.direct.queue
2025-04-04 22:42:06.663 [http-nio-8080-exec-4] INFO  c.e.s.m.m.s.RabbitMQProducerService - Message 6d749071-4ca2-436b-93d6-e471c365af56 sent successfully.
2025-04-04 22:42:06.663 [http-nio-8080-exec-4] INFO  c.e.s.m.m.service.MessagingService - Message ID: 6d749071-4ca2-436b-93d6-e471c365af56 produced to RabbitMQ.
2025-04-04 22:42:06.670 [http-nio-8080-exec-4] INFO  c.e.s.c.RequestResponseLoggingFilter - <<< Response [2bf3776a]: Status 202 in 55ms - Body: {"id":"6d749071-4ca2-436b-93d6-e471c365af56","senderId":"67f047b75ef6b30b9b40eec5","content":"Hello User B, this is a test message!","timestamp":"2025-04-04T22:42:06.6482206","messageType":"USER_TO_USER","attachments":[],"reactions":[]}
2025-04-04 22:42:06.679 [org.springframework.amqp.rabbit.RabbitListenerEndpointContainer#3-1] INFO  c.e.s.m.m.s.RabbitMQConsumerService - Received USER_DIRECT message: 6d749071-4ca2-436b-93d6-e471c365af56
2025-04-04 22:42:06.685 [org.springframework.amqp.rabbit.RabbitListenerEndpointContainer#3-1] INFO  c.e.s.m.m.s.RabbitMQConsumerService - Processing message ID: 6d749071-4ca2-436b-93d6-e471c365af56
2025-04-04 22:42:06.686 [org.springframework.amqp.rabbit.RabbitListenerEndpointContainer#3-1] INFO  c.e.s.m.m.service.MessagingService - Attempting to save received message ID: 6d749071-4ca2-436b-93d6-e471c365af56
2025-04-04 22:42:06.686 [org.springframework.amqp.rabbit.RabbitListenerEndpointContainer#3-1] WARN  c.e.s.m.m.service.MessagingService - Could not determine recipient for USER_TO_USER message ID: 6d749071-4ca2-436b-93d6-e471c365af56
2025-04-04 22:42:06.686 [org.springframework.amqp.rabbit.RabbitListenerEndpointContainer#3-1] ERROR c.e.s.m.m.service.MessagingService - Could not determine participants for message ID: 6d749071-4ca2-436b-93d6-e471c365af56. Skipping save.
2025-04-04 22:42:06.687 [org.springframework.amqp.rabbit.RabbitListenerEndpointContainer#3-1] INFO  c.e.s.m.m.s.RabbitMQConsumerService - Successfully processed message ID: 6d749071-4ca2-436b-93d6-e471c365af56
2025-04-04 22:43:10.767 [http-nio-8080-exec-5] INFO  c.e.s.c.RequestResponseLoggingFilter - >>> Request [cc60e4c3]: POST /api/v1/messaging/messages from 127.0.0.1 - Body: [empty]
2025-04-04 22:43:10.783 [http-nio-8080-exec-5] INFO  c.e.s.m.m.c.MessagingController - Received request to send message from user ID 67f047b75ef6b30b9b40eec5 (email: yobtot2@gmail.com) to 67f051ff5ef6b30b9b40eeda of type USER_TO_USER
2025-04-04 22:43:10.788 [http-nio-8080-exec-5] INFO  c.e.s.m.m.s.RabbitMQProducerService - Sending USER_TO_USER message b99cf0ed-26db-46c8-b3f6-c20b0450f4de to exchange messaging.direct.exchange with routing key messaging.user.direct.queue
2025-04-04 22:43:10.789 [http-nio-8080-exec-5] INFO  c.e.s.m.m.s.RabbitMQProducerService - Message b99cf0ed-26db-46c8-b3f6-c20b0450f4de sent successfully.
2025-04-04 22:43:10.790 [http-nio-8080-exec-5] INFO  c.e.s.m.m.service.MessagingService - Message ID: b99cf0ed-26db-46c8-b3f6-c20b0450f4de produced to RabbitMQ.
2025-04-04 22:43:10.791 [http-nio-8080-exec-5] INFO  c.e.s.c.RequestResponseLoggingFilter - <<< Response [cc60e4c3]: Status 202 in 24ms - Body: {"id":"b99cf0ed-26db-46c8-b3f6-c20b0450f4de","senderId":"67f047b75ef6b30b9b40eec5","content":"Hello User B, this is a test message!","timestamp":"2025-04-04T22:43:10.7883995","messageType":"USER_TO_USER","attachments":[],"reactions":[]}
2025-04-04 22:43:10.796 [org.springframework.amqp.rabbit.RabbitListenerEndpointContainer#3-1] INFO  c.e.s.m.m.s.RabbitMQConsumerService - Received USER_DIRECT message: b99cf0ed-26db-46c8-b3f6-c20b0450f4de
2025-04-04 22:43:10.801 [org.springframework.amqp.rabbit.RabbitListenerEndpointContainer#3-1] INFO  c.e.s.m.m.s.RabbitMQConsumerService - Processing message ID: b99cf0ed-26db-46c8-b3f6-c20b0450f4de
2025-04-04 22:43:10.801 [org.springframework.amqp.rabbit.RabbitListenerEndpointContainer#3-1] INFO  c.e.s.m.m.service.MessagingService - Attempting to save received message ID: b99cf0ed-26db-46c8-b3f6-c20b0450f4de
2025-04-04 22:43:10.802 [org.springframework.amqp.rabbit.RabbitListenerEndpointContainer#3-1] WARN  c.e.s.m.m.service.MessagingService - Could not determine recipient for USER_TO_USER message ID: b99cf0ed-26db-46c8-b3f6-c20b0450f4de
2025-04-04 22:43:10.802 [org.springframework.amqp.rabbit.RabbitListenerEndpointContainer#3-1] ERROR c.e.s.m.m.service.MessagingService - Could not determine participants for message ID: b99cf0ed-26db-46c8-b3f6-c20b0450f4de. Skipping save.
2025-04-04 22:43:10.803 [org.springframework.amqp.rabbit.RabbitListenerEndpointContainer#3-1] INFO  c.e.s.m.m.s.RabbitMQConsumerService - Successfully processed message ID: b99cf0ed-26db-46c8-b3f6-c20b0450f4de
2025-04-04 22:49:44.058 [restartedMain] INFO  c.e.s.SatellitePlatformApplication - Starting SatellitePlatformApplication using Java 17.0.12 with PID 12532 (C:\Users\HP\OneDrive\Documents\PFA\SatellitePlatformApplication\Satellite_Platform_Application\target\classes started by HP in C:\Users\HP\OneDrive\Documents\PFA\SatellitePlatformApplication\Satellite_Platform_Application)
2025-04-04 22:49:44.059 [restartedMain] DEBUG c.e.s.SatellitePlatformApplication - Running with Spring Boot v3.3.10, Spring v6.1.18
2025-04-04 22:49:44.059 [restartedMain] INFO  c.e.s.SatellitePlatformApplication - No active profile set, falling back to 1 default profile: "default"
2025-04-04 22:49:45.359 [restartedMain] INFO  c.e.s.config.JwtConfig - JWT Secret: N5xG1aT7q8v2Hq1K3rJ6bC9m5W+Pq2L7Jz9P4w==
2025-04-04 22:49:45.359 [restartedMain] INFO  c.e.s.config.JwtConfig - JWT Expiration: 86400000
2025-04-04 22:49:45.380 [restartedMain] INFO  c.e.s.config.MongoConfig - Creating MongoClient bean with URI from environment...
2025-04-04 22:49:45.381 [restartedMain] DEBUG c.e.s.config.MongoConfig - MongoClient created for URI: mongodb://localhost:27017/satellite_platform
2025-04-04 22:49:45.571 [restartedMain] DEBUG c.e.s.m.u.s.J.JwtAuthenticationFilter - Filter 'jwtAuthenticationFilter' configured for use
2025-04-04 22:49:45.819 [restartedMain] INFO  c.e.s.m.u.a.services.AuditLogService - Audit log path initialized to: C:\logs\audit.log
2025-04-04 22:49:46.586 [restartedMain] INFO  c.e.s.m.m.c.RabbitMQListenerConfig - Setting RabbitMQ listener prefetch count to: 10
2025-04-04 22:49:47.744 [restartedMain] INFO  c.e.s.c.c.ProcessingResponseCacheHandler - ProcessingResponseCacheHandler initialized with ResultsRepository and ResultsMapper.
2025-04-04 22:49:47.749 [restartedMain] INFO  c.e.s.c.c.ProcessingResponseCacheHandler - Scheduled cache cleanup task with cron expression: 0 0 3 * * ?
2025-04-04 22:49:47.826 [restartedMain] INFO  c.e.s.c.e.DatabasePropertySourceAdder - ContextRefreshedEvent received. Adding DatabasePropertySource to environment.
2025-04-04 22:49:47.826 [restartedMain] INFO  c.e.s.c.e.DatabasePropertySource - Initializing DatabasePropertySource: Loading properties from database...
2025-04-04 22:49:47.832 [restartedMain] INFO  c.e.s.c.e.DatabasePropertySource - Loaded 0 properties from database into DatabasePropertySource cache.
2025-04-04 22:49:47.833 [restartedMain] INFO  c.e.s.c.e.DatabasePropertySourceAdder - Successfully added DatabasePropertySource to environment.
2025-04-04 22:49:47.835 [restartedMain] INFO  c.e.s.SatellitePlatformApplication - Started SatellitePlatformApplication in 3.992 seconds (process running for 3722.57)
2025-04-04 22:49:47.860 [restartedMain] DEBUG c.e.s.m.u.config.DataInitializer - Admin user(s) already exist. Skipping initial admin creation.
2025-04-04 22:55:25.883 [restartedMain] INFO  c.e.s.SatellitePlatformApplication - Starting SatellitePlatformApplication using Java 17.0.12 with PID 12532 (C:\Users\HP\OneDrive\Documents\PFA\SatellitePlatformApplication\Satellite_Platform_Application\target\classes started by HP in C:\Users\HP\OneDrive\Documents\PFA\SatellitePlatformApplication\Satellite_Platform_Application)
2025-04-04 22:55:25.884 [restartedMain] DEBUG c.e.s.SatellitePlatformApplication - Running with Spring Boot v3.3.10, Spring v6.1.18
2025-04-04 22:55:25.884 [restartedMain] INFO  c.e.s.SatellitePlatformApplication - No active profile set, falling back to 1 default profile: "default"
2025-04-04 22:55:27.062 [restartedMain] INFO  c.e.s.config.JwtConfig - JWT Secret: N5xG1aT7q8v2Hq1K3rJ6bC9m5W+Pq2L7Jz9P4w==
2025-04-04 22:55:27.063 [restartedMain] INFO  c.e.s.config.JwtConfig - JWT Expiration: 86400000
2025-04-04 22:55:27.078 [restartedMain] INFO  c.e.s.config.MongoConfig - Creating MongoClient bean with URI from environment...
2025-04-04 22:55:27.078 [restartedMain] DEBUG c.e.s.config.MongoConfig - MongoClient created for URI: mongodb://localhost:27017/satellite_platform
2025-04-04 22:55:27.255 [restartedMain] DEBUG c.e.s.m.u.s.J.JwtAuthenticationFilter - Filter 'jwtAuthenticationFilter' configured for use
2025-04-04 22:55:27.504 [restartedMain] INFO  c.e.s.m.u.a.services.AuditLogService - Audit log path initialized to: C:\logs\audit.log
2025-04-04 22:55:28.230 [restartedMain] INFO  c.e.s.m.m.c.RabbitMQListenerConfig - Setting RabbitMQ listener prefetch count to: 10
2025-04-04 22:55:29.471 [restartedMain] INFO  c.e.s.c.c.ProcessingResponseCacheHandler - ProcessingResponseCacheHandler initialized with ResultsRepository and ResultsMapper.
2025-04-04 22:55:29.473 [restartedMain] INFO  c.e.s.c.c.ProcessingResponseCacheHandler - Scheduled cache cleanup task with cron expression: 0 0 3 * * ?
2025-04-04 22:55:29.557 [restartedMain] INFO  c.e.s.c.e.DatabasePropertySourceAdder - ContextRefreshedEvent received. Adding DatabasePropertySource to environment.
2025-04-04 22:55:29.559 [restartedMain] INFO  c.e.s.c.e.DatabasePropertySource - Initializing DatabasePropertySource: Loading properties from database...
2025-04-04 22:55:29.566 [restartedMain] INFO  c.e.s.c.e.DatabasePropertySource - Loaded 0 properties from database into DatabasePropertySource cache.
2025-04-04 22:55:29.566 [restartedMain] INFO  c.e.s.c.e.DatabasePropertySourceAdder - Successfully added DatabasePropertySource to environment.
2025-04-04 22:55:29.569 [restartedMain] INFO  c.e.s.SatellitePlatformApplication - Started SatellitePlatformApplication in 3.888 seconds (process running for 4064.304)
2025-04-04 22:55:29.596 [restartedMain] DEBUG c.e.s.m.u.config.DataInitializer - Admin user(s) already exist. Skipping initial admin creation.
2025-04-04 22:55:33.235 [restartedMain] INFO  c.e.s.SatellitePlatformApplication - Starting SatellitePlatformApplication using Java 17.0.12 with PID 12532 (C:\Users\HP\OneDrive\Documents\PFA\SatellitePlatformApplication\Satellite_Platform_Application\target\classes started by HP in C:\Users\HP\OneDrive\Documents\PFA\SatellitePlatformApplication\Satellite_Platform_Application)
2025-04-04 22:55:33.236 [restartedMain] DEBUG c.e.s.SatellitePlatformApplication - Running with Spring Boot v3.3.10, Spring v6.1.18
2025-04-04 22:55:33.236 [restartedMain] INFO  c.e.s.SatellitePlatformApplication - No active profile set, falling back to 1 default profile: "default"
2025-04-04 22:55:34.350 [restartedMain] INFO  c.e.s.config.JwtConfig - JWT Secret: N5xG1aT7q8v2Hq1K3rJ6bC9m5W+Pq2L7Jz9P4w==
2025-04-04 22:55:34.351 [restartedMain] INFO  c.e.s.config.JwtConfig - JWT Expiration: 86400000
2025-04-04 22:55:34.367 [restartedMain] INFO  c.e.s.config.MongoConfig - Creating MongoClient bean with URI from environment...
2025-04-04 22:55:34.368 [restartedMain] DEBUG c.e.s.config.MongoConfig - MongoClient created for URI: mongodb://localhost:27017/satellite_platform
2025-04-04 22:55:34.549 [restartedMain] DEBUG c.e.s.m.u.s.J.JwtAuthenticationFilter - Filter 'jwtAuthenticationFilter' configured for use
2025-04-04 22:55:34.771 [restartedMain] INFO  c.e.s.m.u.a.services.AuditLogService - Audit log path initialized to: C:\logs\audit.log
2025-04-04 22:55:35.483 [restartedMain] INFO  c.e.s.m.m.c.RabbitMQListenerConfig - Setting RabbitMQ listener prefetch count to: 10
2025-04-04 22:55:36.561 [restartedMain] INFO  c.e.s.c.c.ProcessingResponseCacheHandler - ProcessingResponseCacheHandler initialized with ResultsRepository and ResultsMapper.
2025-04-04 22:55:36.563 [restartedMain] INFO  c.e.s.c.c.ProcessingResponseCacheHandler - Scheduled cache cleanup task with cron expression: 0 0 3 * * ?
2025-04-04 22:55:36.634 [restartedMain] INFO  c.e.s.c.e.DatabasePropertySourceAdder - ContextRefreshedEvent received. Adding DatabasePropertySource to environment.
2025-04-04 22:55:36.634 [restartedMain] INFO  c.e.s.c.e.DatabasePropertySource - Initializing DatabasePropertySource: Loading properties from database...
2025-04-04 22:55:36.637 [restartedMain] INFO  c.e.s.c.e.DatabasePropertySource - Loaded 0 properties from database into DatabasePropertySource cache.
2025-04-04 22:55:36.637 [restartedMain] INFO  c.e.s.c.e.DatabasePropertySourceAdder - Successfully added DatabasePropertySource to environment.
2025-04-04 22:55:36.639 [restartedMain] INFO  c.e.s.SatellitePlatformApplication - Started SatellitePlatformApplication in 3.588 seconds (process running for 4071.374)
2025-04-04 22:55:36.655 [restartedMain] DEBUG c.e.s.m.u.config.DataInitializer - Admin user(s) already exist. Skipping initial admin creation.
2025-04-04 22:55:48.357 [restartedMain] INFO  c.e.s.SatellitePlatformApplication - Starting SatellitePlatformApplication using Java 17.0.12 with PID 12532 (C:\Users\HP\OneDrive\Documents\PFA\SatellitePlatformApplication\Satellite_Platform_Application\target\classes started by HP in C:\Users\HP\OneDrive\Documents\PFA\SatellitePlatformApplication\Satellite_Platform_Application)
2025-04-04 22:55:48.357 [restartedMain] DEBUG c.e.s.SatellitePlatformApplication - Running with Spring Boot v3.3.10, Spring v6.1.18
2025-04-04 22:55:48.357 [restartedMain] INFO  c.e.s.SatellitePlatformApplication - No active profile set, falling back to 1 default profile: "default"
2025-04-04 22:55:49.480 [restartedMain] INFO  c.e.s.config.JwtConfig - JWT Secret: N5xG1aT7q8v2Hq1K3rJ6bC9m5W+Pq2L7Jz9P4w==
2025-04-04 22:55:49.481 [restartedMain] INFO  c.e.s.config.JwtConfig - JWT Expiration: 86400000
2025-04-04 22:55:49.499 [restartedMain] INFO  c.e.s.config.MongoConfig - Creating MongoClient bean with URI from environment...
2025-04-04 22:55:49.500 [restartedMain] DEBUG c.e.s.config.MongoConfig - MongoClient created for URI: mongodb://localhost:27017/satellite_platform
2025-04-04 22:55:49.657 [restartedMain] DEBUG c.e.s.m.u.s.J.JwtAuthenticationFilter - Filter 'jwtAuthenticationFilter' configured for use
2025-04-04 22:55:49.901 [restartedMain] INFO  c.e.s.m.u.a.services.AuditLogService - Audit log path initialized to: C:\logs\audit.log
2025-04-04 22:55:50.776 [restartedMain] INFO  c.e.s.m.m.c.RabbitMQListenerConfig - Setting RabbitMQ listener prefetch count to: 10
2025-04-04 22:55:52.134 [restartedMain] INFO  c.e.s.c.c.ProcessingResponseCacheHandler - ProcessingResponseCacheHandler initialized with ResultsRepository and ResultsMapper.
2025-04-04 22:55:52.137 [restartedMain] INFO  c.e.s.c.c.ProcessingResponseCacheHandler - Scheduled cache cleanup task with cron expression: 0 0 3 * * ?
2025-04-04 22:55:52.217 [restartedMain] INFO  c.e.s.c.e.DatabasePropertySourceAdder - ContextRefreshedEvent received. Adding DatabasePropertySource to environment.
2025-04-04 22:55:52.218 [restartedMain] INFO  c.e.s.c.e.DatabasePropertySource - Initializing DatabasePropertySource: Loading properties from database...
2025-04-04 22:55:52.222 [restartedMain] INFO  c.e.s.c.e.DatabasePropertySource - Loaded 0 properties from database into DatabasePropertySource cache.
2025-04-04 22:55:52.222 [restartedMain] INFO  c.e.s.c.e.DatabasePropertySourceAdder - Successfully added DatabasePropertySource to environment.
2025-04-04 22:55:52.223 [restartedMain] INFO  c.e.s.SatellitePlatformApplication - Started SatellitePlatformApplication in 4.046 seconds (process running for 4086.959)
2025-04-04 22:55:52.248 [restartedMain] DEBUG c.e.s.m.u.config.DataInitializer - Admin user(s) already exist. Skipping initial admin creation.
2025-04-04 22:55:54.743 [restartedMain] INFO  c.e.s.SatellitePlatformApplication - Starting SatellitePlatformApplication using Java 17.0.12 with PID 12532 (C:\Users\HP\OneDrive\Documents\PFA\SatellitePlatformApplication\Satellite_Platform_Application\target\classes started by HP in C:\Users\HP\OneDrive\Documents\PFA\SatellitePlatformApplication\Satellite_Platform_Application)
2025-04-04 22:55:54.743 [restartedMain] DEBUG c.e.s.SatellitePlatformApplication - Running with Spring Boot v3.3.10, Spring v6.1.18
2025-04-04 22:55:54.744 [restartedMain] INFO  c.e.s.SatellitePlatformApplication - No active profile set, falling back to 1 default profile: "default"
2025-04-04 22:55:56.006 [restartedMain] INFO  c.e.s.config.JwtConfig - JWT Secret: N5xG1aT7q8v2Hq1K3rJ6bC9m5W+Pq2L7Jz9P4w==
2025-04-04 22:55:56.006 [restartedMain] INFO  c.e.s.config.JwtConfig - JWT Expiration: 86400000
2025-04-04 22:55:56.025 [restartedMain] INFO  c.e.s.config.MongoConfig - Creating MongoClient bean with URI from environment...
2025-04-04 22:55:56.026 [restartedMain] DEBUG c.e.s.config.MongoConfig - MongoClient created for URI: mongodb://localhost:27017/satellite_platform
2025-04-04 22:55:56.216 [restartedMain] DEBUG c.e.s.m.u.s.J.JwtAuthenticationFilter - Filter 'jwtAuthenticationFilter' configured for use
2025-04-04 22:55:56.459 [restartedMain] INFO  c.e.s.m.u.a.services.AuditLogService - Audit log path initialized to: C:\logs\audit.log
2025-04-04 22:55:57.191 [restartedMain] INFO  c.e.s.m.m.c.RabbitMQListenerConfig - Setting RabbitMQ listener prefetch count to: 10
2025-04-04 22:55:58.269 [restartedMain] INFO  c.e.s.c.c.ProcessingResponseCacheHandler - ProcessingResponseCacheHandler initialized with ResultsRepository and ResultsMapper.
2025-04-04 22:55:58.270 [restartedMain] INFO  c.e.s.c.c.ProcessingResponseCacheHandler - Scheduled cache cleanup task with cron expression: 0 0 3 * * ?
2025-04-04 22:55:58.337 [restartedMain] INFO  c.e.s.c.e.DatabasePropertySourceAdder - ContextRefreshedEvent received. Adding DatabasePropertySource to environment.
2025-04-04 22:55:58.337 [restartedMain] INFO  c.e.s.c.e.DatabasePropertySource - Initializing DatabasePropertySource: Loading properties from database...
2025-04-04 22:55:58.340 [restartedMain] INFO  c.e.s.c.e.DatabasePropertySource - Loaded 0 properties from database into DatabasePropertySource cache.
2025-04-04 22:55:58.340 [restartedMain] INFO  c.e.s.c.e.DatabasePropertySourceAdder - Successfully added DatabasePropertySource to environment.
2025-04-04 22:55:58.340 [restartedMain] INFO  c.e.s.SatellitePlatformApplication - Started SatellitePlatformApplication in 3.772 seconds (process running for 4093.076)
2025-04-04 22:55:58.358 [restartedMain] DEBUG c.e.s.m.u.config.DataInitializer - Admin user(s) already exist. Skipping initial admin creation.
2025-04-04 22:56:00.958 [restartedMain] INFO  c.e.s.SatellitePlatformApplication - Starting SatellitePlatformApplication using Java 17.0.12 with PID 12532 (C:\Users\HP\OneDrive\Documents\PFA\SatellitePlatformApplication\Satellite_Platform_Application\target\classes started by HP in C:\Users\HP\OneDrive\Documents\PFA\SatellitePlatformApplication\Satellite_Platform_Application)
2025-04-04 22:56:00.959 [restartedMain] DEBUG c.e.s.SatellitePlatformApplication - Running with Spring Boot v3.3.10, Spring v6.1.18
2025-04-04 22:56:00.959 [restartedMain] INFO  c.e.s.SatellitePlatformApplication - No active profile set, falling back to 1 default profile: "default"
2025-04-04 22:56:02.218 [restartedMain] INFO  c.e.s.config.JwtConfig - JWT Secret: N5xG1aT7q8v2Hq1K3rJ6bC9m5W+Pq2L7Jz9P4w==
2025-04-04 22:56:02.219 [restartedMain] INFO  c.e.s.config.JwtConfig - JWT Expiration: 86400000
2025-04-04 22:56:02.236 [restartedMain] INFO  c.e.s.config.MongoConfig - Creating MongoClient bean with URI from environment...
2025-04-04 22:56:02.236 [restartedMain] DEBUG c.e.s.config.MongoConfig - MongoClient created for URI: mongodb://localhost:27017/satellite_platform
2025-04-04 22:56:02.431 [restartedMain] DEBUG c.e.s.m.u.s.J.JwtAuthenticationFilter - Filter 'jwtAuthenticationFilter' configured for use
2025-04-04 22:56:02.735 [restartedMain] INFO  c.e.s.m.u.a.services.AuditLogService - Audit log path initialized to: C:\logs\audit.log
2025-04-04 22:56:03.755 [restartedMain] INFO  c.e.s.m.m.c.RabbitMQListenerConfig - Setting RabbitMQ listener prefetch count to: 10
2025-04-04 22:56:05.024 [restartedMain] INFO  c.e.s.c.c.ProcessingResponseCacheHandler - ProcessingResponseCacheHandler initialized with ResultsRepository and ResultsMapper.
2025-04-04 22:56:05.025 [restartedMain] INFO  c.e.s.c.c.ProcessingResponseCacheHandler - Scheduled cache cleanup task with cron expression: 0 0 3 * * ?
2025-04-04 22:56:05.089 [restartedMain] INFO  c.e.s.c.e.DatabasePropertySourceAdder - ContextRefreshedEvent received. Adding DatabasePropertySource to environment.
2025-04-04 22:56:05.090 [restartedMain] INFO  c.e.s.c.e.DatabasePropertySource - Initializing DatabasePropertySource: Loading properties from database...
2025-04-04 22:56:05.097 [restartedMain] INFO  c.e.s.c.e.DatabasePropertySource - Loaded 0 properties from database into DatabasePropertySource cache.
2025-04-04 22:56:05.097 [restartedMain] INFO  c.e.s.c.e.DatabasePropertySourceAdder - Successfully added DatabasePropertySource to environment.
2025-04-04 22:56:05.100 [restartedMain] INFO  c.e.s.SatellitePlatformApplication - Started SatellitePlatformApplication in 4.355 seconds (process running for 4099.835)
2025-04-04 22:56:05.120 [restartedMain] DEBUG c.e.s.m.u.config.DataInitializer - Admin user(s) already exist. Skipping initial admin creation.
2025-04-04 22:56:19.821 [restartedMain] INFO  c.e.s.SatellitePlatformApplication - Starting SatellitePlatformApplication using Java 17.0.12 with PID 12532 (C:\Users\HP\OneDrive\Documents\PFA\SatellitePlatformApplication\Satellite_Platform_Application\target\classes started by HP in C:\Users\HP\OneDrive\Documents\PFA\SatellitePlatformApplication\Satellite_Platform_Application)
2025-04-04 22:56:19.821 [restartedMain] DEBUG c.e.s.SatellitePlatformApplication - Running with Spring Boot v3.3.10, Spring v6.1.18
2025-04-04 22:56:19.821 [restartedMain] INFO  c.e.s.SatellitePlatformApplication - No active profile set, falling back to 1 default profile: "default"
2025-04-04 22:56:20.988 [restartedMain] INFO  c.e.s.config.JwtConfig - JWT Secret: N5xG1aT7q8v2Hq1K3rJ6bC9m5W+Pq2L7Jz9P4w==
2025-04-04 22:56:20.988 [restartedMain] INFO  c.e.s.config.JwtConfig - JWT Expiration: 86400000
2025-04-04 22:56:21.001 [restartedMain] INFO  c.e.s.config.MongoConfig - Creating MongoClient bean with URI from environment...
2025-04-04 22:56:21.001 [restartedMain] DEBUG c.e.s.config.MongoConfig - MongoClient created for URI: mongodb://localhost:27017/satellite_platform
2025-04-04 22:56:21.148 [restartedMain] DEBUG c.e.s.m.u.s.J.JwtAuthenticationFilter - Filter 'jwtAuthenticationFilter' configured for use
2025-04-04 22:56:21.365 [restartedMain] INFO  c.e.s.m.u.a.services.AuditLogService - Audit log path initialized to: C:\logs\audit.log
2025-04-04 22:56:22.028 [restartedMain] INFO  c.e.s.m.m.c.RabbitMQListenerConfig - Setting RabbitMQ listener prefetch count to: 10
2025-04-04 22:56:23.104 [restartedMain] INFO  c.e.s.c.c.ProcessingResponseCacheHandler - ProcessingResponseCacheHandler initialized with ResultsRepository and ResultsMapper.
2025-04-04 22:56:23.106 [restartedMain] INFO  c.e.s.c.c.ProcessingResponseCacheHandler - Scheduled cache cleanup task with cron expression: 0 0 3 * * ?
2025-04-04 22:56:23.167 [restartedMain] INFO  c.e.s.c.e.DatabasePropertySourceAdder - ContextRefreshedEvent received. Adding DatabasePropertySource to environment.
2025-04-04 22:56:23.168 [restartedMain] INFO  c.e.s.c.e.DatabasePropertySource - Initializing DatabasePropertySource: Loading properties from database...
2025-04-04 22:56:23.171 [restartedMain] INFO  c.e.s.c.e.DatabasePropertySource - Loaded 0 properties from database into DatabasePropertySource cache.
2025-04-04 22:56:23.171 [restartedMain] INFO  c.e.s.c.e.DatabasePropertySourceAdder - Successfully added DatabasePropertySource to environment.
2025-04-04 22:56:23.172 [restartedMain] INFO  c.e.s.SatellitePlatformApplication - Started SatellitePlatformApplication in 3.548 seconds (process running for 4117.907)
2025-04-04 22:56:23.191 [restartedMain] DEBUG c.e.s.m.u.config.DataInitializer - Admin user(s) already exist. Skipping initial admin creation.
2025-04-04 22:56:26.860 [restartedMain] INFO  c.e.s.SatellitePlatformApplication - Starting SatellitePlatformApplication using Java 17.0.12 with PID 12532 (C:\Users\HP\OneDrive\Documents\PFA\SatellitePlatformApplication\Satellite_Platform_Application\target\classes started by HP in C:\Users\HP\OneDrive\Documents\PFA\SatellitePlatformApplication\Satellite_Platform_Application)
2025-04-04 22:56:26.860 [restartedMain] DEBUG c.e.s.SatellitePlatformApplication - Running with Spring Boot v3.3.10, Spring v6.1.18
2025-04-04 22:56:26.860 [restartedMain] INFO  c.e.s.SatellitePlatformApplication - No active profile set, falling back to 1 default profile: "default"
2025-04-04 22:56:28.046 [restartedMain] INFO  c.e.s.config.JwtConfig - JWT Secret: N5xG1aT7q8v2Hq1K3rJ6bC9m5W+Pq2L7Jz9P4w==
2025-04-04 22:56:28.046 [restartedMain] INFO  c.e.s.config.JwtConfig - JWT Expiration: 86400000
2025-04-04 22:56:28.061 [restartedMain] INFO  c.e.s.config.MongoConfig - Creating MongoClient bean with URI from environment...
2025-04-04 22:56:28.063 [restartedMain] DEBUG c.e.s.config.MongoConfig - MongoClient created for URI: mongodb://localhost:27017/satellite_platform
2025-04-04 22:56:28.236 [restartedMain] DEBUG c.e.s.m.u.s.J.JwtAuthenticationFilter - Filter 'jwtAuthenticationFilter' configured for use
2025-04-04 22:56:28.494 [restartedMain] INFO  c.e.s.m.u.a.services.AuditLogService - Audit log path initialized to: C:\logs\audit.log
2025-04-04 22:56:29.241 [restartedMain] INFO  c.e.s.m.m.c.RabbitMQListenerConfig - Setting RabbitMQ listener prefetch count to: 10
2025-04-04 22:56:30.425 [restartedMain] INFO  c.e.s.c.c.ProcessingResponseCacheHandler - ProcessingResponseCacheHandler initialized with ResultsRepository and ResultsMapper.
2025-04-04 22:56:30.426 [restartedMain] INFO  c.e.s.c.c.ProcessingResponseCacheHandler - Scheduled cache cleanup task with cron expression: 0 0 3 * * ?
2025-04-04 22:56:30.478 [restartedMain] INFO  c.e.s.c.e.DatabasePropertySourceAdder - ContextRefreshedEvent received. Adding DatabasePropertySource to environment.
2025-04-04 22:56:30.479 [restartedMain] INFO  c.e.s.c.e.DatabasePropertySource - Initializing DatabasePropertySource: Loading properties from database...
2025-04-04 22:56:30.484 [restartedMain] INFO  c.e.s.c.e.DatabasePropertySource - Loaded 0 properties from database into DatabasePropertySource cache.
2025-04-04 22:56:30.484 [restartedMain] INFO  c.e.s.c.e.DatabasePropertySourceAdder - Successfully added DatabasePropertySource to environment.
2025-04-04 22:56:30.486 [restartedMain] INFO  c.e.s.SatellitePlatformApplication - Started SatellitePlatformApplication in 3.82 seconds (process running for 4125.222)
2025-04-04 22:56:30.507 [restartedMain] DEBUG c.e.s.m.u.config.DataInitializer - Admin user(s) already exist. Skipping initial admin creation.
2025-04-04 22:57:16.460 [restartedMain] INFO  c.e.s.SatellitePlatformApplication - Starting SatellitePlatformApplication using Java 17.0.12 with PID 12532 (C:\Users\HP\OneDrive\Documents\PFA\SatellitePlatformApplication\Satellite_Platform_Application\target\classes started by HP in C:\Users\HP\OneDrive\Documents\PFA\SatellitePlatformApplication\Satellite_Platform_Application)
2025-04-04 22:57:16.460 [restartedMain] DEBUG c.e.s.SatellitePlatformApplication - Running with Spring Boot v3.3.10, Spring v6.1.18
2025-04-04 22:57:16.460 [restartedMain] INFO  c.e.s.SatellitePlatformApplication - No active profile set, falling back to 1 default profile: "default"
2025-04-04 22:57:17.564 [restartedMain] INFO  c.e.s.config.JwtConfig - JWT Secret: N5xG1aT7q8v2Hq1K3rJ6bC9m5W+Pq2L7Jz9P4w==
2025-04-04 22:57:17.565 [restartedMain] INFO  c.e.s.config.JwtConfig - JWT Expiration: 86400000
2025-04-04 22:57:17.578 [restartedMain] INFO  c.e.s.config.MongoConfig - Creating MongoClient bean with URI from environment...
2025-04-04 22:57:17.579 [restartedMain] DEBUG c.e.s.config.MongoConfig - MongoClient created for URI: mongodb://localhost:27017/satellite_platform
2025-04-04 22:57:17.739 [restartedMain] DEBUG c.e.s.m.u.s.J.JwtAuthenticationFilter - Filter 'jwtAuthenticationFilter' configured for use
2025-04-04 22:57:18.008 [restartedMain] INFO  c.e.s.m.u.a.services.AuditLogService - Audit log path initialized to: C:\logs\audit.log
2025-04-04 22:57:18.710 [restartedMain] INFO  c.e.s.m.m.c.RabbitMQListenerConfig - Setting RabbitMQ listener prefetch count to: 10
2025-04-04 22:57:19.993 [restartedMain] INFO  c.e.s.c.c.ProcessingResponseCacheHandler - ProcessingResponseCacheHandler initialized with ResultsRepository and ResultsMapper.
2025-04-04 22:57:19.994 [restartedMain] INFO  c.e.s.c.c.ProcessingResponseCacheHandler - Scheduled cache cleanup task with cron expression: 0 0 3 * * ?
2025-04-04 22:57:20.069 [restartedMain] INFO  c.e.s.c.e.DatabasePropertySourceAdder - ContextRefreshedEvent received. Adding DatabasePropertySource to environment.
2025-04-04 22:57:20.070 [restartedMain] INFO  c.e.s.c.e.DatabasePropertySource - Initializing DatabasePropertySource: Loading properties from database...
2025-04-04 22:57:20.073 [restartedMain] INFO  c.e.s.c.e.DatabasePropertySource - Loaded 0 properties from database into DatabasePropertySource cache.
2025-04-04 22:57:20.073 [restartedMain] INFO  c.e.s.c.e.DatabasePropertySourceAdder - Successfully added DatabasePropertySource to environment.
2025-04-04 22:57:20.074 [restartedMain] INFO  c.e.s.SatellitePlatformApplication - Started SatellitePlatformApplication in 3.806 seconds (process running for 4174.81)
2025-04-04 22:57:20.093 [restartedMain] DEBUG c.e.s.m.u.config.DataInitializer - Admin user(s) already exist. Skipping initial admin creation.
2025-04-04 22:57:23.731 [restartedMain] INFO  c.e.s.SatellitePlatformApplication - Starting SatellitePlatformApplication using Java 17.0.12 with PID 12532 (C:\Users\HP\OneDrive\Documents\PFA\SatellitePlatformApplication\Satellite_Platform_Application\target\classes started by HP in C:\Users\HP\OneDrive\Documents\PFA\SatellitePlatformApplication\Satellite_Platform_Application)
2025-04-04 22:57:23.731 [restartedMain] DEBUG c.e.s.SatellitePlatformApplication - Running with Spring Boot v3.3.10, Spring v6.1.18
2025-04-04 22:57:23.731 [restartedMain] INFO  c.e.s.SatellitePlatformApplication - No active profile set, falling back to 1 default profile: "default"
2025-04-04 22:57:24.916 [restartedMain] INFO  c.e.s.config.JwtConfig - JWT Secret: N5xG1aT7q8v2Hq1K3rJ6bC9m5W+Pq2L7Jz9P4w==
2025-04-04 22:57:24.916 [restartedMain] INFO  c.e.s.config.JwtConfig - JWT Expiration: 86400000
2025-04-04 22:57:24.931 [restartedMain] INFO  c.e.s.config.MongoConfig - Creating MongoClient bean with URI from environment...
2025-04-04 22:57:24.932 [restartedMain] DEBUG c.e.s.config.MongoConfig - MongoClient created for URI: mongodb://localhost:27017/satellite_platform
2025-04-04 22:57:25.131 [restartedMain] DEBUG c.e.s.m.u.s.J.JwtAuthenticationFilter - Filter 'jwtAuthenticationFilter' configured for use
2025-04-04 22:57:25.491 [restartedMain] INFO  c.e.s.m.u.a.services.AuditLogService - Audit log path initialized to: C:\logs\audit.log
2025-04-04 22:57:26.275 [restartedMain] INFO  c.e.s.m.m.c.RabbitMQListenerConfig - Setting RabbitMQ listener prefetch count to: 10
2025-04-04 22:57:27.505 [restartedMain] INFO  c.e.s.c.c.ProcessingResponseCacheHandler - ProcessingResponseCacheHandler initialized with ResultsRepository and ResultsMapper.
2025-04-04 22:57:27.506 [restartedMain] INFO  c.e.s.c.c.ProcessingResponseCacheHandler - Scheduled cache cleanup task with cron expression: 0 0 3 * * ?
2025-04-04 22:57:27.562 [restartedMain] INFO  c.e.s.c.e.DatabasePropertySourceAdder - ContextRefreshedEvent received. Adding DatabasePropertySource to environment.
2025-04-04 22:57:27.564 [restartedMain] INFO  c.e.s.c.e.DatabasePropertySource - Initializing DatabasePropertySource: Loading properties from database...
2025-04-04 22:57:27.567 [restartedMain] INFO  c.e.s.c.e.DatabasePropertySource - Loaded 0 properties from database into DatabasePropertySource cache.
2025-04-04 22:57:27.567 [restartedMain] INFO  c.e.s.c.e.DatabasePropertySourceAdder - Successfully added DatabasePropertySource to environment.
2025-04-04 22:57:27.568 [restartedMain] INFO  c.e.s.SatellitePlatformApplication - Started SatellitePlatformApplication in 4.036 seconds (process running for 4182.303)
2025-04-04 22:57:27.582 [restartedMain] DEBUG c.e.s.m.u.config.DataInitializer - Admin user(s) already exist. Skipping initial admin creation.
2025-04-04 22:57:30.147 [restartedMain] INFO  c.e.s.SatellitePlatformApplication - Starting SatellitePlatformApplication using Java 17.0.12 with PID 12532 (C:\Users\HP\OneDrive\Documents\PFA\SatellitePlatformApplication\Satellite_Platform_Application\target\classes started by HP in C:\Users\HP\OneDrive\Documents\PFA\SatellitePlatformApplication\Satellite_Platform_Application)
2025-04-04 22:57:30.147 [restartedMain] DEBUG c.e.s.SatellitePlatformApplication - Running with Spring Boot v3.3.10, Spring v6.1.18
2025-04-04 22:57:30.148 [restartedMain] INFO  c.e.s.SatellitePlatformApplication - No active profile set, falling back to 1 default profile: "default"
2025-04-04 22:57:31.204 [restartedMain] INFO  c.e.s.config.JwtConfig - JWT Secret: N5xG1aT7q8v2Hq1K3rJ6bC9m5W+Pq2L7Jz9P4w==
2025-04-04 22:57:31.205 [restartedMain] INFO  c.e.s.config.JwtConfig - JWT Expiration: 86400000
2025-04-04 22:57:31.218 [restartedMain] INFO  c.e.s.config.MongoConfig - Creating MongoClient bean with URI from environment...
2025-04-04 22:57:31.218 [restartedMain] DEBUG c.e.s.config.MongoConfig - MongoClient created for URI: mongodb://localhost:27017/satellite_platform
2025-04-04 22:57:31.380 [restartedMain] DEBUG c.e.s.m.u.s.J.JwtAuthenticationFilter - Filter 'jwtAuthenticationFilter' configured for use
2025-04-04 22:57:31.611 [restartedMain] INFO  c.e.s.m.u.a.services.AuditLogService - Audit log path initialized to: C:\logs\audit.log
2025-04-04 22:57:32.299 [restartedMain] INFO  c.e.s.m.m.c.RabbitMQListenerConfig - Setting RabbitMQ listener prefetch count to: 10
2025-04-04 22:57:33.224 [restartedMain] INFO  c.e.s.c.c.ProcessingResponseCacheHandler - ProcessingResponseCacheHandler initialized with ResultsRepository and ResultsMapper.
2025-04-04 22:57:33.226 [restartedMain] INFO  c.e.s.c.c.ProcessingResponseCacheHandler - Scheduled cache cleanup task with cron expression: 0 0 3 * * ?
2025-04-04 22:57:33.284 [restartedMain] INFO  c.e.s.c.e.DatabasePropertySourceAdder - ContextRefreshedEvent received. Adding DatabasePropertySource to environment.
2025-04-04 22:57:33.285 [restartedMain] INFO  c.e.s.c.e.DatabasePropertySource - Initializing DatabasePropertySource: Loading properties from database...
2025-04-04 22:57:33.288 [restartedMain] INFO  c.e.s.c.e.DatabasePropertySource - Loaded 0 properties from database into DatabasePropertySource cache.
2025-04-04 22:57:33.288 [restartedMain] INFO  c.e.s.c.e.DatabasePropertySourceAdder - Successfully added DatabasePropertySource to environment.
2025-04-04 22:57:33.289 [restartedMain] INFO  c.e.s.SatellitePlatformApplication - Started SatellitePlatformApplication in 3.32 seconds (process running for 4188.024)
2025-04-04 22:57:33.308 [restartedMain] DEBUG c.e.s.m.u.config.DataInitializer - Admin user(s) already exist. Skipping initial admin creation.
2025-04-04 22:57:45.128 [restartedMain] INFO  c.e.s.SatellitePlatformApplication - Starting SatellitePlatformApplication using Java 17.0.12 with PID 12532 (C:\Users\HP\OneDrive\Documents\PFA\SatellitePlatformApplication\Satellite_Platform_Application\target\classes started by HP in C:\Users\HP\OneDrive\Documents\PFA\SatellitePlatformApplication\Satellite_Platform_Application)
2025-04-04 22:57:45.128 [restartedMain] DEBUG c.e.s.SatellitePlatformApplication - Running with Spring Boot v3.3.10, Spring v6.1.18
2025-04-04 22:57:45.129 [restartedMain] INFO  c.e.s.SatellitePlatformApplication - No active profile set, falling back to 1 default profile: "default"
2025-04-04 22:57:46.207 [restartedMain] INFO  c.e.s.config.JwtConfig - JWT Secret: N5xG1aT7q8v2Hq1K3rJ6bC9m5W+Pq2L7Jz9P4w==
2025-04-04 22:57:46.207 [restartedMain] INFO  c.e.s.config.JwtConfig - JWT Expiration: 86400000
2025-04-04 22:57:46.222 [restartedMain] INFO  c.e.s.config.MongoConfig - Creating MongoClient bean with URI from environment...
2025-04-04 22:57:46.222 [restartedMain] DEBUG c.e.s.config.MongoConfig - MongoClient created for URI: mongodb://localhost:27017/satellite_platform
2025-04-04 22:57:46.411 [restartedMain] DEBUG c.e.s.m.u.s.J.JwtAuthenticationFilter - Filter 'jwtAuthenticationFilter' configured for use
2025-04-04 22:57:46.643 [restartedMain] INFO  c.e.s.m.u.a.services.AuditLogService - Audit log path initialized to: C:\logs\audit.log
2025-04-04 22:57:47.335 [restartedMain] INFO  c.e.s.m.m.c.RabbitMQListenerConfig - Setting RabbitMQ listener prefetch count to: 10
2025-04-04 22:57:48.226 [restartedMain] INFO  c.e.s.c.c.ProcessingResponseCacheHandler - ProcessingResponseCacheHandler initialized with ResultsRepository and ResultsMapper.
2025-04-04 22:57:48.227 [restartedMain] INFO  c.e.s.c.c.ProcessingResponseCacheHandler - Scheduled cache cleanup task with cron expression: 0 0 3 * * ?
2025-04-04 22:57:48.281 [restartedMain] INFO  c.e.s.c.e.DatabasePropertySourceAdder - ContextRefreshedEvent received. Adding DatabasePropertySource to environment.
2025-04-04 22:57:48.281 [restartedMain] INFO  c.e.s.c.e.DatabasePropertySource - Initializing DatabasePropertySource: Loading properties from database...
2025-04-04 22:57:48.286 [restartedMain] INFO  c.e.s.c.e.DatabasePropertySource - Loaded 0 properties from database into DatabasePropertySource cache.
2025-04-04 22:57:48.286 [restartedMain] INFO  c.e.s.c.e.DatabasePropertySourceAdder - Successfully added DatabasePropertySource to environment.
2025-04-04 22:57:48.287 [restartedMain] INFO  c.e.s.SatellitePlatformApplication - Started SatellitePlatformApplication in 3.394 seconds (process running for 4203.023)
2025-04-04 22:57:48.303 [restartedMain] DEBUG c.e.s.m.u.config.DataInitializer - Admin user(s) already exist. Skipping initial admin creation.
2025-04-04 22:57:53.971 [restartedMain] INFO  c.e.s.SatellitePlatformApplication - Starting SatellitePlatformApplication using Java 17.0.12 with PID 12532 (C:\Users\HP\OneDrive\Documents\PFA\SatellitePlatformApplication\Satellite_Platform_Application\target\classes started by HP in C:\Users\HP\OneDrive\Documents\PFA\SatellitePlatformApplication\Satellite_Platform_Application)
2025-04-04 22:57:53.971 [restartedMain] DEBUG c.e.s.SatellitePlatformApplication - Running with Spring Boot v3.3.10, Spring v6.1.18
2025-04-04 22:57:53.971 [restartedMain] INFO  c.e.s.SatellitePlatformApplication - No active profile set, falling back to 1 default profile: "default"
2025-04-04 22:57:55.403 [restartedMain] INFO  c.e.s.config.JwtConfig - JWT Secret: N5xG1aT7q8v2Hq1K3rJ6bC9m5W+Pq2L7Jz9P4w==
2025-04-04 22:57:55.403 [restartedMain] INFO  c.e.s.config.JwtConfig - JWT Expiration: 86400000
2025-04-04 22:57:55.421 [restartedMain] INFO  c.e.s.config.MongoConfig - Creating MongoClient bean with URI from environment...
2025-04-04 22:57:55.423 [restartedMain] DEBUG c.e.s.config.MongoConfig - MongoClient created for URI: mongodb://localhost:27017/satellite_platform
2025-04-04 22:57:55.717 [restartedMain] DEBUG c.e.s.m.u.s.J.JwtAuthenticationFilter - Filter 'jwtAuthenticationFilter' configured for use
2025-04-04 22:57:56.157 [restartedMain] INFO  c.e.s.m.u.a.services.AuditLogService - Audit log path initialized to: C:\logs\audit.log
2025-04-04 22:57:56.958 [restartedMain] INFO  c.e.s.m.m.c.RabbitMQListenerConfig - Setting RabbitMQ listener prefetch count to: 10
2025-04-04 22:57:58.301 [restartedMain] INFO  c.e.s.c.c.ProcessingResponseCacheHandler - ProcessingResponseCacheHandler initialized with ResultsRepository and ResultsMapper.
2025-04-04 22:57:58.304 [restartedMain] INFO  c.e.s.c.c.ProcessingResponseCacheHandler - Scheduled cache cleanup task with cron expression: 0 0 3 * * ?
2025-04-04 22:57:58.377 [restartedMain] INFO  c.e.s.c.e.DatabasePropertySourceAdder - ContextRefreshedEvent received. Adding DatabasePropertySource to environment.
2025-04-04 22:57:58.377 [restartedMain] INFO  c.e.s.c.e.DatabasePropertySource - Initializing DatabasePropertySource: Loading properties from database...
2025-04-04 22:57:58.380 [restartedMain] INFO  c.e.s.c.e.DatabasePropertySource - Loaded 0 properties from database into DatabasePropertySource cache.
2025-04-04 22:57:58.381 [restartedMain] INFO  c.e.s.c.e.DatabasePropertySourceAdder - Successfully added DatabasePropertySource to environment.
2025-04-04 22:57:58.382 [restartedMain] INFO  c.e.s.SatellitePlatformApplication - Started SatellitePlatformApplication in 4.591 seconds (process running for 4213.117)
2025-04-04 22:57:58.399 [restartedMain] DEBUG c.e.s.m.u.config.DataInitializer - Admin user(s) already exist. Skipping initial admin creation.
2025-04-04 22:58:01.052 [restartedMain] INFO  c.e.s.SatellitePlatformApplication - Starting SatellitePlatformApplication using Java 17.0.12 with PID 12532 (C:\Users\HP\OneDrive\Documents\PFA\SatellitePlatformApplication\Satellite_Platform_Application\target\classes started by HP in C:\Users\HP\OneDrive\Documents\PFA\SatellitePlatformApplication\Satellite_Platform_Application)
2025-04-04 22:58:01.053 [restartedMain] DEBUG c.e.s.SatellitePlatformApplication - Running with Spring Boot v3.3.10, Spring v6.1.18
2025-04-04 22:58:01.053 [restartedMain] INFO  c.e.s.SatellitePlatformApplication - No active profile set, falling back to 1 default profile: "default"
2025-04-04 22:58:02.253 [restartedMain] INFO  c.e.s.config.JwtConfig - JWT Secret: N5xG1aT7q8v2Hq1K3rJ6bC9m5W+Pq2L7Jz9P4w==
2025-04-04 22:58:02.253 [restartedMain] INFO  c.e.s.config.JwtConfig - JWT Expiration: 86400000
2025-04-04 22:58:02.273 [restartedMain] INFO  c.e.s.config.MongoConfig - Creating MongoClient bean with URI from environment...
2025-04-04 22:58:02.274 [restartedMain] DEBUG c.e.s.config.MongoConfig - MongoClient created for URI: mongodb://localhost:27017/satellite_platform
2025-04-04 22:58:02.488 [restartedMain] DEBUG c.e.s.m.u.s.J.JwtAuthenticationFilter - Filter 'jwtAuthenticationFilter' configured for use
2025-04-04 22:58:02.815 [restartedMain] INFO  c.e.s.m.u.a.services.AuditLogService - Audit log path initialized to: C:\logs\audit.log
2025-04-04 22:58:03.723 [restartedMain] INFO  c.e.s.m.m.c.RabbitMQListenerConfig - Setting RabbitMQ listener prefetch count to: 10
2025-04-04 22:58:05.005 [restartedMain] INFO  c.e.s.c.c.ProcessingResponseCacheHandler - ProcessingResponseCacheHandler initialized with ResultsRepository and ResultsMapper.
2025-04-04 22:58:05.008 [restartedMain] INFO  c.e.s.c.c.ProcessingResponseCacheHandler - Scheduled cache cleanup task with cron expression: 0 0 3 * * ?
2025-04-04 22:58:05.091 [restartedMain] INFO  c.e.s.c.e.DatabasePropertySourceAdder - ContextRefreshedEvent received. Adding DatabasePropertySource to environment.
2025-04-04 22:58:05.091 [restartedMain] INFO  c.e.s.c.e.DatabasePropertySource - Initializing DatabasePropertySource: Loading properties from database...
2025-04-04 22:58:05.095 [restartedMain] INFO  c.e.s.c.e.DatabasePropertySource - Loaded 0 properties from database into DatabasePropertySource cache.
2025-04-04 22:58:05.095 [restartedMain] INFO  c.e.s.c.e.DatabasePropertySourceAdder - Successfully added DatabasePropertySource to environment.
2025-04-04 22:58:05.097 [restartedMain] INFO  c.e.s.SatellitePlatformApplication - Started SatellitePlatformApplication in 4.26 seconds (process running for 4219.832)
2025-04-04 22:58:05.118 [restartedMain] DEBUG c.e.s.m.u.config.DataInitializer - Admin user(s) already exist. Skipping initial admin creation.
2025-04-04 22:58:07.748 [restartedMain] INFO  c.e.s.SatellitePlatformApplication - Starting SatellitePlatformApplication using Java 17.0.12 with PID 12532 (C:\Users\HP\OneDrive\Documents\PFA\SatellitePlatformApplication\Satellite_Platform_Application\target\classes started by HP in C:\Users\HP\OneDrive\Documents\PFA\SatellitePlatformApplication\Satellite_Platform_Application)
2025-04-04 22:58:07.748 [restartedMain] DEBUG c.e.s.SatellitePlatformApplication - Running with Spring Boot v3.3.10, Spring v6.1.18
2025-04-04 22:58:07.749 [restartedMain] INFO  c.e.s.SatellitePlatformApplication - No active profile set, falling back to 1 default profile: "default"
2025-04-04 22:58:09.061 [restartedMain] INFO  c.e.s.config.JwtConfig - JWT Secret: N5xG1aT7q8v2Hq1K3rJ6bC9m5W+Pq2L7Jz9P4w==
2025-04-04 22:58:09.061 [restartedMain] INFO  c.e.s.config.JwtConfig - JWT Expiration: 86400000
2025-04-04 22:58:09.078 [restartedMain] INFO  c.e.s.config.MongoConfig - Creating MongoClient bean with URI from environment...
2025-04-04 22:58:09.078 [restartedMain] DEBUG c.e.s.config.MongoConfig - MongoClient created for URI: mongodb://localhost:27017/satellite_platform
2025-04-04 22:58:09.254 [restartedMain] DEBUG c.e.s.m.u.s.J.JwtAuthenticationFilter - Filter 'jwtAuthenticationFilter' configured for use
2025-04-04 22:58:09.503 [restartedMain] INFO  c.e.s.m.u.a.services.AuditLogService - Audit log path initialized to: C:\logs\audit.log
2025-04-04 22:58:10.148 [restartedMain] INFO  c.e.s.m.m.c.RabbitMQListenerConfig - Setting RabbitMQ listener prefetch count to: 10
2025-04-04 22:58:11.081 [restartedMain] INFO  c.e.s.c.c.ProcessingResponseCacheHandler - ProcessingResponseCacheHandler initialized with ResultsRepository and ResultsMapper.
2025-04-04 22:58:11.083 [restartedMain] INFO  c.e.s.c.c.ProcessingResponseCacheHandler - Scheduled cache cleanup task with cron expression: 0 0 3 * * ?
2025-04-04 22:58:11.132 [restartedMain] INFO  c.e.s.c.e.DatabasePropertySourceAdder - ContextRefreshedEvent received. Adding DatabasePropertySource to environment.
2025-04-04 22:58:11.132 [restartedMain] INFO  c.e.s.c.e.DatabasePropertySource - Initializing DatabasePropertySource: Loading properties from database...
2025-04-04 22:58:11.136 [restartedMain] INFO  c.e.s.c.e.DatabasePropertySource - Loaded 0 properties from database into DatabasePropertySource cache.
2025-04-04 22:58:11.136 [restartedMain] INFO  c.e.s.c.e.DatabasePropertySourceAdder - Successfully added DatabasePropertySource to environment.
2025-04-04 22:58:11.137 [restartedMain] INFO  c.e.s.SatellitePlatformApplication - Started SatellitePlatformApplication in 3.616 seconds (process running for 4225.872)
2025-04-04 22:58:11.151 [restartedMain] DEBUG c.e.s.m.u.config.DataInitializer - Admin user(s) already exist. Skipping initial admin creation.
2025-04-04 22:58:13.820 [restartedMain] INFO  c.e.s.SatellitePlatformApplication - Starting SatellitePlatformApplication using Java 17.0.12 with PID 12532 (C:\Users\HP\OneDrive\Documents\PFA\SatellitePlatformApplication\Satellite_Platform_Application\target\classes started by HP in C:\Users\HP\OneDrive\Documents\PFA\SatellitePlatformApplication\Satellite_Platform_Application)
2025-04-04 22:58:13.820 [restartedMain] DEBUG c.e.s.SatellitePlatformApplication - Running with Spring Boot v3.3.10, Spring v6.1.18
2025-04-04 22:58:13.820 [restartedMain] INFO  c.e.s.SatellitePlatformApplication - No active profile set, falling back to 1 default profile: "default"
2025-04-04 22:58:14.981 [restartedMain] INFO  c.e.s.config.JwtConfig - JWT Secret: N5xG1aT7q8v2Hq1K3rJ6bC9m5W+Pq2L7Jz9P4w==
2025-04-04 22:58:14.981 [restartedMain] INFO  c.e.s.config.JwtConfig - JWT Expiration: 86400000
2025-04-04 22:58:14.997 [restartedMain] INFO  c.e.s.config.MongoConfig - Creating MongoClient bean with URI from environment...
2025-04-04 22:58:14.998 [restartedMain] DEBUG c.e.s.config.MongoConfig - MongoClient created for URI: mongodb://localhost:27017/satellite_platform
2025-04-04 22:58:15.170 [restartedMain] DEBUG c.e.s.m.u.s.J.JwtAuthenticationFilter - Filter 'jwtAuthenticationFilter' configured for use
2025-04-04 22:58:15.410 [restartedMain] INFO  c.e.s.m.u.a.services.AuditLogService - Audit log path initialized to: C:\logs\audit.log
2025-04-04 22:58:16.101 [restartedMain] INFO  c.e.s.m.m.c.RabbitMQListenerConfig - Setting RabbitMQ listener prefetch count to: 10
2025-04-04 22:58:17.281 [restartedMain] INFO  c.e.s.c.c.ProcessingResponseCacheHandler - ProcessingResponseCacheHandler initialized with ResultsRepository and ResultsMapper.
2025-04-04 22:58:17.283 [restartedMain] INFO  c.e.s.c.c.ProcessingResponseCacheHandler - Scheduled cache cleanup task with cron expression: 0 0 3 * * ?
2025-04-04 22:58:17.335 [restartedMain] INFO  c.e.s.c.e.DatabasePropertySourceAdder - ContextRefreshedEvent received. Adding DatabasePropertySource to environment.
2025-04-04 22:58:17.336 [restartedMain] INFO  c.e.s.c.e.DatabasePropertySource - Initializing DatabasePropertySource: Loading properties from database...
2025-04-04 22:58:17.339 [restartedMain] INFO  c.e.s.c.e.DatabasePropertySource - Loaded 0 properties from database into DatabasePropertySource cache.
2025-04-04 22:58:17.339 [restartedMain] INFO  c.e.s.c.e.DatabasePropertySourceAdder - Successfully added DatabasePropertySource to environment.
2025-04-04 22:58:17.340 [restartedMain] INFO  c.e.s.SatellitePlatformApplication - Started SatellitePlatformApplication in 3.739 seconds (process running for 4232.076)
2025-04-04 22:58:17.357 [restartedMain] DEBUG c.e.s.m.u.config.DataInitializer - Admin user(s) already exist. Skipping initial admin creation.
2025-04-04 22:58:22.059 [restartedMain] INFO  c.e.s.SatellitePlatformApplication - Starting SatellitePlatformApplication using Java 17.0.12 with PID 12532 (C:\Users\HP\OneDrive\Documents\PFA\SatellitePlatformApplication\Satellite_Platform_Application\target\classes started by HP in C:\Users\HP\OneDrive\Documents\PFA\SatellitePlatformApplication\Satellite_Platform_Application)
2025-04-04 22:58:22.060 [restartedMain] DEBUG c.e.s.SatellitePlatformApplication - Running with Spring Boot v3.3.10, Spring v6.1.18
2025-04-04 22:58:22.060 [restartedMain] INFO  c.e.s.SatellitePlatformApplication - No active profile set, falling back to 1 default profile: "default"
2025-04-04 22:58:23.319 [restartedMain] INFO  c.e.s.config.JwtConfig - JWT Secret: N5xG1aT7q8v2Hq1K3rJ6bC9m5W+Pq2L7Jz9P4w==
2025-04-04 22:58:23.319 [restartedMain] INFO  c.e.s.config.JwtConfig - JWT Expiration: 86400000
2025-04-04 22:58:23.336 [restartedMain] INFO  c.e.s.config.MongoConfig - Creating MongoClient bean with URI from environment...
2025-04-04 22:58:23.337 [restartedMain] DEBUG c.e.s.config.MongoConfig - MongoClient created for URI: mongodb://localhost:27017/satellite_platform
2025-04-04 22:58:23.514 [restartedMain] DEBUG c.e.s.m.u.s.J.JwtAuthenticationFilter - Filter 'jwtAuthenticationFilter' configured for use
2025-04-04 22:58:23.777 [restartedMain] INFO  c.e.s.m.u.a.services.AuditLogService - Audit log path initialized to: C:\logs\audit.log
2025-04-04 22:58:24.447 [restartedMain] INFO  c.e.s.m.m.c.RabbitMQListenerConfig - Setting RabbitMQ listener prefetch count to: 10
2025-04-04 22:58:25.355 [restartedMain] INFO  c.e.s.c.c.ProcessingResponseCacheHandler - ProcessingResponseCacheHandler initialized with ResultsRepository and ResultsMapper.
2025-04-04 22:58:25.357 [restartedMain] INFO  c.e.s.c.c.ProcessingResponseCacheHandler - Scheduled cache cleanup task with cron expression: 0 0 3 * * ?
2025-04-04 22:58:25.447 [restartedMain] INFO  c.e.s.c.e.DatabasePropertySourceAdder - ContextRefreshedEvent received. Adding DatabasePropertySource to environment.
2025-04-04 22:58:25.448 [restartedMain] INFO  c.e.s.c.e.DatabasePropertySource - Initializing DatabasePropertySource: Loading properties from database...
2025-04-04 22:58:25.451 [restartedMain] INFO  c.e.s.c.e.DatabasePropertySource - Loaded 0 properties from database into DatabasePropertySource cache.
2025-04-04 22:58:25.451 [restartedMain] INFO  c.e.s.c.e.DatabasePropertySourceAdder - Successfully added DatabasePropertySource to environment.
2025-04-04 22:58:25.453 [restartedMain] INFO  c.e.s.SatellitePlatformApplication - Started SatellitePlatformApplication in 3.59 seconds (process running for 4240.188)
2025-04-04 22:58:25.475 [restartedMain] DEBUG c.e.s.m.u.config.DataInitializer - Admin user(s) already exist. Skipping initial admin creation.
2025-04-04 22:58:32.293 [restartedMain] INFO  c.e.s.SatellitePlatformApplication - Starting SatellitePlatformApplication using Java 17.0.12 with PID 12532 (C:\Users\HP\OneDrive\Documents\PFA\SatellitePlatformApplication\Satellite_Platform_Application\target\classes started by HP in C:\Users\HP\OneDrive\Documents\PFA\SatellitePlatformApplication\Satellite_Platform_Application)
2025-04-04 22:58:32.294 [restartedMain] DEBUG c.e.s.SatellitePlatformApplication - Running with Spring Boot v3.3.10, Spring v6.1.18
2025-04-04 22:58:32.294 [restartedMain] INFO  c.e.s.SatellitePlatformApplication - No active profile set, falling back to 1 default profile: "default"
2025-04-04 22:58:33.592 [restartedMain] INFO  c.e.s.config.JwtConfig - JWT Secret: N5xG1aT7q8v2Hq1K3rJ6bC9m5W+Pq2L7Jz9P4w==
2025-04-04 22:58:33.593 [restartedMain] INFO  c.e.s.config.JwtConfig - JWT Expiration: 86400000
2025-04-04 22:58:33.608 [restartedMain] INFO  c.e.s.config.MongoConfig - Creating MongoClient bean with URI from environment...
2025-04-04 22:58:33.608 [restartedMain] DEBUG c.e.s.config.MongoConfig - MongoClient created for URI: mongodb://localhost:27017/satellite_platform
2025-04-04 22:58:33.775 [restartedMain] DEBUG c.e.s.m.u.s.J.JwtAuthenticationFilter - Filter 'jwtAuthenticationFilter' configured for use
2025-04-04 22:58:34.013 [restartedMain] INFO  c.e.s.m.u.a.services.AuditLogService - Audit log path initialized to: C:\logs\audit.log
2025-04-04 22:58:34.707 [restartedMain] INFO  c.e.s.m.m.c.RabbitMQListenerConfig - Setting RabbitMQ listener prefetch count to: 10
2025-04-04 22:58:35.787 [restartedMain] INFO  c.e.s.c.c.ProcessingResponseCacheHandler - ProcessingResponseCacheHandler initialized with ResultsRepository and ResultsMapper.
2025-04-04 22:58:35.789 [restartedMain] INFO  c.e.s.c.c.ProcessingResponseCacheHandler - Scheduled cache cleanup task with cron expression: 0 0 3 * * ?
2025-04-04 22:58:35.864 [restartedMain] INFO  c.e.s.c.e.DatabasePropertySourceAdder - ContextRefreshedEvent received. Adding DatabasePropertySource to environment.
2025-04-04 22:58:35.865 [restartedMain] INFO  c.e.s.c.e.DatabasePropertySource - Initializing DatabasePropertySource: Loading properties from database...
2025-04-04 22:58:35.868 [restartedMain] INFO  c.e.s.c.e.DatabasePropertySource - Loaded 0 properties from database into DatabasePropertySource cache.
2025-04-04 22:58:35.869 [restartedMain] INFO  c.e.s.c.e.DatabasePropertySourceAdder - Successfully added DatabasePropertySource to environment.
2025-04-04 22:58:35.870 [restartedMain] INFO  c.e.s.SatellitePlatformApplication - Started SatellitePlatformApplication in 3.894 seconds (process running for 4250.606)
2025-04-04 22:58:35.901 [restartedMain] DEBUG c.e.s.m.u.config.DataInitializer - Admin user(s) already exist. Skipping initial admin creation.
2025-04-04 22:58:38.552 [restartedMain] INFO  c.e.s.SatellitePlatformApplication - Starting SatellitePlatformApplication using Java 17.0.12 with PID 12532 (C:\Users\HP\OneDrive\Documents\PFA\SatellitePlatformApplication\Satellite_Platform_Application\target\classes started by HP in C:\Users\HP\OneDrive\Documents\PFA\SatellitePlatformApplication\Satellite_Platform_Application)
2025-04-04 22:58:38.553 [restartedMain] DEBUG c.e.s.SatellitePlatformApplication - Running with Spring Boot v3.3.10, Spring v6.1.18
2025-04-04 22:58:38.553 [restartedMain] INFO  c.e.s.SatellitePlatformApplication - No active profile set, falling back to 1 default profile: "default"
2025-04-04 22:58:39.655 [restartedMain] INFO  c.e.s.config.JwtConfig - JWT Secret: N5xG1aT7q8v2Hq1K3rJ6bC9m5W+Pq2L7Jz9P4w==
2025-04-04 22:58:39.656 [restartedMain] INFO  c.e.s.config.JwtConfig - JWT Expiration: 86400000
2025-04-04 22:58:39.669 [restartedMain] INFO  c.e.s.config.MongoConfig - Creating MongoClient bean with URI from environment...
2025-04-04 22:58:39.669 [restartedMain] DEBUG c.e.s.config.MongoConfig - MongoClient created for URI: mongodb://localhost:27017/satellite_platform
2025-04-04 22:58:39.822 [restartedMain] DEBUG c.e.s.m.u.s.J.JwtAuthenticationFilter - Filter 'jwtAuthenticationFilter' configured for use
2025-04-04 22:58:40.056 [restartedMain] INFO  c.e.s.m.u.a.services.AuditLogService - Audit log path initialized to: C:\logs\audit.log
2025-04-04 22:58:40.790 [restartedMain] INFO  c.e.s.m.m.c.RabbitMQListenerConfig - Setting RabbitMQ listener prefetch count to: 10
2025-04-04 22:58:41.883 [restartedMain] INFO  c.e.s.c.c.ProcessingResponseCacheHandler - ProcessingResponseCacheHandler initialized with ResultsRepository and ResultsMapper.
2025-04-04 22:58:41.884 [restartedMain] INFO  c.e.s.c.c.ProcessingResponseCacheHandler - Scheduled cache cleanup task with cron expression: 0 0 3 * * ?
2025-04-04 22:58:41.953 [restartedMain] INFO  c.e.s.c.e.DatabasePropertySourceAdder - ContextRefreshedEvent received. Adding DatabasePropertySource to environment.
2025-04-04 22:58:41.953 [restartedMain] INFO  c.e.s.c.e.DatabasePropertySource - Initializing DatabasePropertySource: Loading properties from database...
2025-04-04 22:58:41.956 [restartedMain] INFO  c.e.s.c.e.DatabasePropertySource - Loaded 0 properties from database into DatabasePropertySource cache.
2025-04-04 22:58:41.956 [restartedMain] INFO  c.e.s.c.e.DatabasePropertySourceAdder - Successfully added DatabasePropertySource to environment.
2025-04-04 22:58:41.957 [restartedMain] INFO  c.e.s.SatellitePlatformApplication - Started SatellitePlatformApplication in 3.594 seconds (process running for 4256.693)
2025-04-04 22:58:41.980 [restartedMain] DEBUG c.e.s.m.u.config.DataInitializer - Admin user(s) already exist. Skipping initial admin creation.
2025-04-04 22:58:53.783 [restartedMain] INFO  c.e.s.SatellitePlatformApplication - Starting SatellitePlatformApplication using Java 17.0.12 with PID 12532 (C:\Users\HP\OneDrive\Documents\PFA\SatellitePlatformApplication\Satellite_Platform_Application\target\classes started by HP in C:\Users\HP\OneDrive\Documents\PFA\SatellitePlatformApplication\Satellite_Platform_Application)
2025-04-04 22:58:53.784 [restartedMain] DEBUG c.e.s.SatellitePlatformApplication - Running with Spring Boot v3.3.10, Spring v6.1.18
2025-04-04 22:58:53.784 [restartedMain] INFO  c.e.s.SatellitePlatformApplication - No active profile set, falling back to 1 default profile: "default"
2025-04-04 22:58:55.065 [restartedMain] INFO  c.e.s.config.JwtConfig - JWT Secret: N5xG1aT7q8v2Hq1K3rJ6bC9m5W+Pq2L7Jz9P4w==
2025-04-04 22:58:55.066 [restartedMain] INFO  c.e.s.config.JwtConfig - JWT Expiration: 86400000
2025-04-04 22:58:55.083 [restartedMain] INFO  c.e.s.config.MongoConfig - Creating MongoClient bean with URI from environment...
2025-04-04 22:58:55.083 [restartedMain] DEBUG c.e.s.config.MongoConfig - MongoClient created for URI: mongodb://localhost:27017/satellite_platform
2025-04-04 22:58:55.344 [restartedMain] DEBUG c.e.s.m.u.s.J.JwtAuthenticationFilter - Filter 'jwtAuthenticationFilter' configured for use
2025-04-04 22:58:55.837 [restartedMain] INFO  c.e.s.m.u.a.services.AuditLogService - Audit log path initialized to: C:\logs\audit.log
2025-04-04 22:58:57.005 [restartedMain] INFO  c.e.s.m.m.c.RabbitMQListenerConfig - Setting RabbitMQ listener prefetch count to: 10
2025-04-04 22:58:58.839 [restartedMain] INFO  c.e.s.c.c.ProcessingResponseCacheHandler - ProcessingResponseCacheHandler initialized with ResultsRepository and ResultsMapper.
2025-04-04 22:58:58.841 [restartedMain] INFO  c.e.s.c.c.ProcessingResponseCacheHandler - Scheduled cache cleanup task with cron expression: 0 0 3 * * ?
2025-04-04 22:58:58.907 [restartedMain] INFO  c.e.s.c.e.DatabasePropertySourceAdder - ContextRefreshedEvent received. Adding DatabasePropertySource to environment.
2025-04-04 22:58:58.908 [restartedMain] INFO  c.e.s.c.e.DatabasePropertySource - Initializing DatabasePropertySource: Loading properties from database...
2025-04-04 22:58:58.914 [restartedMain] INFO  c.e.s.c.e.DatabasePropertySource - Loaded 0 properties from database into DatabasePropertySource cache.
2025-04-04 22:58:58.915 [restartedMain] INFO  c.e.s.c.e.DatabasePropertySourceAdder - Successfully added DatabasePropertySource to environment.
2025-04-04 22:58:58.917 [restartedMain] INFO  c.e.s.SatellitePlatformApplication - Started SatellitePlatformApplication in 5.326 seconds (process running for 4273.653)
2025-04-04 22:58:58.944 [restartedMain] DEBUG c.e.s.m.u.config.DataInitializer - Admin user(s) already exist. Skipping initial admin creation.
2025-04-04 22:59:00.681 [restartedMain] INFO  c.e.s.SatellitePlatformApplication - Starting SatellitePlatformApplication using Java 17.0.12 with PID 12532 (C:\Users\HP\OneDrive\Documents\PFA\SatellitePlatformApplication\Satellite_Platform_Application\target\classes started by HP in C:\Users\HP\OneDrive\Documents\PFA\SatellitePlatformApplication\Satellite_Platform_Application)
2025-04-04 22:59:00.681 [restartedMain] DEBUG c.e.s.SatellitePlatformApplication - Running with Spring Boot v3.3.10, Spring v6.1.18
2025-04-04 22:59:00.681 [restartedMain] INFO  c.e.s.SatellitePlatformApplication - No active profile set, falling back to 1 default profile: "default"
2025-04-04 22:59:01.936 [restartedMain] INFO  c.e.s.config.JwtConfig - JWT Secret: N5xG1aT7q8v2Hq1K3rJ6bC9m5W+Pq2L7Jz9P4w==
2025-04-04 22:59:01.937 [restartedMain] INFO  c.e.s.config.JwtConfig - JWT Expiration: 86400000
2025-04-04 22:59:01.955 [restartedMain] INFO  c.e.s.config.MongoConfig - Creating MongoClient bean with URI from environment...
2025-04-04 22:59:01.956 [restartedMain] DEBUG c.e.s.config.MongoConfig - MongoClient created for URI: mongodb://localhost:27017/satellite_platform
2025-04-04 22:59:02.142 [restartedMain] DEBUG c.e.s.m.u.s.J.JwtAuthenticationFilter - Filter 'jwtAuthenticationFilter' configured for use
2025-04-04 22:59:02.417 [restartedMain] INFO  c.e.s.m.u.a.services.AuditLogService - Audit log path initialized to: C:\logs\audit.log
2025-04-04 22:59:03.237 [restartedMain] INFO  c.e.s.m.m.c.RabbitMQListenerConfig - Setting RabbitMQ listener prefetch count to: 10
2025-04-04 22:59:04.164 [restartedMain] INFO  c.e.s.c.c.ProcessingResponseCacheHandler - ProcessingResponseCacheHandler initialized with ResultsRepository and ResultsMapper.
2025-04-04 22:59:04.166 [restartedMain] INFO  c.e.s.c.c.ProcessingResponseCacheHandler - Scheduled cache cleanup task with cron expression: 0 0 3 * * ?
2025-04-04 22:59:04.288 [restartedMain] INFO  c.e.s.c.e.DatabasePropertySourceAdder - ContextRefreshedEvent received. Adding DatabasePropertySource to environment.
2025-04-04 22:59:04.289 [restartedMain] INFO  c.e.s.c.e.DatabasePropertySource - Initializing DatabasePropertySource: Loading properties from database...
2025-04-04 22:59:04.294 [restartedMain] INFO  c.e.s.c.e.DatabasePropertySource - Loaded 0 properties from database into DatabasePropertySource cache.
2025-04-04 22:59:04.295 [restartedMain] INFO  c.e.s.c.e.DatabasePropertySourceAdder - Successfully added DatabasePropertySource to environment.
2025-04-04 22:59:04.298 [restartedMain] INFO  c.e.s.SatellitePlatformApplication - Started SatellitePlatformApplication in 3.829 seconds (process running for 4279.033)
2025-04-04 22:59:04.324 [restartedMain] DEBUG c.e.s.m.u.config.DataInitializer - Admin user(s) already exist. Skipping initial admin creation.
2025-04-04 22:59:06.935 [restartedMain] INFO  c.e.s.SatellitePlatformApplication - Starting SatellitePlatformApplication using Java 17.0.12 with PID 12532 (C:\Users\HP\OneDrive\Documents\PFA\SatellitePlatformApplication\Satellite_Platform_Application\target\classes started by HP in C:\Users\HP\OneDrive\Documents\PFA\SatellitePlatformApplication\Satellite_Platform_Application)
2025-04-04 22:59:06.935 [restartedMain] DEBUG c.e.s.SatellitePlatformApplication - Running with Spring Boot v3.3.10, Spring v6.1.18
2025-04-04 22:59:06.935 [restartedMain] INFO  c.e.s.SatellitePlatformApplication - No active profile set, falling back to 1 default profile: "default"
2025-04-04 22:59:08.263 [restartedMain] INFO  c.e.s.config.JwtConfig - JWT Secret: N5xG1aT7q8v2Hq1K3rJ6bC9m5W+Pq2L7Jz9P4w==
2025-04-04 22:59:08.264 [restartedMain] INFO  c.e.s.config.JwtConfig - JWT Expiration: 86400000
2025-04-04 22:59:08.289 [restartedMain] INFO  c.e.s.config.MongoConfig - Creating MongoClient bean with URI from environment...
2025-04-04 22:59:08.290 [restartedMain] DEBUG c.e.s.config.MongoConfig - MongoClient created for URI: mongodb://localhost:27017/satellite_platform
2025-04-04 22:59:08.455 [restartedMain] DEBUG c.e.s.m.u.s.J.JwtAuthenticationFilter - Filter 'jwtAuthenticationFilter' configured for use
2025-04-04 22:59:08.719 [restartedMain] INFO  c.e.s.m.u.a.services.AuditLogService - Audit log path initialized to: C:\logs\audit.log
2025-04-04 22:59:09.417 [restartedMain] INFO  c.e.s.m.m.c.RabbitMQListenerConfig - Setting RabbitMQ listener prefetch count to: 10
2025-04-04 22:59:10.485 [restartedMain] INFO  c.e.s.c.c.ProcessingResponseCacheHandler - ProcessingResponseCacheHandler initialized with ResultsRepository and ResultsMapper.
2025-04-04 22:59:10.487 [restartedMain] INFO  c.e.s.c.c.ProcessingResponseCacheHandler - Scheduled cache cleanup task with cron expression: 0 0 3 * * ?
2025-04-04 22:59:10.548 [restartedMain] INFO  c.e.s.c.e.DatabasePropertySourceAdder - ContextRefreshedEvent received. Adding DatabasePropertySource to environment.
2025-04-04 22:59:10.549 [restartedMain] INFO  c.e.s.c.e.DatabasePropertySource - Initializing DatabasePropertySource: Loading properties from database...
2025-04-04 22:59:10.552 [restartedMain] INFO  c.e.s.c.e.DatabasePropertySource - Loaded 0 properties from database into DatabasePropertySource cache.
2025-04-04 22:59:10.552 [restartedMain] INFO  c.e.s.c.e.DatabasePropertySourceAdder - Successfully added DatabasePropertySource to environment.
2025-04-04 22:59:10.553 [restartedMain] INFO  c.e.s.SatellitePlatformApplication - Started SatellitePlatformApplication in 3.808 seconds (process running for 4285.289)
2025-04-04 22:59:10.578 [restartedMain] DEBUG c.e.s.m.u.config.DataInitializer - Admin user(s) already exist. Skipping initial admin creation.
2025-04-04 22:59:13.211 [restartedMain] INFO  c.e.s.SatellitePlatformApplication - Starting SatellitePlatformApplication using Java 17.0.12 with PID 12532 (C:\Users\HP\OneDrive\Documents\PFA\SatellitePlatformApplication\Satellite_Platform_Application\target\classes started by HP in C:\Users\HP\OneDrive\Documents\PFA\SatellitePlatformApplication\Satellite_Platform_Application)
2025-04-04 22:59:13.212 [restartedMain] DEBUG c.e.s.SatellitePlatformApplication - Running with Spring Boot v3.3.10, Spring v6.1.18
2025-04-04 22:59:13.212 [restartedMain] INFO  c.e.s.SatellitePlatformApplication - No active profile set, falling back to 1 default profile: "default"
2025-04-04 22:59:14.342 [restartedMain] INFO  c.e.s.config.JwtConfig - JWT Secret: N5xG1aT7q8v2Hq1K3rJ6bC9m5W+Pq2L7Jz9P4w==
2025-04-04 22:59:14.342 [restartedMain] INFO  c.e.s.config.JwtConfig - JWT Expiration: 86400000
2025-04-04 22:59:14.359 [restartedMain] INFO  c.e.s.config.MongoConfig - Creating MongoClient bean with URI from environment...
2025-04-04 22:59:14.360 [restartedMain] DEBUG c.e.s.config.MongoConfig - MongoClient created for URI: mongodb://localhost:27017/satellite_platform
2025-04-04 22:59:14.527 [restartedMain] DEBUG c.e.s.m.u.s.J.JwtAuthenticationFilter - Filter 'jwtAuthenticationFilter' configured for use
2025-04-04 22:59:14.754 [restartedMain] INFO  c.e.s.m.u.a.services.AuditLogService - Audit log path initialized to: C:\logs\audit.log
2025-04-04 22:59:15.540 [restartedMain] INFO  c.e.s.m.m.c.RabbitMQListenerConfig - Setting RabbitMQ listener prefetch count to: 10
2025-04-04 22:59:16.659 [restartedMain] INFO  c.e.s.c.c.ProcessingResponseCacheHandler - ProcessingResponseCacheHandler initialized with ResultsRepository and ResultsMapper.
2025-04-04 22:59:16.661 [restartedMain] INFO  c.e.s.c.c.ProcessingResponseCacheHandler - Scheduled cache cleanup task with cron expression: 0 0 3 * * ?
2025-04-04 22:59:16.722 [restartedMain] INFO  c.e.s.c.e.DatabasePropertySourceAdder - ContextRefreshedEvent received. Adding DatabasePropertySource to environment.
2025-04-04 22:59:16.723 [restartedMain] INFO  c.e.s.c.e.DatabasePropertySource - Initializing DatabasePropertySource: Loading properties from database...
2025-04-04 22:59:16.726 [restartedMain] INFO  c.e.s.c.e.DatabasePropertySource - Loaded 0 properties from database into DatabasePropertySource cache.
2025-04-04 22:59:16.727 [restartedMain] INFO  c.e.s.c.e.DatabasePropertySourceAdder - Successfully added DatabasePropertySource to environment.
2025-04-04 22:59:16.728 [restartedMain] INFO  c.e.s.SatellitePlatformApplication - Started SatellitePlatformApplication in 3.758 seconds (process running for 4291.463)
2025-04-04 22:59:16.747 [restartedMain] DEBUG c.e.s.m.u.config.DataInitializer - Admin user(s) already exist. Skipping initial admin creation.
2025-04-04 22:59:19.397 [restartedMain] INFO  c.e.s.SatellitePlatformApplication - Starting SatellitePlatformApplication using Java 17.0.12 with PID 12532 (C:\Users\HP\OneDrive\Documents\PFA\SatellitePlatformApplication\Satellite_Platform_Application\target\classes started by HP in C:\Users\HP\OneDrive\Documents\PFA\SatellitePlatformApplication\Satellite_Platform_Application)
2025-04-04 22:59:19.398 [restartedMain] DEBUG c.e.s.SatellitePlatformApplication - Running with Spring Boot v3.3.10, Spring v6.1.18
2025-04-04 22:59:19.398 [restartedMain] INFO  c.e.s.SatellitePlatformApplication - No active profile set, falling back to 1 default profile: "default"
2025-04-04 22:59:20.792 [restartedMain] INFO  c.e.s.config.JwtConfig - JWT Secret: N5xG1aT7q8v2Hq1K3rJ6bC9m5W+Pq2L7Jz9P4w==
2025-04-04 22:59:20.792 [restartedMain] INFO  c.e.s.config.JwtConfig - JWT Expiration: 86400000
2025-04-04 22:59:20.812 [restartedMain] INFO  c.e.s.config.MongoConfig - Creating MongoClient bean with URI from environment...
2025-04-04 22:59:20.813 [restartedMain] DEBUG c.e.s.config.MongoConfig - MongoClient created for URI: mongodb://localhost:27017/satellite_platform
2025-04-04 22:59:21.009 [restartedMain] DEBUG c.e.s.m.u.s.J.JwtAuthenticationFilter - Filter 'jwtAuthenticationFilter' configured for use
2025-04-04 22:59:21.355 [restartedMain] INFO  c.e.s.m.u.a.services.AuditLogService - Audit log path initialized to: C:\logs\audit.log
2025-04-04 22:59:22.241 [restartedMain] INFO  c.e.s.m.m.c.RabbitMQListenerConfig - Setting RabbitMQ listener prefetch count to: 10
2025-04-04 22:59:23.289 [restartedMain] INFO  c.e.s.c.c.ProcessingResponseCacheHandler - ProcessingResponseCacheHandler initialized with ResultsRepository and ResultsMapper.
2025-04-04 22:59:23.292 [restartedMain] INFO  c.e.s.c.c.ProcessingResponseCacheHandler - Scheduled cache cleanup task with cron expression: 0 0 3 * * ?
2025-04-04 22:59:23.363 [restartedMain] INFO  c.e.s.c.e.DatabasePropertySourceAdder - ContextRefreshedEvent received. Adding DatabasePropertySource to environment.
2025-04-04 22:59:23.364 [restartedMain] INFO  c.e.s.c.e.DatabasePropertySource - Initializing DatabasePropertySource: Loading properties from database...
2025-04-04 22:59:23.368 [restartedMain] INFO  c.e.s.c.e.DatabasePropertySource - Loaded 0 properties from database into DatabasePropertySource cache.
2025-04-04 22:59:23.369 [restartedMain] INFO  c.e.s.c.e.DatabasePropertySourceAdder - Successfully added DatabasePropertySource to environment.
2025-04-04 22:59:23.370 [restartedMain] INFO  c.e.s.SatellitePlatformApplication - Started SatellitePlatformApplication in 4.166 seconds (process running for 4298.106)
2025-04-04 22:59:23.390 [restartedMain] DEBUG c.e.s.m.u.config.DataInitializer - Admin user(s) already exist. Skipping initial admin creation.
2025-04-04 22:59:32.110 [restartedMain] INFO  c.e.s.SatellitePlatformApplication - Starting SatellitePlatformApplication using Java 17.0.12 with PID 12532 (C:\Users\HP\OneDrive\Documents\PFA\SatellitePlatformApplication\Satellite_Platform_Application\target\classes started by HP in C:\Users\HP\OneDrive\Documents\PFA\SatellitePlatformApplication\Satellite_Platform_Application)
2025-04-04 22:59:32.110 [restartedMain] DEBUG c.e.s.SatellitePlatformApplication - Running with Spring Boot v3.3.10, Spring v6.1.18
2025-04-04 22:59:32.111 [restartedMain] INFO  c.e.s.SatellitePlatformApplication - No active profile set, falling back to 1 default profile: "default"
2025-04-04 22:59:33.294 [restartedMain] INFO  c.e.s.config.JwtConfig - JWT Secret: N5xG1aT7q8v2Hq1K3rJ6bC9m5W+Pq2L7Jz9P4w==
2025-04-04 22:59:33.294 [restartedMain] INFO  c.e.s.config.JwtConfig - JWT Expiration: 86400000
2025-04-04 22:59:33.319 [restartedMain] INFO  c.e.s.config.MongoConfig - Creating MongoClient bean with URI from environment...
2025-04-04 22:59:33.320 [restartedMain] DEBUG c.e.s.config.MongoConfig - MongoClient created for URI: mongodb://localhost:27017/satellite_platform
2025-04-04 23:02:07.122 [restartedMain] INFO  c.e.s.SatellitePlatformApplication - Starting SatellitePlatformApplication using Java 17.0.12 with PID 12532 (C:\Users\HP\OneDrive\Documents\PFA\SatellitePlatformApplication\Satellite_Platform_Application\target\classes started by HP in C:\Users\HP\OneDrive\Documents\PFA\SatellitePlatformApplication\Satellite_Platform_Application)
2025-04-04 23:02:07.123 [restartedMain] DEBUG c.e.s.SatellitePlatformApplication - Running with Spring Boot v3.3.10, Spring v6.1.18
2025-04-04 23:02:07.124 [restartedMain] INFO  c.e.s.SatellitePlatformApplication - No active profile set, falling back to 1 default profile: "default"
2025-04-04 23:02:08.336 [restartedMain] INFO  c.e.s.config.JwtConfig - JWT Secret: N5xG1aT7q8v2Hq1K3rJ6bC9m5W+Pq2L7Jz9P4w==
2025-04-04 23:02:08.337 [restartedMain] INFO  c.e.s.config.JwtConfig - JWT Expiration: 86400000
2025-04-04 23:02:08.356 [restartedMain] INFO  c.e.s.config.MongoConfig - Creating MongoClient bean with URI from environment...
2025-04-04 23:02:08.357 [restartedMain] DEBUG c.e.s.config.MongoConfig - MongoClient created for URI: mongodb://localhost:27017/satellite_platform
2025-04-04 23:02:08.525 [restartedMain] DEBUG c.e.s.m.u.s.J.JwtAuthenticationFilter - Filter 'jwtAuthenticationFilter' configured for use
2025-04-04 23:02:08.757 [restartedMain] INFO  c.e.s.m.u.a.services.AuditLogService - Audit log path initialized to: C:\logs\audit.log
2025-04-04 23:02:09.527 [restartedMain] INFO  c.e.s.m.m.c.RabbitMQListenerConfig - Setting RabbitMQ listener prefetch count to: 10
2025-04-04 23:02:10.458 [restartedMain] INFO  c.e.s.c.c.ProcessingResponseCacheHandler - ProcessingResponseCacheHandler initialized with ResultsRepository and ResultsMapper.
2025-04-04 23:02:10.460 [restartedMain] INFO  c.e.s.c.c.ProcessingResponseCacheHandler - Scheduled cache cleanup task with cron expression: 0 0 3 * * ?
2025-04-04 23:02:10.541 [restartedMain] INFO  c.e.s.c.e.DatabasePropertySourceAdder - ContextRefreshedEvent received. Adding DatabasePropertySource to environment.
2025-04-04 23:02:10.541 [restartedMain] INFO  c.e.s.c.e.DatabasePropertySource - Initializing DatabasePropertySource: Loading properties from database...
2025-04-04 23:02:10.550 [restartedMain] INFO  c.e.s.c.e.DatabasePropertySource - Loaded 0 properties from database into DatabasePropertySource cache.
2025-04-04 23:02:10.551 [restartedMain] INFO  c.e.s.c.e.DatabasePropertySourceAdder - Successfully added DatabasePropertySource to environment.
2025-04-04 23:02:10.554 [restartedMain] INFO  c.e.s.SatellitePlatformApplication - Started SatellitePlatformApplication in 3.678 seconds (process running for 4465.289)
2025-04-04 23:02:10.576 [restartedMain] DEBUG c.e.s.m.u.config.DataInitializer - Admin user(s) already exist. Skipping initial admin creation.
2025-04-04 23:02:43.582 [restartedMain] INFO  c.e.s.SatellitePlatformApplication - Starting SatellitePlatformApplication using Java 17.0.12 with PID 12532 (C:\Users\HP\OneDrive\Documents\PFA\SatellitePlatformApplication\Satellite_Platform_Application\target\classes started by HP in C:\Users\HP\OneDrive\Documents\PFA\SatellitePlatformApplication\Satellite_Platform_Application)
2025-04-04 23:02:43.583 [restartedMain] DEBUG c.e.s.SatellitePlatformApplication - Running with Spring Boot v3.3.10, Spring v6.1.18
2025-04-04 23:02:43.583 [restartedMain] INFO  c.e.s.SatellitePlatformApplication - No active profile set, falling back to 1 default profile: "default"
2025-04-04 23:02:44.803 [restartedMain] INFO  c.e.s.config.JwtConfig - JWT Secret: N5xG1aT7q8v2Hq1K3rJ6bC9m5W+Pq2L7Jz9P4w==
2025-04-04 23:02:44.803 [restartedMain] INFO  c.e.s.config.JwtConfig - JWT Expiration: 86400000
2025-04-04 23:02:44.818 [restartedMain] INFO  c.e.s.config.MongoConfig - Creating MongoClient bean with URI from environment...
2025-04-04 23:02:44.818 [restartedMain] DEBUG c.e.s.config.MongoConfig - MongoClient created for URI: mongodb://localhost:27017/satellite_platform
2025-04-04 23:02:44.977 [restartedMain] DEBUG c.e.s.m.u.s.J.JwtAuthenticationFilter - Filter 'jwtAuthenticationFilter' configured for use
2025-04-04 23:02:45.255 [restartedMain] INFO  c.e.s.m.u.a.services.AuditLogService - Audit log path initialized to: C:\logs\audit.log
2025-04-04 23:02:45.967 [restartedMain] INFO  c.e.s.m.m.c.RabbitMQListenerConfig - Setting RabbitMQ listener prefetch count to: 10
2025-04-04 23:02:46.963 [restartedMain] INFO  c.e.s.c.c.ProcessingResponseCacheHandler - ProcessingResponseCacheHandler initialized with ResultsRepository and ResultsMapper.
2025-04-04 23:02:46.965 [restartedMain] INFO  c.e.s.c.c.ProcessingResponseCacheHandler - Scheduled cache cleanup task with cron expression: 0 0 3 * * ?
2025-04-04 23:02:47.051 [restartedMain] INFO  c.e.s.c.e.DatabasePropertySourceAdder - ContextRefreshedEvent received. Adding DatabasePropertySource to environment.
2025-04-04 23:02:47.051 [restartedMain] INFO  c.e.s.c.e.DatabasePropertySource - Initializing DatabasePropertySource: Loading properties from database...
2025-04-04 23:02:47.054 [restartedMain] INFO  c.e.s.c.e.DatabasePropertySource - Loaded 0 properties from database into DatabasePropertySource cache.
2025-04-04 23:02:47.055 [restartedMain] INFO  c.e.s.c.e.DatabasePropertySourceAdder - Successfully added DatabasePropertySource to environment.
2025-04-04 23:02:47.057 [restartedMain] INFO  c.e.s.SatellitePlatformApplication - Started SatellitePlatformApplication in 3.729 seconds (process running for 4501.792)
2025-04-04 23:02:47.083 [restartedMain] DEBUG c.e.s.m.u.config.DataInitializer - Admin user(s) already exist. Skipping initial admin creation.
2025-04-04 23:04:12.523 [restartedMain] INFO  c.e.s.SatellitePlatformApplication - Starting SatellitePlatformApplication using Java 17.0.12 with PID 12532 (C:\Users\HP\OneDrive\Documents\PFA\SatellitePlatformApplication\Satellite_Platform_Application\target\classes started by HP in C:\Users\HP\OneDrive\Documents\PFA\SatellitePlatformApplication\Satellite_Platform_Application)
2025-04-04 23:04:12.524 [restartedMain] DEBUG c.e.s.SatellitePlatformApplication - Running with Spring Boot v3.3.10, Spring v6.1.18
2025-04-04 23:04:12.524 [restartedMain] INFO  c.e.s.SatellitePlatformApplication - No active profile set, falling back to 1 default profile: "default"
2025-04-04 23:04:13.813 [restartedMain] INFO  c.e.s.config.JwtConfig - JWT Secret: N5xG1aT7q8v2Hq1K3rJ6bC9m5W+Pq2L7Jz9P4w==
2025-04-04 23:04:13.813 [restartedMain] INFO  c.e.s.config.JwtConfig - JWT Expiration: 86400000
2025-04-04 23:04:13.829 [restartedMain] INFO  c.e.s.config.MongoConfig - Creating MongoClient bean with URI from environment...
2025-04-04 23:04:13.830 [restartedMain] DEBUG c.e.s.config.MongoConfig - MongoClient created for URI: mongodb://localhost:27017/satellite_platform
2025-04-04 23:04:14.012 [restartedMain] DEBUG c.e.s.m.u.s.J.JwtAuthenticationFilter - Filter 'jwtAuthenticationFilter' configured for use
2025-04-04 23:04:14.284 [restartedMain] INFO  c.e.s.m.u.a.services.AuditLogService - Audit log path initialized to: C:\logs\audit.log
2025-04-04 23:04:15.495 [restartedMain] INFO  c.e.s.m.m.c.RabbitMQListenerConfig - Setting RabbitMQ listener prefetch count to: 10
2025-04-04 23:04:16.531 [restartedMain] INFO  c.e.s.c.c.ProcessingResponseCacheHandler - ProcessingResponseCacheHandler initialized with ResultsRepository and ResultsMapper.
2025-04-04 23:04:16.533 [restartedMain] INFO  c.e.s.c.c.ProcessingResponseCacheHandler - Scheduled cache cleanup task with cron expression: 0 0 3 * * ?
2025-04-04 23:04:16.594 [restartedMain] INFO  c.e.s.c.e.DatabasePropertySourceAdder - ContextRefreshedEvent received. Adding DatabasePropertySource to environment.
2025-04-04 23:04:16.595 [restartedMain] INFO  c.e.s.c.e.DatabasePropertySource - Initializing DatabasePropertySource: Loading properties from database...
2025-04-04 23:04:16.600 [restartedMain] INFO  c.e.s.c.e.DatabasePropertySource - Loaded 0 properties from database into DatabasePropertySource cache.
2025-04-04 23:04:16.600 [restartedMain] INFO  c.e.s.c.e.DatabasePropertySourceAdder - Successfully added DatabasePropertySource to environment.
2025-04-04 23:04:16.601 [restartedMain] INFO  c.e.s.SatellitePlatformApplication - Started SatellitePlatformApplication in 4.254 seconds (process running for 4591.337)
2025-04-04 23:04:16.624 [restartedMain] DEBUG c.e.s.m.u.config.DataInitializer - Admin user(s) already exist. Skipping initial admin creation.
2025-04-04 23:04:19.341 [restartedMain] INFO  c.e.s.SatellitePlatformApplication - Starting SatellitePlatformApplication using Java 17.0.12 with PID 12532 (C:\Users\HP\OneDrive\Documents\PFA\SatellitePlatformApplication\Satellite_Platform_Application\target\classes started by HP in C:\Users\HP\OneDrive\Documents\PFA\SatellitePlatformApplication\Satellite_Platform_Application)
2025-04-04 23:04:19.341 [restartedMain] DEBUG c.e.s.SatellitePlatformApplication - Running with Spring Boot v3.3.10, Spring v6.1.18
2025-04-04 23:04:19.341 [restartedMain] INFO  c.e.s.SatellitePlatformApplication - No active profile set, falling back to 1 default profile: "default"
2025-04-04 23:04:20.428 [restartedMain] INFO  c.e.s.config.JwtConfig - JWT Secret: N5xG1aT7q8v2Hq1K3rJ6bC9m5W+Pq2L7Jz9P4w==
2025-04-04 23:04:20.429 [restartedMain] INFO  c.e.s.config.JwtConfig - JWT Expiration: 86400000
2025-04-04 23:04:20.443 [restartedMain] INFO  c.e.s.config.MongoConfig - Creating MongoClient bean with URI from environment...
2025-04-04 23:04:20.443 [restartedMain] DEBUG c.e.s.config.MongoConfig - MongoClient created for URI: mongodb://localhost:27017/satellite_platform
2025-04-04 23:04:20.600 [restartedMain] DEBUG c.e.s.m.u.s.J.JwtAuthenticationFilter - Filter 'jwtAuthenticationFilter' configured for use
2025-04-04 23:04:20.818 [restartedMain] INFO  c.e.s.m.u.a.services.AuditLogService - Audit log path initialized to: C:\logs\audit.log
2025-04-04 23:04:21.479 [restartedMain] INFO  c.e.s.m.m.c.RabbitMQListenerConfig - Setting RabbitMQ listener prefetch count to: 10
2025-04-04 23:04:22.466 [restartedMain] INFO  c.e.s.c.c.ProcessingResponseCacheHandler - ProcessingResponseCacheHandler initialized with ResultsRepository and ResultsMapper.
2025-04-04 23:04:22.469 [restartedMain] INFO  c.e.s.c.c.ProcessingResponseCacheHandler - Scheduled cache cleanup task with cron expression: 0 0 3 * * ?
2025-04-04 23:04:22.564 [restartedMain] INFO  c.e.s.c.e.DatabasePropertySourceAdder - ContextRefreshedEvent received. Adding DatabasePropertySource to environment.
2025-04-04 23:04:22.564 [restartedMain] INFO  c.e.s.c.e.DatabasePropertySource - Initializing DatabasePropertySource: Loading properties from database...
2025-04-04 23:04:22.567 [restartedMain] INFO  c.e.s.c.e.DatabasePropertySource - Loaded 0 properties from database into DatabasePropertySource cache.
2025-04-04 23:04:22.567 [restartedMain] INFO  c.e.s.c.e.DatabasePropertySourceAdder - Successfully added DatabasePropertySource to environment.
2025-04-04 23:04:22.569 [restartedMain] INFO  c.e.s.SatellitePlatformApplication - Started SatellitePlatformApplication in 3.415 seconds (process running for 4597.304)
2025-04-04 23:04:22.588 [restartedMain] DEBUG c.e.s.m.u.config.DataInitializer - Admin user(s) already exist. Skipping initial admin creation.
2025-04-04 23:08:16.837 [http-nio-8080-exec-1] INFO  c.e.s.c.RequestResponseLoggingFilter - >>> Request [ea564a97]: POST /api/v1/messaging/messages from 127.0.0.1 - Body: [empty]
2025-04-04 23:08:16.849 [http-nio-8080-exec-1] INFO  c.e.s.m.m.c.MessagingController - Received request to send message from user ID 67f047b75ef6b30b9b40eec5 (email: yobtot2@gmail.com) to 67f051ff5ef6b30b9b40eeda of type USER_TO_USER
2025-04-04 23:08:16.853 [http-nio-8080-exec-1] INFO  c.e.s.m.m.s.RabbitMQProducerService - Sending USER_TO_USER message c809b1c6-21d7-477a-bddd-dc851166ba99 to exchange messaging.direct.exchange with routing key messaging.user.direct.queue
2025-04-04 23:08:16.857 [http-nio-8080-exec-1] INFO  c.e.s.m.m.s.RabbitMQProducerService - Message c809b1c6-21d7-477a-bddd-dc851166ba99 sent successfully.
2025-04-04 23:08:16.857 [http-nio-8080-exec-1] INFO  c.e.s.m.m.service.MessagingService - Message ID: c809b1c6-21d7-477a-bddd-dc851166ba99 produced to RabbitMQ.
2025-04-04 23:08:16.861 [http-nio-8080-exec-1] INFO  c.e.s.c.RequestResponseLoggingFilter - <<< Response [ea564a97]: Status 202 in 24ms - Body: {"id":"c809b1c6-21d7-477a-bddd-dc851166ba99","senderId":"67f047b75ef6b30b9b40eec5","content":"Hello User B, this is a test message!","timestamp":"2025-04-04T23:08:16.852317","messageType":"USER_TO_USER","attachments":[],"reactions":[]}
2025-04-04 23:08:16.865 [org.springframework.amqp.rabbit.RabbitListenerEndpointContainer#3-1] INFO  c.e.s.m.m.s.RabbitMQConsumerService - Received USER_DIRECT message: c809b1c6-21d7-477a-bddd-dc851166ba99
2025-04-04 23:08:16.873 [org.springframework.amqp.rabbit.RabbitListenerEndpointContainer#3-1] INFO  c.e.s.m.m.s.RabbitMQConsumerService - Processing message ID: c809b1c6-21d7-477a-bddd-dc851166ba99
2025-04-04 23:08:16.873 [org.springframework.amqp.rabbit.RabbitListenerEndpointContainer#3-1] INFO  c.e.s.m.m.service.MessagingService - Attempting to save received message ID: c809b1c6-21d7-477a-bddd-dc851166ba99
2025-04-04 23:08:16.873 [org.springframework.amqp.rabbit.RabbitListenerEndpointContainer#3-1] WARN  c.e.s.m.m.service.MessagingService - Could not determine recipient for USER_TO_USER message ID: c809b1c6-21d7-477a-bddd-dc851166ba99
2025-04-04 23:08:16.874 [org.springframework.amqp.rabbit.RabbitListenerEndpointContainer#3-1] ERROR c.e.s.m.m.service.MessagingService - Could not determine participants for message ID: c809b1c6-21d7-477a-bddd-dc851166ba99. Skipping save.
2025-04-04 23:08:16.874 [org.springframework.amqp.rabbit.RabbitListenerEndpointContainer#3-1] INFO  c.e.s.m.m.s.RabbitMQConsumerService - Successfully processed message ID: c809b1c6-21d7-477a-bddd-dc851166ba99
2025-04-04 23:14:23.322 [restartedMain] INFO  c.e.s.SatellitePlatformApplication - Starting SatellitePlatformApplication using Java 17.0.12 with PID 12532 (C:\Users\HP\OneDrive\Documents\PFA\SatellitePlatformApplication\Satellite_Platform_Application\target\classes started by HP in C:\Users\HP\OneDrive\Documents\PFA\SatellitePlatformApplication\Satellite_Platform_Application)
2025-04-04 23:14:23.322 [restartedMain] DEBUG c.e.s.SatellitePlatformApplication - Running with Spring Boot v3.3.10, Spring v6.1.18
2025-04-04 23:14:23.322 [restartedMain] INFO  c.e.s.SatellitePlatformApplication - No active profile set, falling back to 1 default profile: "default"
2025-04-04 23:14:24.583 [restartedMain] INFO  c.e.s.config.JwtConfig - JWT Secret: N5xG1aT7q8v2Hq1K3rJ6bC9m5W+Pq2L7Jz9P4w==
2025-04-04 23:14:24.583 [restartedMain] INFO  c.e.s.config.JwtConfig - JWT Expiration: 86400000
2025-04-04 23:14:24.600 [restartedMain] INFO  c.e.s.config.MongoConfig - Creating MongoClient bean with URI from environment...
2025-04-04 23:14:24.601 [restartedMain] DEBUG c.e.s.config.MongoConfig - MongoClient created for URI: mongodb://localhost:27017/satellite_platform
2025-04-04 23:14:24.775 [restartedMain] DEBUG c.e.s.m.u.s.J.JwtAuthenticationFilter - Filter 'jwtAuthenticationFilter' configured for use
2025-04-04 23:14:25.152 [restartedMain] INFO  c.e.s.m.u.a.services.AuditLogService - Audit log path initialized to: C:\logs\audit.log
2025-04-04 23:14:26.075 [restartedMain] INFO  c.e.s.m.m.c.RabbitMQListenerConfig - Setting RabbitMQ listener prefetch count to: 10
2025-04-04 23:14:27.430 [restartedMain] INFO  c.e.s.c.c.ProcessingResponseCacheHandler - ProcessingResponseCacheHandler initialized with ResultsRepository and ResultsMapper.
2025-04-04 23:14:27.433 [restartedMain] INFO  c.e.s.c.c.ProcessingResponseCacheHandler - Scheduled cache cleanup task with cron expression: 0 0 3 * * ?
2025-04-04 23:14:27.507 [restartedMain] INFO  c.e.s.c.e.DatabasePropertySourceAdder - ContextRefreshedEvent received. Adding DatabasePropertySource to environment.
2025-04-04 23:14:27.507 [restartedMain] INFO  c.e.s.c.e.DatabasePropertySource - Initializing DatabasePropertySource: Loading properties from database...
2025-04-04 23:14:27.510 [restartedMain] INFO  c.e.s.c.e.DatabasePropertySource - Loaded 0 properties from database into DatabasePropertySource cache.
2025-04-04 23:14:27.510 [restartedMain] INFO  c.e.s.c.e.DatabasePropertySourceAdder - Successfully added DatabasePropertySource to environment.
2025-04-04 23:14:27.514 [restartedMain] INFO  c.e.s.SatellitePlatformApplication - Started SatellitePlatformApplication in 4.408 seconds (process running for 5202.25)
2025-04-04 23:14:27.534 [restartedMain] DEBUG c.e.s.m.u.config.DataInitializer - Admin user(s) already exist. Skipping initial admin creation.
2025-04-04 23:14:47.423 [restartedMain] INFO  c.e.s.SatellitePlatformApplication - Starting SatellitePlatformApplication using Java 17.0.12 with PID 12532 (C:\Users\HP\OneDrive\Documents\PFA\SatellitePlatformApplication\Satellite_Platform_Application\target\classes started by HP in C:\Users\HP\OneDrive\Documents\PFA\SatellitePlatformApplication\Satellite_Platform_Application)
2025-04-04 23:14:47.423 [restartedMain] DEBUG c.e.s.SatellitePlatformApplication - Running with Spring Boot v3.3.10, Spring v6.1.18
2025-04-04 23:14:47.423 [restartedMain] INFO  c.e.s.SatellitePlatformApplication - No active profile set, falling back to 1 default profile: "default"
2025-04-04 23:14:48.591 [restartedMain] INFO  c.e.s.config.JwtConfig - JWT Secret: N5xG1aT7q8v2Hq1K3rJ6bC9m5W+Pq2L7Jz9P4w==
2025-04-04 23:14:48.591 [restartedMain] INFO  c.e.s.config.JwtConfig - JWT Expiration: 86400000
2025-04-04 23:14:48.610 [restartedMain] INFO  c.e.s.config.MongoConfig - Creating MongoClient bean with URI from environment...
2025-04-04 23:14:48.611 [restartedMain] DEBUG c.e.s.config.MongoConfig - MongoClient created for URI: mongodb://localhost:27017/satellite_platform
2025-04-04 23:14:48.792 [restartedMain] DEBUG c.e.s.m.u.s.J.JwtAuthenticationFilter - Filter 'jwtAuthenticationFilter' configured for use
2025-04-04 23:14:49.018 [restartedMain] INFO  c.e.s.m.u.a.services.AuditLogService - Audit log path initialized to: C:\logs\audit.log
2025-04-04 23:14:49.776 [restartedMain] INFO  c.e.s.m.m.c.RabbitMQListenerConfig - Setting RabbitMQ listener prefetch count to: 10
2025-04-04 23:14:50.796 [restartedMain] INFO  c.e.s.c.c.ProcessingResponseCacheHandler - ProcessingResponseCacheHandler initialized with ResultsRepository and ResultsMapper.
2025-04-04 23:14:50.798 [restartedMain] INFO  c.e.s.c.c.ProcessingResponseCacheHandler - Scheduled cache cleanup task with cron expression: 0 0 3 * * ?
2025-04-04 23:14:50.874 [restartedMain] INFO  c.e.s.c.e.DatabasePropertySourceAdder - ContextRefreshedEvent received. Adding DatabasePropertySource to environment.
2025-04-04 23:14:50.874 [restartedMain] INFO  c.e.s.c.e.DatabasePropertySource - Initializing DatabasePropertySource: Loading properties from database...
2025-04-04 23:14:50.876 [restartedMain] INFO  c.e.s.c.e.DatabasePropertySource - Loaded 0 properties from database into DatabasePropertySource cache.
2025-04-04 23:14:50.877 [restartedMain] INFO  c.e.s.c.e.DatabasePropertySourceAdder - Successfully added DatabasePropertySource to environment.
2025-04-04 23:14:50.878 [restartedMain] INFO  c.e.s.SatellitePlatformApplication - Started SatellitePlatformApplication in 3.64 seconds (process running for 5225.614)
2025-04-04 23:14:50.901 [restartedMain] DEBUG c.e.s.m.u.config.DataInitializer - Admin user(s) already exist. Skipping initial admin creation.
2025-04-04 23:16:09.437 [restartedMain] INFO  c.e.s.SatellitePlatformApplication - Starting SatellitePlatformApplication using Java 17.0.12 with PID 12532 (C:\Users\HP\OneDrive\Documents\PFA\SatellitePlatformApplication\Satellite_Platform_Application\target\classes started by HP in C:\Users\HP\OneDrive\Documents\PFA\SatellitePlatformApplication\Satellite_Platform_Application)
2025-04-04 23:16:09.437 [restartedMain] DEBUG c.e.s.SatellitePlatformApplication - Running with Spring Boot v3.3.10, Spring v6.1.18
2025-04-04 23:16:09.437 [restartedMain] INFO  c.e.s.SatellitePlatformApplication - No active profile set, falling back to 1 default profile: "default"
2025-04-04 23:16:10.793 [restartedMain] INFO  c.e.s.config.JwtConfig - JWT Secret: N5xG1aT7q8v2Hq1K3rJ6bC9m5W+Pq2L7Jz9P4w==
2025-04-04 23:16:10.793 [restartedMain] INFO  c.e.s.config.JwtConfig - JWT Expiration: 86400000
2025-04-04 23:16:10.814 [restartedMain] INFO  c.e.s.config.MongoConfig - Creating MongoClient bean with URI from environment...
2025-04-04 23:16:10.815 [restartedMain] DEBUG c.e.s.config.MongoConfig - MongoClient created for URI: mongodb://localhost:27017/satellite_platform
2025-04-04 23:16:11.056 [restartedMain] DEBUG c.e.s.m.u.s.J.JwtAuthenticationFilter - Filter 'jwtAuthenticationFilter' configured for use
2025-04-04 23:16:11.352 [restartedMain] INFO  c.e.s.m.u.a.services.AuditLogService - Audit log path initialized to: C:\logs\audit.log
2025-04-04 23:16:12.186 [restartedMain] INFO  c.e.s.m.m.c.RabbitMQListenerConfig - Setting RabbitMQ listener prefetch count to: 10
2025-04-04 23:16:13.537 [restartedMain] INFO  c.e.s.c.c.ProcessingResponseCacheHandler - ProcessingResponseCacheHandler initialized with ResultsRepository and ResultsMapper.
2025-04-04 23:16:13.539 [restartedMain] INFO  c.e.s.c.c.ProcessingResponseCacheHandler - Scheduled cache cleanup task with cron expression: 0 0 3 * * ?
2025-04-04 23:16:13.599 [restartedMain] INFO  c.e.s.c.e.DatabasePropertySourceAdder - ContextRefreshedEvent received. Adding DatabasePropertySource to environment.
2025-04-04 23:16:13.600 [restartedMain] INFO  c.e.s.c.e.DatabasePropertySource - Initializing DatabasePropertySource: Loading properties from database...
2025-04-04 23:16:13.603 [restartedMain] INFO  c.e.s.c.e.DatabasePropertySource - Loaded 0 properties from database into DatabasePropertySource cache.
2025-04-04 23:16:13.603 [restartedMain] INFO  c.e.s.c.e.DatabasePropertySourceAdder - Successfully added DatabasePropertySource to environment.
2025-04-04 23:16:13.604 [restartedMain] INFO  c.e.s.SatellitePlatformApplication - Started SatellitePlatformApplication in 4.484 seconds (process running for 5308.34)
2025-04-04 23:16:13.624 [restartedMain] DEBUG c.e.s.m.u.config.DataInitializer - Admin user(s) already exist. Skipping initial admin creation.
2025-04-04 23:16:23.488 [restartedMain] INFO  c.e.s.SatellitePlatformApplication - Starting SatellitePlatformApplication using Java 17.0.12 with PID 12532 (C:\Users\HP\OneDrive\Documents\PFA\SatellitePlatformApplication\Satellite_Platform_Application\target\classes started by HP in C:\Users\HP\OneDrive\Documents\PFA\SatellitePlatformApplication\Satellite_Platform_Application)
2025-04-04 23:16:23.488 [restartedMain] DEBUG c.e.s.SatellitePlatformApplication - Running with Spring Boot v3.3.10, Spring v6.1.18
2025-04-04 23:16:23.488 [restartedMain] INFO  c.e.s.SatellitePlatformApplication - No active profile set, falling back to 1 default profile: "default"
2025-04-04 23:16:24.669 [restartedMain] INFO  c.e.s.config.JwtConfig - JWT Secret: N5xG1aT7q8v2Hq1K3rJ6bC9m5W+Pq2L7Jz9P4w==
2025-04-04 23:16:24.671 [restartedMain] INFO  c.e.s.config.JwtConfig - JWT Expiration: 86400000
2025-04-04 23:16:24.686 [restartedMain] INFO  c.e.s.config.MongoConfig - Creating MongoClient bean with URI from environment...
2025-04-04 23:16:24.686 [restartedMain] DEBUG c.e.s.config.MongoConfig - MongoClient created for URI: mongodb://localhost:27017/satellite_platform
2025-04-04 23:16:24.887 [restartedMain] DEBUG c.e.s.m.u.s.J.JwtAuthenticationFilter - Filter 'jwtAuthenticationFilter' configured for use
2025-04-04 23:16:25.152 [restartedMain] INFO  c.e.s.m.u.a.services.AuditLogService - Audit log path initialized to: C:\logs\audit.log
2025-04-04 23:16:25.970 [restartedMain] INFO  c.e.s.m.m.c.RabbitMQListenerConfig - Setting RabbitMQ listener prefetch count to: 10
2025-04-04 23:16:27.174 [restartedMain] INFO  c.e.s.c.c.ProcessingResponseCacheHandler - ProcessingResponseCacheHandler initialized with ResultsRepository and ResultsMapper.
2025-04-04 23:16:27.175 [restartedMain] INFO  c.e.s.c.c.ProcessingResponseCacheHandler - Scheduled cache cleanup task with cron expression: 0 0 3 * * ?
2025-04-04 23:16:27.239 [restartedMain] INFO  c.e.s.c.e.DatabasePropertySourceAdder - ContextRefreshedEvent received. Adding DatabasePropertySource to environment.
2025-04-04 23:16:27.239 [restartedMain] INFO  c.e.s.c.e.DatabasePropertySource - Initializing DatabasePropertySource: Loading properties from database...
2025-04-04 23:16:27.243 [restartedMain] INFO  c.e.s.c.e.DatabasePropertySource - Loaded 0 properties from database into DatabasePropertySource cache.
2025-04-04 23:16:27.244 [restartedMain] INFO  c.e.s.c.e.DatabasePropertySourceAdder - Successfully added DatabasePropertySource to environment.
2025-04-04 23:16:27.244 [restartedMain] INFO  c.e.s.SatellitePlatformApplication - Started SatellitePlatformApplication in 3.952 seconds (process running for 5321.98)
2025-04-04 23:16:27.264 [restartedMain] DEBUG c.e.s.m.u.config.DataInitializer - Admin user(s) already exist. Skipping initial admin creation.
2025-04-04 23:16:38.075 [restartedMain] INFO  c.e.s.SatellitePlatformApplication - Starting SatellitePlatformApplication using Java 17.0.12 with PID 12532 (C:\Users\HP\OneDrive\Documents\PFA\SatellitePlatformApplication\Satellite_Platform_Application\target\classes started by HP in C:\Users\HP\OneDrive\Documents\PFA\SatellitePlatformApplication\Satellite_Platform_Application)
2025-04-04 23:16:38.075 [restartedMain] DEBUG c.e.s.SatellitePlatformApplication - Running with Spring Boot v3.3.10, Spring v6.1.18
2025-04-04 23:16:38.075 [restartedMain] INFO  c.e.s.SatellitePlatformApplication - No active profile set, falling back to 1 default profile: "default"
2025-04-04 23:16:39.297 [restartedMain] INFO  c.e.s.config.JwtConfig - JWT Secret: N5xG1aT7q8v2Hq1K3rJ6bC9m5W+Pq2L7Jz9P4w==
2025-04-04 23:16:39.297 [restartedMain] INFO  c.e.s.config.JwtConfig - JWT Expiration: 86400000
2025-04-04 23:16:39.336 [restartedMain] INFO  c.e.s.config.MongoConfig - Creating MongoClient bean with URI from environment...
2025-04-04 23:16:39.338 [restartedMain] DEBUG c.e.s.config.MongoConfig - MongoClient created for URI: mongodb://localhost:27017/satellite_platform
2025-04-04 23:16:39.517 [restartedMain] DEBUG c.e.s.m.u.s.J.JwtAuthenticationFilter - Filter 'jwtAuthenticationFilter' configured for use
2025-04-04 23:16:39.776 [restartedMain] INFO  c.e.s.m.u.a.services.AuditLogService - Audit log path initialized to: C:\logs\audit.log
2025-04-04 23:16:40.726 [restartedMain] INFO  c.e.s.m.m.c.RabbitMQListenerConfig - Setting RabbitMQ listener prefetch count to: 10
2025-04-04 23:16:41.921 [restartedMain] INFO  c.e.s.c.c.ProcessingResponseCacheHandler - ProcessingResponseCacheHandler initialized with ResultsRepository and ResultsMapper.
2025-04-04 23:16:41.923 [restartedMain] INFO  c.e.s.c.c.ProcessingResponseCacheHandler - Scheduled cache cleanup task with cron expression: 0 0 3 * * ?
2025-04-04 23:16:41.993 [restartedMain] INFO  c.e.s.c.e.DatabasePropertySourceAdder - ContextRefreshedEvent received. Adding DatabasePropertySource to environment.
2025-04-04 23:16:41.994 [restartedMain] INFO  c.e.s.c.e.DatabasePropertySource - Initializing DatabasePropertySource: Loading properties from database...
2025-04-04 23:16:41.997 [restartedMain] INFO  c.e.s.c.e.DatabasePropertySource - Loaded 0 properties from database into DatabasePropertySource cache.
2025-04-04 23:16:41.997 [restartedMain] INFO  c.e.s.c.e.DatabasePropertySourceAdder - Successfully added DatabasePropertySource to environment.
2025-04-04 23:16:41.999 [restartedMain] INFO  c.e.s.SatellitePlatformApplication - Started SatellitePlatformApplication in 4.144 seconds (process running for 5336.735)
2025-04-04 23:16:42.020 [restartedMain] DEBUG c.e.s.m.u.config.DataInitializer - Admin user(s) already exist. Skipping initial admin creation.
2025-04-04 23:16:44.682 [restartedMain] INFO  c.e.s.SatellitePlatformApplication - Starting SatellitePlatformApplication using Java 17.0.12 with PID 12532 (C:\Users\HP\OneDrive\Documents\PFA\SatellitePlatformApplication\Satellite_Platform_Application\target\classes started by HP in C:\Users\HP\OneDrive\Documents\PFA\SatellitePlatformApplication\Satellite_Platform_Application)
2025-04-04 23:16:44.682 [restartedMain] DEBUG c.e.s.SatellitePlatformApplication - Running with Spring Boot v3.3.10, Spring v6.1.18
2025-04-04 23:16:44.683 [restartedMain] INFO  c.e.s.SatellitePlatformApplication - No active profile set, falling back to 1 default profile: "default"
2025-04-04 23:16:45.840 [restartedMain] INFO  c.e.s.config.JwtConfig - JWT Secret: N5xG1aT7q8v2Hq1K3rJ6bC9m5W+Pq2L7Jz9P4w==
2025-04-04 23:16:45.840 [restartedMain] INFO  c.e.s.config.JwtConfig - JWT Expiration: 86400000
2025-04-04 23:16:45.855 [restartedMain] INFO  c.e.s.config.MongoConfig - Creating MongoClient bean with URI from environment...
2025-04-04 23:16:45.855 [restartedMain] DEBUG c.e.s.config.MongoConfig - MongoClient created for URI: mongodb://localhost:27017/satellite_platform
2025-04-04 23:16:46.004 [restartedMain] DEBUG c.e.s.m.u.s.J.JwtAuthenticationFilter - Filter 'jwtAuthenticationFilter' configured for use
2025-04-04 23:16:46.218 [restartedMain] INFO  c.e.s.m.u.a.services.AuditLogService - Audit log path initialized to: C:\logs\audit.log
2025-04-04 23:16:46.914 [restartedMain] INFO  c.e.s.m.m.c.RabbitMQListenerConfig - Setting RabbitMQ listener prefetch count to: 10
2025-04-04 23:16:47.957 [restartedMain] INFO  c.e.s.c.c.ProcessingResponseCacheHandler - ProcessingResponseCacheHandler initialized with ResultsRepository and ResultsMapper.
2025-04-04 23:16:47.959 [restartedMain] INFO  c.e.s.c.c.ProcessingResponseCacheHandler - Scheduled cache cleanup task with cron expression: 0 0 3 * * ?
2025-04-04 23:16:48.011 [restartedMain] INFO  c.e.s.c.e.DatabasePropertySourceAdder - ContextRefreshedEvent received. Adding DatabasePropertySource to environment.
2025-04-04 23:16:48.012 [restartedMain] INFO  c.e.s.c.e.DatabasePropertySource - Initializing DatabasePropertySource: Loading properties from database...
2025-04-04 23:16:48.015 [restartedMain] INFO  c.e.s.c.e.DatabasePropertySource - Loaded 0 properties from database into DatabasePropertySource cache.
2025-04-04 23:16:48.016 [restartedMain] INFO  c.e.s.c.e.DatabasePropertySourceAdder - Successfully added DatabasePropertySource to environment.
2025-04-04 23:16:48.018 [restartedMain] INFO  c.e.s.SatellitePlatformApplication - Started SatellitePlatformApplication in 3.556 seconds (process running for 5342.753)
2025-04-04 23:16:48.037 [restartedMain] DEBUG c.e.s.m.u.config.DataInitializer - Admin user(s) already exist. Skipping initial admin creation.
2025-04-04 23:17:19.148 [restartedMain] INFO  c.e.s.SatellitePlatformApplication - Starting SatellitePlatformApplication using Java 17.0.12 with PID 12532 (C:\Users\HP\OneDrive\Documents\PFA\SatellitePlatformApplication\Satellite_Platform_Application\target\classes started by HP in C:\Users\HP\OneDrive\Documents\PFA\SatellitePlatformApplication\Satellite_Platform_Application)
2025-04-04 23:17:19.148 [restartedMain] DEBUG c.e.s.SatellitePlatformApplication - Running with Spring Boot v3.3.10, Spring v6.1.18
2025-04-04 23:17:19.148 [restartedMain] INFO  c.e.s.SatellitePlatformApplication - No active profile set, falling back to 1 default profile: "default"
2025-04-04 23:17:20.564 [restartedMain] INFO  c.e.s.config.JwtConfig - JWT Secret: N5xG1aT7q8v2Hq1K3rJ6bC9m5W+Pq2L7Jz9P4w==
2025-04-04 23:17:20.565 [restartedMain] INFO  c.e.s.config.JwtConfig - JWT Expiration: 86400000
2025-04-04 23:17:20.581 [restartedMain] INFO  c.e.s.config.MongoConfig - Creating MongoClient bean with URI from environment...
2025-04-04 23:17:20.582 [restartedMain] DEBUG c.e.s.config.MongoConfig - MongoClient created for URI: mongodb://localhost:27017/satellite_platform
2025-04-04 23:17:20.757 [restartedMain] DEBUG c.e.s.m.u.s.J.JwtAuthenticationFilter - Filter 'jwtAuthenticationFilter' configured for use
2025-04-04 23:17:21.084 [restartedMain] INFO  c.e.s.m.u.a.services.AuditLogService - Audit log path initialized to: C:\logs\audit.log
2025-04-04 23:17:21.803 [restartedMain] INFO  c.e.s.m.m.c.RabbitMQListenerConfig - Setting RabbitMQ listener prefetch count to: 10
2025-04-04 23:17:23.039 [restartedMain] INFO  c.e.s.c.c.ProcessingResponseCacheHandler - ProcessingResponseCacheHandler initialized with ResultsRepository and ResultsMapper.
2025-04-04 23:17:23.040 [restartedMain] INFO  c.e.s.c.c.ProcessingResponseCacheHandler - Scheduled cache cleanup task with cron expression: 0 0 3 * * ?
2025-04-04 23:17:23.116 [restartedMain] INFO  c.e.s.c.e.DatabasePropertySourceAdder - ContextRefreshedEvent received. Adding DatabasePropertySource to environment.
2025-04-04 23:17:23.117 [restartedMain] INFO  c.e.s.c.e.DatabasePropertySource - Initializing DatabasePropertySource: Loading properties from database...
2025-04-04 23:17:23.119 [restartedMain] INFO  c.e.s.c.e.DatabasePropertySource - Loaded 0 properties from database into DatabasePropertySource cache.
2025-04-04 23:17:23.119 [restartedMain] INFO  c.e.s.c.e.DatabasePropertySourceAdder - Successfully added DatabasePropertySource to environment.
2025-04-04 23:17:23.122 [restartedMain] INFO  c.e.s.SatellitePlatformApplication - Started SatellitePlatformApplication in 4.23 seconds (process running for 5377.857)
2025-04-04 23:17:23.138 [restartedMain] DEBUG c.e.s.m.u.config.DataInitializer - Admin user(s) already exist. Skipping initial admin creation.
2025-04-04 23:17:26.885 [restartedMain] INFO  c.e.s.SatellitePlatformApplication - Starting SatellitePlatformApplication using Java 17.0.12 with PID 12532 (C:\Users\HP\OneDrive\Documents\PFA\SatellitePlatformApplication\Satellite_Platform_Application\target\classes started by HP in C:\Users\HP\OneDrive\Documents\PFA\SatellitePlatformApplication\Satellite_Platform_Application)
2025-04-04 23:17:26.885 [restartedMain] DEBUG c.e.s.SatellitePlatformApplication - Running with Spring Boot v3.3.10, Spring v6.1.18
2025-04-04 23:17:26.885 [restartedMain] INFO  c.e.s.SatellitePlatformApplication - No active profile set, falling back to 1 default profile: "default"
2025-04-04 23:17:28.144 [restartedMain] INFO  c.e.s.config.JwtConfig - JWT Secret: N5xG1aT7q8v2Hq1K3rJ6bC9m5W+Pq2L7Jz9P4w==
2025-04-04 23:17:28.144 [restartedMain] INFO  c.e.s.config.JwtConfig - JWT Expiration: 86400000
2025-04-04 23:17:28.160 [restartedMain] INFO  c.e.s.config.MongoConfig - Creating MongoClient bean with URI from environment...
2025-04-04 23:17:28.161 [restartedMain] DEBUG c.e.s.config.MongoConfig - MongoClient created for URI: mongodb://localhost:27017/satellite_platform
2025-04-04 23:17:28.325 [restartedMain] DEBUG c.e.s.m.u.s.J.JwtAuthenticationFilter - Filter 'jwtAuthenticationFilter' configured for use
2025-04-04 23:17:28.651 [restartedMain] INFO  c.e.s.m.u.a.services.AuditLogService - Audit log path initialized to: C:\logs\audit.log
2025-04-04 23:17:29.499 [restartedMain] INFO  c.e.s.m.m.c.RabbitMQListenerConfig - Setting RabbitMQ listener prefetch count to: 10
2025-04-04 23:17:30.546 [restartedMain] INFO  c.e.s.c.c.ProcessingResponseCacheHandler - ProcessingResponseCacheHandler initialized with ResultsRepository and ResultsMapper.
2025-04-04 23:17:30.549 [restartedMain] INFO  c.e.s.c.c.ProcessingResponseCacheHandler - Scheduled cache cleanup task with cron expression: 0 0 3 * * ?
2025-04-04 23:17:30.616 [restartedMain] INFO  c.e.s.c.e.DatabasePropertySourceAdder - ContextRefreshedEvent received. Adding DatabasePropertySource to environment.
2025-04-04 23:17:30.616 [restartedMain] INFO  c.e.s.c.e.DatabasePropertySource - Initializing DatabasePropertySource: Loading properties from database...
2025-04-04 23:17:30.620 [restartedMain] INFO  c.e.s.c.e.DatabasePropertySource - Loaded 0 properties from database into DatabasePropertySource cache.
2025-04-04 23:17:30.620 [restartedMain] INFO  c.e.s.c.e.DatabasePropertySourceAdder - Successfully added DatabasePropertySource to environment.
2025-04-04 23:17:30.621 [restartedMain] INFO  c.e.s.SatellitePlatformApplication - Started SatellitePlatformApplication in 3.921 seconds (process running for 5385.356)
2025-04-04 23:17:30.636 [restartedMain] DEBUG c.e.s.m.u.config.DataInitializer - Admin user(s) already exist. Skipping initial admin creation.
2025-04-04 23:18:21.315 [http-nio-8080-exec-1] INFO  c.e.s.c.RequestResponseLoggingFilter - >>> Request [c2138f06]: POST /api/v1/messaging/messages from 127.0.0.1 - Body: [empty]
2025-04-04 23:18:21.330 [http-nio-8080-exec-1] INFO  c.e.s.m.m.c.MessagingController - Received request to send message from user ID 67f047b75ef6b30b9b40eec5 (email: yobtot2@gmail.com) to 67f051ff5ef6b30b9b40eeda of type USER_TO_USER
2025-04-04 23:18:21.332 [http-nio-8080-exec-1] INFO  c.e.s.m.m.s.RabbitMQProducerService - Sending USER_TO_USER message a83cfd3f-0106-424b-894b-0ab4a0ea0dc2 to exchange messaging.direct.exchange with routing key messaging.user.direct.queue
2025-04-04 23:18:21.339 [http-nio-8080-exec-1] INFO  c.e.s.m.m.s.RabbitMQProducerService - Message a83cfd3f-0106-424b-894b-0ab4a0ea0dc2 sent successfully.
2025-04-04 23:18:21.340 [http-nio-8080-exec-1] INFO  c.e.s.m.m.service.MessagingService - Message ID: a83cfd3f-0106-424b-894b-0ab4a0ea0dc2 produced to RabbitMQ.
2025-04-04 23:18:21.352 [org.springframework.amqp.rabbit.RabbitListenerEndpointContainer#3-1] INFO  c.e.s.m.m.s.RabbitMQConsumerService - Received USER_DIRECT message: a83cfd3f-0106-424b-894b-0ab4a0ea0dc2
2025-04-04 23:18:21.352 [http-nio-8080-exec-1] INFO  c.e.s.c.RequestResponseLoggingFilter - <<< Response [c2138f06]: Status 202 in 37ms - Body: {"id":"a83cfd3f-0106-424b-894b-0ab4a0ea0dc2","senderId":"67f047b75ef6b30b9b40eec5","receiverId":"67f051ff5ef6b30b9b40eeda","content":"Hello User B, this is a test message!","timestamp":"2025-04-04T23:18:21.332753","messageType":"USER_TO_USER","attachments":[],"reactions":[]}
2025-04-04 23:18:21.355 [org.springframework.amqp.rabbit.RabbitListenerEndpointContainer#3-1] INFO  c.e.s.m.m.s.RabbitMQConsumerService - Processing message ID: a83cfd3f-0106-424b-894b-0ab4a0ea0dc2
2025-04-04 23:18:21.356 [org.springframework.amqp.rabbit.RabbitListenerEndpointContainer#3-1] INFO  c.e.s.m.m.service.MessagingService - Attempting to save received message ID: a83cfd3f-0106-424b-894b-0ab4a0ea0dc2
2025-04-04 23:18:21.360 [org.springframework.amqp.rabbit.RabbitListenerEndpointContainer#3-1] INFO  c.e.s.m.m.service.MessagingService - Creating new conversation for participants: [67f047b75ef6b30b9b40eec5, 67f051ff5ef6b30b9b40eeda]
2025-04-04 23:18:21.373 [org.springframework.amqp.rabbit.RabbitListenerEndpointContainer#3-1] INFO  c.e.s.m.m.service.MessagingService - Message ID: a83cfd3f-0106-424b-894b-0ab4a0ea0dc2 successfully saved to conversation ID: 67f05aad5ef6b30b9b40ef25
2025-04-04 23:18:21.373 [org.springframework.amqp.rabbit.RabbitListenerEndpointContainer#3-1] INFO  c.e.s.m.m.s.RabbitMQConsumerService - Successfully processed message ID: a83cfd3f-0106-424b-894b-0ab4a0ea0dc2
