2025-04-02 03:13:27.953 [restartedMain] INFO  c.e.s.SatellitePlatformApplication - Starting SatellitePlatformApplication using Java 17.0.12 with PID 36420 (C:\Users\HP\Desktop\login-sigin spring boot backend\Satellite_Platform_Application\target\classes started by HP in C:\Users\HP\Desktop\login-sigin spring boot backend\Satellite_Platform_Application)
2025-04-02 03:13:27.958 [restartedMain] DEBUG c.e.s.SatellitePlatformApplication - Running with Spring Boot v3.3.10, Spring v6.1.18
2025-04-02 03:13:27.960 [restartedMain] INFO  c.e.s.SatellitePlatformApplication - No active profile set, falling back to 1 default profile: "default"
2025-04-02 03:13:31.986 [restartedMain] INFO  c.e.s.config.JwtConfig - JWT Secret: N5xG1aT7q8v2Hq1K3rJ6bC9m5W+Pq2L7Jz9P4w==
2025-04-02 03:13:31.992 [restartedMain] INFO  c.e.s.config.JwtConfig - JWT Expiration: 86400000
2025-04-02 03:13:33.041 [restartedMain] DEBUG c.e.s.m.u.s.J.JwtAuthenticationFilter - Filter 'jwtAuthenticationFilter' configured for use
2025-04-02 03:13:33.460 [restartedMain] INFO  c.e.s.m.u.a.services.AuditLogService - Audit log path initialized to: C:\logs\audit.log
2025-04-02 03:13:38.375 [restartedMain] INFO  c.e.s.c.c.ProcessingResponseCacheHandler - ProcessingResponseCacheHandler initialized with ResultsRepository and ResultsMapper.
2025-04-02 03:13:38.381 [restartedMain] INFO  c.e.s.c.c.ProcessingResponseCacheHandler - Scheduled cache cleanup task with cron expression: 0 0 3 * * ?
2025-04-02 03:13:38.467 [restartedMain] INFO  c.e.s.c.e.DatabasePropertySourceAdder - ContextRefreshedEvent received. Adding DatabasePropertySource to environment.
2025-04-02 03:13:38.468 [restartedMain] INFO  c.e.s.c.e.DatabasePropertySource - Initializing DatabasePropertySource: Loading properties from database...
2025-04-02 03:13:38.525 [restartedMain] INFO  c.e.s.c.e.DatabasePropertySource - Loaded 0 properties from database into DatabasePropertySource cache.
2025-04-02 03:13:38.525 [restartedMain] INFO  c.e.s.c.e.DatabasePropertySourceAdder - Successfully added DatabasePropertySource to environment.
2025-04-02 03:13:38.529 [restartedMain] INFO  c.e.s.SatellitePlatformApplication - Started SatellitePlatformApplication in 11.292 seconds (process running for 12.025)
2025-04-02 03:13:38.601 [restartedMain] DEBUG c.e.s.m.u.config.DataInitializer - Admin user(s) already exist. Skipping initial admin creation.
2025-04-02 03:14:17.188 [http-nio-8080-exec-1] INFO  c.e.s.c.RequestResponseLoggingFilter - >>> Request [bebba498]: PUT /api/admin/config/manageable from 127.0.0.1 - Body: [empty]
2025-04-02 03:14:17.386 [http-nio-8080-exec-1] INFO  c.e.s.m.u.a.s.ConfigManagementService - Updated configuration property 'rate_limit.time_window_millis' to value: '60005'
2025-04-02 03:14:17.386 [http-nio-8080-exec-1] DEBUG c.e.s.c.e.DatabasePropertySource - Updated property 'rate_limit.time_window_millis' with value '60005' in cache
2025-04-02 03:14:17.521 [http-nio-8080-exec-1] DEBUG c.e.s.m.u.a.s.ConfigManagementService - Refresh event not published; Spring Cloud Context not enabled.
2025-04-02 03:14:17.547 [http-nio-8080-exec-1] INFO  c.e.s.c.RequestResponseLoggingFilter - <<< Response [bebba498]: Status 200 in 360ms - Body: {"timestamp":"2025-04-02T03:14:17.5224862","status":"SUCCESS","message":"Property 'rate_limit.time_window_millis' updated successfully.","data":null}
2025-04-02 03:14:35.673 [http-nio-8080-exec-5] INFO  c.e.s.c.RequestResponseLoggingFilter - >>> Request [92846b8b]: PUT /api/admin/config/manageable from 127.0.0.1 - Body: [empty]
2025-04-02 03:14:35.687 [http-nio-8080-exec-5] INFO  c.e.s.m.u.a.s.ConfigManagementService - Updated configuration property 'rate_limit.time_window_millis' to value: '60005'
2025-04-02 03:14:35.687 [http-nio-8080-exec-5] DEBUG c.e.s.c.e.DatabasePropertySource - Updated property 'rate_limit.time_window_millis' with value '60005' in cache
2025-04-02 03:14:35.822 [http-nio-8080-exec-5] DEBUG c.e.s.m.u.a.s.ConfigManagementService - Refresh event not published; Spring Cloud Context not enabled.
2025-04-02 03:14:35.824 [http-nio-8080-exec-5] INFO  c.e.s.c.RequestResponseLoggingFilter - <<< Response [92846b8b]: Status 200 in 151ms - Body: {"timestamp":"2025-04-02T03:14:35.8224338","status":"SUCCESS","message":"Property 'rate_limit.time_window_millis' updated successfully.","data":null}
2025-04-02 03:53:03.482 [restartedMain] INFO  c.e.s.SatellitePlatformApplication - Starting SatellitePlatformApplication using Java 17.0.12 with PID 36420 (C:\Users\HP\Desktop\login-sigin spring boot backend\Satellite_Platform_Application\target\classes started by HP in C:\Users\HP\Desktop\login-sigin spring boot backend\Satellite_Platform_Application)
2025-04-02 03:53:03.482 [restartedMain] DEBUG c.e.s.SatellitePlatformApplication - Running with Spring Boot v3.3.10, Spring v6.1.18
2025-04-02 03:53:03.483 [restartedMain] INFO  c.e.s.SatellitePlatformApplication - No active profile set, falling back to 1 default profile: "default"
2025-04-02 03:53:05.165 [restartedMain] INFO  c.e.s.config.JwtConfig - JWT Secret: N5xG1aT7q8v2Hq1K3rJ6bC9m5W+Pq2L7Jz9P4w==
2025-04-02 03:53:05.166 [restartedMain] INFO  c.e.s.config.JwtConfig - JWT Expiration: 86400000
2025-04-02 03:53:05.540 [restartedMain] DEBUG c.e.s.m.u.s.J.JwtAuthenticationFilter - Filter 'jwtAuthenticationFilter' configured for use
2025-04-02 03:53:05.856 [restartedMain] INFO  c.e.s.m.u.a.services.AuditLogService - Audit log path initialized to: C:\logs\audit.log
2025-04-02 03:53:08.985 [restartedMain] INFO  c.e.s.c.c.ProcessingResponseCacheHandler - ProcessingResponseCacheHandler initialized with ResultsRepository and ResultsMapper.
2025-04-02 03:53:08.990 [restartedMain] INFO  c.e.s.c.c.ProcessingResponseCacheHandler - Scheduled cache cleanup task with cron expression: 0 0 3 * * ?
2025-04-02 03:53:09.059 [restartedMain] INFO  c.e.s.c.e.DatabasePropertySourceAdder - ContextRefreshedEvent received. Adding DatabasePropertySource to environment.
2025-04-02 03:53:09.060 [restartedMain] INFO  c.e.s.c.e.DatabasePropertySource - Initializing DatabasePropertySource: Loading properties from database...
2025-04-02 03:53:09.076 [restartedMain] INFO  c.e.s.c.e.DatabasePropertySource - Loaded 1 properties from database into DatabasePropertySource cache.
2025-04-02 03:53:09.077 [restartedMain] INFO  c.e.s.c.e.DatabasePropertySourceAdder - Successfully added DatabasePropertySource to environment.
2025-04-02 03:53:09.079 [restartedMain] INFO  c.e.s.SatellitePlatformApplication - Started SatellitePlatformApplication in 5.824 seconds (process running for 2382.575)
2025-04-02 03:53:09.100 [restartedMain] DEBUG c.e.s.m.u.config.DataInitializer - Admin user(s) already exist. Skipping initial admin creation.
2025-04-02 03:54:37.571 [http-nio-8080-exec-1] INFO  c.e.s.c.RequestResponseLoggingFilter - >>> Request [bfbf700b]: GET /api/admin/config/manageable from 127.0.0.1 - Body: [empty]
2025-04-02 03:54:37.605 [http-nio-8080-exec-1] INFO  c.e.s.c.RequestResponseLoggingFilter - <<< Response [bfbf700b]: Status 200 in 35ms - Body: [{"key":"analysis.valid_types","currentValue":"ndvi,evi,water-bodies,change-detection,land-cover,slope,aspect","defaultValue":"ndvi,evi,water-bodies,change-detection,land-cover,slope,aspect","description":"List of valid analysis types (comma-separated)","lastUpdated":null},{"key":"cache.cleanup.cron","currentValue":"0 0 3 * * ?","defaultValue":"0 0 3 * * ?","description":"Cron expression for scheduling cache cleanup","lastUpdated":null},{"key":"cache.cleanup.inactivity_threshold_days","currentValue":"2","defaultValue":"2","description":"Number of days of inactivity before a cache entry is considered for removal","lastUpdated":null},{"key":"cache.cleanup.max_infrequent_access_count","currentValue":"3","defaultValue":"3","description":"Maximum number of times a cache entry can be infrequently accessed before being removed","lastUpdated":null},{"key":"cache.redis.prefix","currentValue":"cache:data:","defaultValue":"cache:data:","description":"Prefix for Redis cache keys","lastUpdated":null},{"key":"cache.redis.ttl_seconds","currentValue":"604800","defaultValue":"604800","description":"Default Time-To-Live for Redis cache entries in seconds","lastUpdated":null},{"key":"image.storage.path","currentValue":"C:\\Tmp","defaultValue":"C:\\Tmp","description":"Path for storing images","lastUpdated":null},{"key":"jwt.expiration","currentValue":"86400000","defaultValue":"86400000","description":"JWT token expiration time in milliseconds","lastUpdated":null},{"key":"jwt.secret","currentValue":"N5xG1aT7q8v2Hq1K3rJ6bC9m5W+Pq2L7Jz9P4w==","defaultValue":"N5xG1aT7q8v2Hq1K3rJ6bC9m5W+Pq2L7Jz9P4w==","description":"Secret key for JWT token generation","lastUpdated":null},{"key":"logging.level.org.springframework","currentValue":"DEBUG","defaultValue":"DEBUG","description":"Spring framework logging level","lastUpdated":null},{"key":"logging.level.org.springframework.data.mongodb","currentValue":"DEBUG","defaultValue":"DEBUG","description":"MongoDB logging level","lastUpdated":null},{"key":"project.base.path","currentValue":"C:/Users/HP/Desktop/login-sigin spring boot backend/Satellite_Platform_Application/src/main/java/com/enit/satellite_platform","defaultValue":"C:/Users/HP/Desktop/login-sigin spring boot backend/Satellite_Platform_Application/src/main/java/com/enit/satellite_platform","description":"Base path for the project","lastUpdated":null},{"key":"python.backend.url","currentValue":"http://localhost:5000","defaultValue":"http://localhost:5000","description":"URL for the Python backend service","lastUpdated":null},{"key":"rate-limit.cleanup-interval","currentValue":"300000","defaultValue":"300000","description":"Interval for rate limit cleanup","lastUpdated":null},{"key":"rate_limit.max_requests","currentValue":"10","defaultValue":"10","description":"Maximum requests allowed within the time window","lastUpdated":null},{"key":"rate_limit.time_window_millis","currentValue":"60005","defaultValue":"60000","description":"Time window for rate limiting in milliseconds","lastUpdated":"2025-04-02T03:14:35.683"},{"key":"spring.data.mongodb.auto-index-creation","currentValue":"true","defaultValue":"true","description":"Enable/disable automatic index creation","lastUpdated":null},{"key":"spring.data.mongodb.uri","currentValue":"mongodb://localhost:27017/satellite_platform","defaultValue":"mongodb://localhost:27017/satellite_platform","description":"MongoDB connection URI","lastUpdated":null},{"key":"spring.data.redis.url","currentValue":"redis://:ayoub2002@172.26.63.116:6379","defaultValue":"redis://:ayoub2002@172.26.63.116:6379","description":"Redis connection URL","lastUpdated":null},{"key":"springdoc.swagger-ui.path","currentValue":"/swagger-ui.html","defaultValue":"/swagger-ui.html","description":"Path for Swagger UI","lastUpdated":null},{"key":"thread.pool.size","currentValue":"4","defaultValue":"4","description":"Size of the thread pool for processing tasks","lastUpdated":null}]
2025-04-02 03:56:30.861 [restartedMain] INFO  c.e.s.SatellitePlatformApplication - Starting SatellitePlatformApplication using Java 17.0.12 with PID 35668 (C:\Users\HP\Desktop\login-sigin spring boot backend\Satellite_Platform_Application\target\classes started by HP in C:\Users\HP\Desktop\login-sigin spring boot backend\Satellite_Platform_Application)
2025-04-02 03:56:30.863 [restartedMain] DEBUG c.e.s.SatellitePlatformApplication - Running with Spring Boot v3.3.10, Spring v6.1.18
2025-04-02 03:56:30.864 [restartedMain] INFO  c.e.s.SatellitePlatformApplication - No active profile set, falling back to 1 default profile: "default"
2025-04-02 03:56:34.813 [restartedMain] INFO  c.e.s.config.JwtConfig - JWT Secret: N5xG1aT7q8v2Hq1K3rJ6bC9m5W+Pq2L7Jz9P4w==
2025-04-02 03:56:34.815 [restartedMain] INFO  c.e.s.config.JwtConfig - JWT Expiration: 86400000
2025-04-02 03:56:35.843 [restartedMain] DEBUG c.e.s.m.u.s.J.JwtAuthenticationFilter - Filter 'jwtAuthenticationFilter' configured for use
2025-04-02 03:56:36.269 [restartedMain] INFO  c.e.s.m.u.a.services.AuditLogService - Audit log path initialized to: C:\logs\audit.log
2025-04-02 03:56:40.834 [restartedMain] INFO  c.e.s.c.c.ProcessingResponseCacheHandler - ProcessingResponseCacheHandler initialized with ResultsRepository and ResultsMapper.
2025-04-02 03:56:40.843 [restartedMain] INFO  c.e.s.c.c.ProcessingResponseCacheHandler - Scheduled cache cleanup task with cron expression: 0 0 3 * * ?
2025-04-02 03:56:40.954 [restartedMain] INFO  c.e.s.c.e.DatabasePropertySourceAdder - ContextRefreshedEvent received. Adding DatabasePropertySource to environment.
2025-04-02 03:56:40.955 [restartedMain] INFO  c.e.s.c.e.DatabasePropertySource - Initializing DatabasePropertySource: Loading properties from database...
2025-04-02 03:56:41.081 [restartedMain] INFO  c.e.s.c.e.DatabasePropertySource - Loaded 1 properties from database into DatabasePropertySource cache.
2025-04-02 03:56:41.081 [restartedMain] INFO  c.e.s.c.e.DatabasePropertySourceAdder - Successfully added DatabasePropertySource to environment.
2025-04-02 03:56:41.085 [restartedMain] INFO  c.e.s.SatellitePlatformApplication - Started SatellitePlatformApplication in 10.945 seconds (process running for 11.884)
2025-04-02 03:56:41.147 [restartedMain] DEBUG c.e.s.m.u.config.DataInitializer - Admin user(s) already exist. Skipping initial admin creation.
2025-04-02 03:59:27.959 [restartedMain] INFO  c.e.s.SatellitePlatformApplication - Starting SatellitePlatformApplication using Java 17.0.12 with PID 2228 (C:\Users\HP\Desktop\login-sigin spring boot backend\Satellite_Platform_Application\target\classes started by HP in C:\Users\HP\Desktop\login-sigin spring boot backend\Satellite_Platform_Application)
2025-04-02 03:59:27.961 [restartedMain] DEBUG c.e.s.SatellitePlatformApplication - Running with Spring Boot v3.3.10, Spring v6.1.18
2025-04-02 03:59:27.962 [restartedMain] INFO  c.e.s.SatellitePlatformApplication - No active profile set, falling back to 1 default profile: "default"
2025-04-02 03:59:31.731 [restartedMain] INFO  c.e.s.config.JwtConfig - JWT Secret: N5xG1aT7q8v2Hq1K3rJ6bC9m5W+Pq2L7Jz9P4w==
2025-04-02 03:59:31.732 [restartedMain] INFO  c.e.s.config.JwtConfig - JWT Expiration: 86400000
2025-04-02 03:59:32.780 [restartedMain] DEBUG c.e.s.m.u.s.J.JwtAuthenticationFilter - Filter 'jwtAuthenticationFilter' configured for use
2025-04-02 03:59:33.203 [restartedMain] INFO  c.e.s.m.u.a.services.AuditLogService - Audit log path initialized to: C:\logs\audit.log
2025-04-02 03:59:37.394 [restartedMain] INFO  c.e.s.c.c.ProcessingResponseCacheHandler - ProcessingResponseCacheHandler initialized with ResultsRepository and ResultsMapper.
2025-04-02 03:59:37.402 [restartedMain] INFO  c.e.s.c.c.ProcessingResponseCacheHandler - Scheduled cache cleanup task with cron expression: 0 0 3 * * ?
2025-04-02 03:59:37.484 [restartedMain] INFO  c.e.s.c.e.DatabasePropertySourceAdder - ContextRefreshedEvent received. Adding DatabasePropertySource to environment.
2025-04-02 03:59:37.485 [restartedMain] INFO  c.e.s.c.e.DatabasePropertySource - Initializing DatabasePropertySource: Loading properties from database...
2025-04-02 03:59:37.557 [restartedMain] INFO  c.e.s.c.e.DatabasePropertySource - Loaded 1 properties from database into DatabasePropertySource cache.
2025-04-02 03:59:37.558 [restartedMain] INFO  c.e.s.c.e.DatabasePropertySourceAdder - Successfully added DatabasePropertySource to environment.
2025-04-02 03:59:37.560 [restartedMain] INFO  c.e.s.SatellitePlatformApplication - Started SatellitePlatformApplication in 10.355 seconds (process running for 11.232)
2025-04-02 03:59:37.608 [restartedMain] DEBUG c.e.s.m.u.config.DataInitializer - Admin user(s) already exist. Skipping initial admin creation.
2025-04-02 04:00:30.694 [restartedMain] INFO  c.e.s.SatellitePlatformApplication - Starting SatellitePlatformApplication using Java 17.0.12 with PID 2228 (C:\Users\HP\Desktop\login-sigin spring boot backend\Satellite_Platform_Application\target\classes started by HP in C:\Users\HP\Desktop\login-sigin spring boot backend\Satellite_Platform_Application)
2025-04-02 04:00:30.695 [restartedMain] DEBUG c.e.s.SatellitePlatformApplication - Running with Spring Boot v3.3.10, Spring v6.1.18
2025-04-02 04:00:30.696 [restartedMain] INFO  c.e.s.SatellitePlatformApplication - No active profile set, falling back to 1 default profile: "default"
2025-04-02 04:00:37.134 [restartedMain] INFO  c.e.s.SatellitePlatformApplication - Started SatellitePlatformApplication in 6.761 seconds (process running for 70.805)
2025-04-02 04:00:45.541 [restartedMain] INFO  c.e.s.SatellitePlatformApplication - Starting SatellitePlatformApplication using Java 17.0.12 with PID 2228 (C:\Users\HP\Desktop\login-sigin spring boot backend\Satellite_Platform_Application\target\classes started by HP in C:\Users\HP\Desktop\login-sigin spring boot backend\Satellite_Platform_Application)
2025-04-02 04:00:45.542 [restartedMain] DEBUG c.e.s.SatellitePlatformApplication - Running with Spring Boot v3.3.10, Spring v6.1.18
2025-04-02 04:00:45.542 [restartedMain] INFO  c.e.s.SatellitePlatformApplication - No active profile set, falling back to 1 default profile: "default"
2025-04-02 04:00:47.558 [restartedMain] INFO  c.e.s.config.JwtConfig - JWT Secret: N5xG1aT7q8v2Hq1K3rJ6bC9m5W+Pq2L7Jz9P4w==
2025-04-02 04:00:47.559 [restartedMain] INFO  c.e.s.config.JwtConfig - JWT Expiration: 86400000
2025-04-02 04:00:48.055 [restartedMain] DEBUG c.e.s.m.u.s.J.JwtAuthenticationFilter - Filter 'jwtAuthenticationFilter' configured for use
2025-04-02 04:00:48.423 [restartedMain] INFO  c.e.s.m.u.a.services.AuditLogService - Audit log path initialized to: C:\logs\audit.log
2025-04-02 04:00:51.431 [restartedMain] INFO  c.e.s.c.c.ProcessingResponseCacheHandler - ProcessingResponseCacheHandler initialized with ResultsRepository and ResultsMapper.
2025-04-02 04:00:51.435 [restartedMain] INFO  c.e.s.c.c.ProcessingResponseCacheHandler - Scheduled cache cleanup task with cron expression: 0 0 3 * * ?
2025-04-02 04:00:51.532 [restartedMain] INFO  c.e.s.c.e.DatabasePropertySourceAdder - ContextRefreshedEvent received. Adding DatabasePropertySource to environment.
2025-04-02 04:00:51.532 [restartedMain] INFO  c.e.s.c.e.DatabasePropertySource - Initializing DatabasePropertySource: Loading properties from database...
2025-04-02 04:00:51.550 [restartedMain] INFO  c.e.s.c.e.DatabasePropertySource - Loaded 1 properties from database into DatabasePropertySource cache.
2025-04-02 04:00:51.550 [restartedMain] INFO  c.e.s.c.e.DatabasePropertySourceAdder - Successfully added DatabasePropertySource to environment.
2025-04-02 04:00:51.553 [restartedMain] INFO  c.e.s.SatellitePlatformApplication - Started SatellitePlatformApplication in 6.305 seconds (process running for 85.224)
2025-04-02 04:00:51.589 [restartedMain] DEBUG c.e.s.m.u.config.DataInitializer - Admin user(s) already exist. Skipping initial admin creation.
2025-04-02 04:01:46.272 [restartedMain] INFO  c.e.s.SatellitePlatformApplication - Starting SatellitePlatformApplication using Java 17.0.12 with PID 2228 (C:\Users\HP\Desktop\login-sigin spring boot backend\Satellite_Platform_Application\target\classes started by HP in C:\Users\HP\Desktop\login-sigin spring boot backend\Satellite_Platform_Application)
2025-04-02 04:01:46.274 [restartedMain] DEBUG c.e.s.SatellitePlatformApplication - Running with Spring Boot v3.3.10, Spring v6.1.18
2025-04-02 04:01:46.274 [restartedMain] INFO  c.e.s.SatellitePlatformApplication - No active profile set, falling back to 1 default profile: "default"
2025-04-02 04:01:47.483 [restartedMain] INFO  c.e.s.config.JwtConfig - JWT Secret: N5xG1aT7q8v2Hq1K3rJ6bC9m5W+Pq2L7Jz9P4w==
2025-04-02 04:01:47.484 [restartedMain] INFO  c.e.s.config.JwtConfig - JWT Expiration: 86400000
2025-04-02 04:01:47.771 [restartedMain] DEBUG c.e.s.m.u.s.J.JwtAuthenticationFilter - Filter 'jwtAuthenticationFilter' configured for use
2025-04-02 04:01:48.059 [restartedMain] INFO  c.e.s.m.u.a.services.AuditLogService - Audit log path initialized to: C:\logs\audit.log
2025-04-02 04:01:50.675 [restartedMain] INFO  c.e.s.c.c.ProcessingResponseCacheHandler - ProcessingResponseCacheHandler initialized with ResultsRepository and ResultsMapper.
2025-04-02 04:01:50.678 [restartedMain] INFO  c.e.s.c.c.ProcessingResponseCacheHandler - Scheduled cache cleanup task with cron expression: 0 0 3 * * ?
2025-04-02 04:01:50.741 [restartedMain] INFO  c.e.s.c.e.DatabasePropertySourceAdder - ContextRefreshedEvent received. Adding DatabasePropertySource to environment.
2025-04-02 04:01:50.742 [restartedMain] INFO  c.e.s.c.e.DatabasePropertySource - Initializing DatabasePropertySource: Loading properties from database...
2025-04-02 04:01:50.750 [restartedMain] INFO  c.e.s.c.e.DatabasePropertySource - Loaded 1 properties from database into DatabasePropertySource cache.
2025-04-02 04:01:50.751 [restartedMain] INFO  c.e.s.c.e.DatabasePropertySourceAdder - Successfully added DatabasePropertySource to environment.
2025-04-02 04:01:50.752 [restartedMain] INFO  c.e.s.SatellitePlatformApplication - Started SatellitePlatformApplication in 4.753 seconds (process running for 144.424)
2025-04-02 04:01:50.772 [restartedMain] DEBUG c.e.s.m.u.config.DataInitializer - Admin user(s) already exist. Skipping initial admin creation.
2025-04-02 04:01:52.627 [restartedMain] INFO  c.e.s.SatellitePlatformApplication - Starting SatellitePlatformApplication using Java 17.0.12 with PID 2228 (C:\Users\HP\Desktop\login-sigin spring boot backend\Satellite_Platform_Application\target\classes started by HP in C:\Users\HP\Desktop\login-sigin spring boot backend\Satellite_Platform_Application)
2025-04-02 04:01:52.627 [restartedMain] DEBUG c.e.s.SatellitePlatformApplication - Running with Spring Boot v3.3.10, Spring v6.1.18
2025-04-02 04:01:52.628 [restartedMain] INFO  c.e.s.SatellitePlatformApplication - No active profile set, falling back to 1 default profile: "default"
2025-04-02 04:01:53.971 [restartedMain] INFO  c.e.s.config.JwtConfig - JWT Secret: N5xG1aT7q8v2Hq1K3rJ6bC9m5W+Pq2L7Jz9P4w==
2025-04-02 04:01:53.971 [restartedMain] INFO  c.e.s.config.JwtConfig - JWT Expiration: 86400000
2025-04-02 04:01:54.300 [restartedMain] DEBUG c.e.s.m.u.s.J.JwtAuthenticationFilter - Filter 'jwtAuthenticationFilter' configured for use
2025-04-02 04:01:54.577 [restartedMain] INFO  c.e.s.m.u.a.services.AuditLogService - Audit log path initialized to: C:\logs\audit.log
2025-04-02 04:01:57.698 [restartedMain] INFO  c.e.s.c.c.ProcessingResponseCacheHandler - ProcessingResponseCacheHandler initialized with ResultsRepository and ResultsMapper.
2025-04-02 04:01:57.700 [restartedMain] INFO  c.e.s.c.c.ProcessingResponseCacheHandler - Scheduled cache cleanup task with cron expression: 0 0 3 * * ?
2025-04-02 04:01:57.759 [restartedMain] INFO  c.e.s.c.e.DatabasePropertySourceAdder - ContextRefreshedEvent received. Adding DatabasePropertySource to environment.
2025-04-02 04:01:57.760 [restartedMain] INFO  c.e.s.c.e.DatabasePropertySource - Initializing DatabasePropertySource: Loading properties from database...
2025-04-02 04:01:57.769 [restartedMain] INFO  c.e.s.c.e.DatabasePropertySource - Loaded 1 properties from database into DatabasePropertySource cache.
2025-04-02 04:01:57.770 [restartedMain] INFO  c.e.s.c.e.DatabasePropertySourceAdder - Successfully added DatabasePropertySource to environment.
2025-04-02 04:01:57.772 [restartedMain] INFO  c.e.s.SatellitePlatformApplication - Started SatellitePlatformApplication in 5.42 seconds (process running for 151.443)
2025-04-02 04:01:57.791 [restartedMain] DEBUG c.e.s.m.u.config.DataInitializer - Admin user(s) already exist. Skipping initial admin creation.
2025-04-02 04:02:36.975 [restartedMain] INFO  c.e.s.SatellitePlatformApplication - Starting SatellitePlatformApplication using Java 17.0.12 with PID 25916 (C:\Users\HP\Desktop\login-sigin spring boot backend\Satellite_Platform_Application\target\classes started by HP in C:\Users\HP\Desktop\login-sigin spring boot backend\Satellite_Platform_Application)
2025-04-02 04:02:36.977 [restartedMain] DEBUG c.e.s.SatellitePlatformApplication - Running with Spring Boot v3.3.10, Spring v6.1.18
2025-04-02 04:02:36.977 [restartedMain] INFO  c.e.s.SatellitePlatformApplication - No active profile set, falling back to 1 default profile: "default"
2025-04-02 04:02:40.892 [restartedMain] INFO  c.e.s.config.JwtConfig - JWT Secret: N5xG1aT7q8v2Hq1K3rJ6bC9m5W+Pq2L7Jz9P4w==
2025-04-02 04:02:40.894 [restartedMain] INFO  c.e.s.config.JwtConfig - JWT Expiration: 86400000
2025-04-02 04:02:41.948 [restartedMain] DEBUG c.e.s.m.u.s.J.JwtAuthenticationFilter - Filter 'jwtAuthenticationFilter' configured for use
2025-04-02 04:02:42.409 [restartedMain] INFO  c.e.s.m.u.a.services.AuditLogService - Audit log path initialized to: C:\logs\audit.log
2025-04-02 04:02:46.810 [restartedMain] INFO  c.e.s.c.c.ProcessingResponseCacheHandler - ProcessingResponseCacheHandler initialized with ResultsRepository and ResultsMapper.
2025-04-02 04:02:46.815 [restartedMain] INFO  c.e.s.c.c.ProcessingResponseCacheHandler - Scheduled cache cleanup task with cron expression: 0 0 3 * * ?
2025-04-02 04:02:46.918 [restartedMain] INFO  c.e.s.c.e.DatabasePropertySourceAdder - ContextRefreshedEvent received. Adding DatabasePropertySource to environment.
2025-04-02 04:02:46.919 [restartedMain] INFO  c.e.s.c.e.DatabasePropertySource - Initializing DatabasePropertySource: Loading properties from database...
2025-04-02 04:02:46.986 [restartedMain] INFO  c.e.s.c.e.DatabasePropertySource - Loaded 1 properties from database into DatabasePropertySource cache.
2025-04-02 04:02:46.987 [restartedMain] INFO  c.e.s.c.e.DatabasePropertySourceAdder - Successfully added DatabasePropertySource to environment.
2025-04-02 04:02:46.991 [restartedMain] INFO  c.e.s.SatellitePlatformApplication - Started SatellitePlatformApplication in 10.712 seconds (process running for 11.496)
2025-04-02 04:02:47.060 [restartedMain] DEBUG c.e.s.m.u.config.DataInitializer - Admin user(s) already exist. Skipping initial admin creation.
2025-04-02 19:34:36.056 [restartedMain] INFO  c.e.s.SatellitePlatformApplication - Starting SatellitePlatformApplication using Java 17.0.12 with PID 25916 (C:\Users\HP\Desktop\login-sigin spring boot backend\Satellite_Platform_Application\target\classes started by HP in C:\Users\HP\Desktop\login-sigin spring boot backend\Satellite_Platform_Application)
2025-04-02 19:34:36.057 [restartedMain] DEBUG c.e.s.SatellitePlatformApplication - Running with Spring Boot v3.3.10, Spring v6.1.18
2025-04-02 19:34:36.059 [restartedMain] INFO  c.e.s.SatellitePlatformApplication - No active profile set, falling back to 1 default profile: "default"
2025-04-02 19:36:59.425 [restartedMain] INFO  c.e.s.SatellitePlatformApplication - Starting SatellitePlatformApplication using Java 17.0.12 with PID 19132 (C:\Users\HP\Desktop\login-sigin spring boot backend\Satellite_Platform_Application\target\classes started by HP in C:\Users\HP\Desktop\login-sigin spring boot backend\Satellite_Platform_Application)
2025-04-02 19:36:59.427 [restartedMain] DEBUG c.e.s.SatellitePlatformApplication - Running with Spring Boot v3.3.10, Spring v6.1.18
2025-04-02 19:36:59.428 [restartedMain] INFO  c.e.s.SatellitePlatformApplication - No active profile set, falling back to 1 default profile: "default"
2025-04-02 19:38:05.770 [restartedMain] INFO  c.e.s.SatellitePlatformApplication - Starting SatellitePlatformApplication using Java 17.0.12 with PID 5796 (C:\Users\HP\Desktop\login-sigin spring boot backend\Satellite_Platform_Application\target\classes started by HP in C:\Users\HP\Desktop\login-sigin spring boot backend\Satellite_Platform_Application)
2025-04-02 19:38:05.775 [restartedMain] DEBUG c.e.s.SatellitePlatformApplication - Running with Spring Boot v3.3.10, Spring v6.1.18
2025-04-02 19:38:05.777 [restartedMain] INFO  c.e.s.SatellitePlatformApplication - No active profile set, falling back to 1 default profile: "default"
2025-04-02 19:38:13.432 [restartedMain] INFO  c.e.s.config.JwtConfig - JWT Secret: N5xG1aT7q8v2Hq1K3rJ6bC9m5W+Pq2L7Jz9P4w==
2025-04-02 19:38:13.441 [restartedMain] INFO  c.e.s.config.JwtConfig - JWT Expiration: 86400000
2025-04-02 19:38:13.629 [restartedMain] INFO  c.e.s.config.MongoConfig - Creating MongoClient bean with URI from environment...
2025-04-02 19:38:13.807 [restartedMain] DEBUG c.e.s.config.MongoConfig - MongoClient created for URI: mongodb://localhost:27017/satellite_platform
2025-04-02 19:38:16.682 [restartedMain] DEBUG c.e.s.m.u.s.J.JwtAuthenticationFilter - Filter 'jwtAuthenticationFilter' configured for use
2025-04-02 19:38:17.955 [restartedMain] INFO  c.e.s.m.u.a.services.AuditLogService - Audit log path initialized to: C:\logs\audit.log
2025-04-02 19:38:24.441 [restartedMain] INFO  c.e.s.c.c.ProcessingResponseCacheHandler - ProcessingResponseCacheHandler initialized with ResultsRepository and ResultsMapper.
2025-04-02 19:38:24.454 [restartedMain] INFO  c.e.s.c.c.ProcessingResponseCacheHandler - Scheduled cache cleanup task with cron expression: 0 0 3 * * ?
2025-04-02 19:38:24.586 [restartedMain] INFO  c.e.s.c.e.DatabasePropertySourceAdder - ContextRefreshedEvent received. Adding DatabasePropertySource to environment.
2025-04-02 19:38:24.588 [restartedMain] INFO  c.e.s.c.e.DatabasePropertySource - Initializing DatabasePropertySource: Loading properties from database...
2025-04-02 19:38:24.703 [restartedMain] INFO  c.e.s.c.e.DatabasePropertySource - Loaded 1 properties from database into DatabasePropertySource cache.
2025-04-02 19:38:24.703 [restartedMain] INFO  c.e.s.c.e.DatabasePropertySourceAdder - Successfully added DatabasePropertySource to environment.
2025-04-02 19:38:24.707 [restartedMain] INFO  c.e.s.SatellitePlatformApplication - Started SatellitePlatformApplication in 20.005 seconds (process running for 20.901)
2025-04-02 19:38:24.819 [restartedMain] DEBUG c.e.s.m.u.config.DataInitializer - Admin user(s) already exist. Skipping initial admin creation.
2025-04-02 20:16:28.985 [restartedMain] INFO  c.e.s.SatellitePlatformApplication - Starting SatellitePlatformApplication using Java 17.0.12 with PID 5796 (C:\Users\HP\Desktop\login-sigin spring boot backend\Satellite_Platform_Application\target\classes started by HP in C:\Users\HP\Desktop\login-sigin spring boot backend\Satellite_Platform_Application)
2025-04-02 20:16:28.986 [restartedMain] DEBUG c.e.s.SatellitePlatformApplication - Running with Spring Boot v3.3.10, Spring v6.1.18
2025-04-02 20:16:28.986 [restartedMain] INFO  c.e.s.SatellitePlatformApplication - No active profile set, falling back to 1 default profile: "default"
2025-04-02 20:16:31.620 [restartedMain] INFO  c.e.s.config.JwtConfig - JWT Secret: N5xG1aT7q8v2Hq1K3rJ6bC9m5W+Pq2L7Jz9P4w==
2025-04-02 20:16:31.621 [restartedMain] INFO  c.e.s.config.JwtConfig - JWT Expiration: 86400000
2025-04-02 20:16:31.666 [restartedMain] INFO  c.e.s.config.MongoConfig - Creating MongoClient bean with URI from environment...
2025-04-02 20:16:31.668 [restartedMain] DEBUG c.e.s.config.MongoConfig - MongoClient created for URI: mongodb://localhost:27017/satellite_platform
2025-04-02 20:16:32.107 [restartedMain] DEBUG c.e.s.m.u.s.J.JwtAuthenticationFilter - Filter 'jwtAuthenticationFilter' configured for use
2025-04-02 20:16:32.538 [restartedMain] INFO  c.e.s.m.u.a.services.AuditLogService - Audit log path initialized to: C:\logs\audit.log
2025-04-02 20:16:36.157 [restartedMain] INFO  c.e.s.c.c.ProcessingResponseCacheHandler - ProcessingResponseCacheHandler initialized with ResultsRepository and ResultsMapper.
2025-04-02 20:16:36.160 [restartedMain] INFO  c.e.s.c.c.ProcessingResponseCacheHandler - Scheduled cache cleanup task with cron expression: 0 0 3 * * ?
2025-04-02 20:16:36.247 [restartedMain] INFO  c.e.s.c.e.DatabasePropertySourceAdder - ContextRefreshedEvent received. Adding DatabasePropertySource to environment.
2025-04-02 20:16:36.248 [restartedMain] INFO  c.e.s.c.e.DatabasePropertySource - Initializing DatabasePropertySource: Loading properties from database...
2025-04-02 20:16:36.264 [restartedMain] INFO  c.e.s.c.e.DatabasePropertySource - Loaded 1 properties from database into DatabasePropertySource cache.
2025-04-02 20:16:36.264 [restartedMain] INFO  c.e.s.c.e.DatabasePropertySourceAdder - Successfully added DatabasePropertySource to environment.
2025-04-02 20:16:36.267 [restartedMain] INFO  c.e.s.SatellitePlatformApplication - Started SatellitePlatformApplication in 7.628 seconds (process running for 2312.461)
2025-04-02 20:16:36.298 [restartedMain] DEBUG c.e.s.m.u.config.DataInitializer - Admin user(s) already exist. Skipping initial admin creation.
2025-04-02 20:16:46.888 [restartedMain] INFO  c.e.s.SatellitePlatformApplication - Starting SatellitePlatformApplication using Java 17.0.12 with PID 5796 (C:\Users\HP\Desktop\login-sigin spring boot backend\Satellite_Platform_Application\target\classes started by HP in C:\Users\HP\Desktop\login-sigin spring boot backend\Satellite_Platform_Application)
2025-04-02 20:16:46.889 [restartedMain] DEBUG c.e.s.SatellitePlatformApplication - Running with Spring Boot v3.3.10, Spring v6.1.18
2025-04-02 20:16:46.890 [restartedMain] INFO  c.e.s.SatellitePlatformApplication - No active profile set, falling back to 1 default profile: "default"
2025-04-02 20:16:52.311 [restartedMain] INFO  c.e.s.SatellitePlatformApplication - Starting SatellitePlatformApplication using Java 17.0.12 with PID 5796 (C:\Users\HP\Desktop\login-sigin spring boot backend\Satellite_Platform_Application\target\classes started by HP in C:\Users\HP\Desktop\login-sigin spring boot backend\Satellite_Platform_Application)
2025-04-02 20:16:52.311 [restartedMain] DEBUG c.e.s.SatellitePlatformApplication - Running with Spring Boot v3.3.10, Spring v6.1.18
2025-04-02 20:16:52.311 [restartedMain] INFO  c.e.s.SatellitePlatformApplication - No active profile set, falling back to 1 default profile: "default"
2025-04-02 20:16:53.873 [restartedMain] INFO  c.e.s.config.JwtConfig - JWT Secret: N5xG1aT7q8v2Hq1K3rJ6bC9m5W+Pq2L7Jz9P4w==
2025-04-02 20:16:53.873 [restartedMain] INFO  c.e.s.config.JwtConfig - JWT Expiration: 86400000
2025-04-02 20:16:53.900 [restartedMain] INFO  c.e.s.config.MongoConfig - Creating MongoClient bean with URI from environment...
2025-04-02 20:16:53.901 [restartedMain] DEBUG c.e.s.config.MongoConfig - MongoClient created for URI: mongodb://localhost:27017/satellite_platform
2025-04-02 20:16:54.198 [restartedMain] DEBUG c.e.s.m.u.s.J.JwtAuthenticationFilter - Filter 'jwtAuthenticationFilter' configured for use
2025-04-02 20:16:54.511 [restartedMain] INFO  c.e.s.m.u.a.services.AuditLogService - Audit log path initialized to: C:\logs\audit.log
2025-04-02 20:16:57.941 [restartedMain] INFO  c.e.s.c.c.ProcessingResponseCacheHandler - ProcessingResponseCacheHandler initialized with ResultsRepository and ResultsMapper.
2025-04-02 20:16:57.945 [restartedMain] INFO  c.e.s.c.c.ProcessingResponseCacheHandler - Scheduled cache cleanup task with cron expression: 0 0 3 * * ?
2025-04-02 20:16:58.055 [restartedMain] INFO  c.e.s.c.e.DatabasePropertySourceAdder - ContextRefreshedEvent received. Adding DatabasePropertySource to environment.
2025-04-02 20:16:58.055 [restartedMain] INFO  c.e.s.c.e.DatabasePropertySource - Initializing DatabasePropertySource: Loading properties from database...
2025-04-02 20:16:58.071 [restartedMain] INFO  c.e.s.c.e.DatabasePropertySource - Loaded 1 properties from database into DatabasePropertySource cache.
2025-04-02 20:16:58.072 [restartedMain] INFO  c.e.s.c.e.DatabasePropertySourceAdder - Successfully added DatabasePropertySource to environment.
2025-04-02 20:16:58.074 [restartedMain] INFO  c.e.s.SatellitePlatformApplication - Started SatellitePlatformApplication in 5.991 seconds (process running for 2334.268)
2025-04-02 20:16:58.103 [restartedMain] DEBUG c.e.s.m.u.config.DataInitializer - Admin user(s) already exist. Skipping initial admin creation.
2025-04-02 20:17:09.190 [restartedMain] INFO  c.e.s.SatellitePlatformApplication - Starting SatellitePlatformApplication using Java 17.0.12 with PID 5796 (C:\Users\HP\Desktop\login-sigin spring boot backend\Satellite_Platform_Application\target\classes started by HP in C:\Users\HP\Desktop\login-sigin spring boot backend\Satellite_Platform_Application)
2025-04-02 20:17:09.190 [restartedMain] DEBUG c.e.s.SatellitePlatformApplication - Running with Spring Boot v3.3.10, Spring v6.1.18
2025-04-02 20:17:09.191 [restartedMain] INFO  c.e.s.SatellitePlatformApplication - No active profile set, falling back to 1 default profile: "default"
2025-04-02 20:17:11.311 [restartedMain] INFO  c.e.s.config.JwtConfig - JWT Secret: N5xG1aT7q8v2Hq1K3rJ6bC9m5W+Pq2L7Jz9P4w==
2025-04-02 20:17:11.312 [restartedMain] INFO  c.e.s.config.JwtConfig - JWT Expiration: 86400000
2025-04-02 20:17:11.338 [restartedMain] INFO  c.e.s.config.MongoConfig - Creating MongoClient bean with URI from environment...
2025-04-02 20:17:11.338 [restartedMain] DEBUG c.e.s.config.MongoConfig - MongoClient created for URI: mongodb://localhost:27017/satellite_platform
2025-04-02 20:17:11.661 [restartedMain] DEBUG c.e.s.m.u.s.J.JwtAuthenticationFilter - Filter 'jwtAuthenticationFilter' configured for use
2025-04-02 20:17:11.971 [restartedMain] INFO  c.e.s.m.u.a.services.AuditLogService - Audit log path initialized to: C:\logs\audit.log
2025-04-02 20:17:15.721 [restartedMain] INFO  c.e.s.c.c.ProcessingResponseCacheHandler - ProcessingResponseCacheHandler initialized with ResultsRepository and ResultsMapper.
2025-04-02 20:17:15.724 [restartedMain] INFO  c.e.s.c.c.ProcessingResponseCacheHandler - Scheduled cache cleanup task with cron expression: 0 0 3 * * ?
2025-04-02 20:17:15.835 [restartedMain] INFO  c.e.s.c.e.DatabasePropertySourceAdder - ContextRefreshedEvent received. Adding DatabasePropertySource to environment.
2025-04-02 20:17:15.836 [restartedMain] INFO  c.e.s.c.e.DatabasePropertySource - Initializing DatabasePropertySource: Loading properties from database...
2025-04-02 20:17:15.847 [restartedMain] INFO  c.e.s.c.e.DatabasePropertySource - Loaded 1 properties from database into DatabasePropertySource cache.
2025-04-02 20:17:15.847 [restartedMain] INFO  c.e.s.c.e.DatabasePropertySourceAdder - Successfully added DatabasePropertySource to environment.
2025-04-02 20:17:15.849 [restartedMain] INFO  c.e.s.SatellitePlatformApplication - Started SatellitePlatformApplication in 6.991 seconds (process running for 2352.043)
2025-04-02 20:17:15.870 [restartedMain] DEBUG c.e.s.m.u.config.DataInitializer - Admin user(s) already exist. Skipping initial admin creation.
2025-04-02 20:17:18.535 [restartedMain] INFO  c.e.s.SatellitePlatformApplication - Starting SatellitePlatformApplication using Java 17.0.12 with PID 5796 (C:\Users\HP\Desktop\login-sigin spring boot backend\Satellite_Platform_Application\target\classes started by HP in C:\Users\HP\Desktop\login-sigin spring boot backend\Satellite_Platform_Application)
2025-04-02 20:17:18.536 [restartedMain] DEBUG c.e.s.SatellitePlatformApplication - Running with Spring Boot v3.3.10, Spring v6.1.18
2025-04-02 20:17:18.537 [restartedMain] INFO  c.e.s.SatellitePlatformApplication - No active profile set, falling back to 1 default profile: "default"
2025-04-02 20:17:21.507 [restartedMain] INFO  c.e.s.config.JwtConfig - JWT Secret: N5xG1aT7q8v2Hq1K3rJ6bC9m5W+Pq2L7Jz9P4w==
2025-04-02 20:17:21.508 [restartedMain] INFO  c.e.s.config.JwtConfig - JWT Expiration: 86400000
2025-04-02 20:17:21.562 [restartedMain] INFO  c.e.s.config.MongoConfig - Creating MongoClient bean with URI from environment...
2025-04-02 20:17:21.563 [restartedMain] DEBUG c.e.s.config.MongoConfig - MongoClient created for URI: mongodb://localhost:27017/satellite_platform
2025-04-02 20:17:22.151 [restartedMain] DEBUG c.e.s.m.u.s.J.JwtAuthenticationFilter - Filter 'jwtAuthenticationFilter' configured for use
2025-04-02 20:17:22.636 [restartedMain] INFO  c.e.s.m.u.a.services.AuditLogService - Audit log path initialized to: C:\logs\audit.log
2025-04-02 20:17:26.831 [restartedMain] INFO  c.e.s.c.c.ProcessingResponseCacheHandler - ProcessingResponseCacheHandler initialized with ResultsRepository and ResultsMapper.
2025-04-02 20:17:26.833 [restartedMain] INFO  c.e.s.c.c.ProcessingResponseCacheHandler - Scheduled cache cleanup task with cron expression: 0 0 3 * * ?
2025-04-02 20:17:26.909 [restartedMain] INFO  c.e.s.c.e.DatabasePropertySourceAdder - ContextRefreshedEvent received. Adding DatabasePropertySource to environment.
2025-04-02 20:17:26.910 [restartedMain] INFO  c.e.s.c.e.DatabasePropertySource - Initializing DatabasePropertySource: Loading properties from database...
2025-04-02 20:17:26.920 [restartedMain] INFO  c.e.s.c.e.DatabasePropertySource - Loaded 1 properties from database into DatabasePropertySource cache.
2025-04-02 20:17:26.920 [restartedMain] INFO  c.e.s.c.e.DatabasePropertySourceAdder - Successfully added DatabasePropertySource to environment.
2025-04-02 20:17:26.922 [restartedMain] INFO  c.e.s.SatellitePlatformApplication - Started SatellitePlatformApplication in 9.053 seconds (process running for 2363.116)
2025-04-02 20:17:26.946 [restartedMain] DEBUG c.e.s.m.u.config.DataInitializer - Admin user(s) already exist. Skipping initial admin creation.
2025-04-02 20:17:50.290 [restartedMain] INFO  c.e.s.SatellitePlatformApplication - Starting SatellitePlatformApplication using Java 17.0.12 with PID 5796 (C:\Users\HP\Desktop\login-sigin spring boot backend\Satellite_Platform_Application\target\classes started by HP in C:\Users\HP\Desktop\login-sigin spring boot backend\Satellite_Platform_Application)
2025-04-02 20:17:50.291 [restartedMain] DEBUG c.e.s.SatellitePlatformApplication - Running with Spring Boot v3.3.10, Spring v6.1.18
2025-04-02 20:17:50.291 [restartedMain] INFO  c.e.s.SatellitePlatformApplication - No active profile set, falling back to 1 default profile: "default"
2025-04-02 20:17:52.114 [restartedMain] INFO  c.e.s.config.JwtConfig - JWT Secret: N5xG1aT7q8v2Hq1K3rJ6bC9m5W+Pq2L7Jz9P4w==
2025-04-02 20:17:52.115 [restartedMain] INFO  c.e.s.config.JwtConfig - JWT Expiration: 86400000
2025-04-02 20:17:52.140 [restartedMain] INFO  c.e.s.config.MongoConfig - Creating MongoClient bean with URI from environment...
2025-04-02 20:17:52.141 [restartedMain] DEBUG c.e.s.config.MongoConfig - MongoClient created for URI: mongodb://localhost:27017/satellite_platform
2025-04-02 20:17:52.480 [restartedMain] DEBUG c.e.s.m.u.s.J.JwtAuthenticationFilter - Filter 'jwtAuthenticationFilter' configured for use
2025-04-02 20:17:52.782 [restartedMain] INFO  c.e.s.m.u.a.services.AuditLogService - Audit log path initialized to: C:\logs\audit.log
2025-04-02 20:17:56.873 [restartedMain] INFO  c.e.s.c.c.ProcessingResponseCacheHandler - ProcessingResponseCacheHandler initialized with ResultsRepository and ResultsMapper.
2025-04-02 20:17:56.876 [restartedMain] INFO  c.e.s.c.c.ProcessingResponseCacheHandler - Scheduled cache cleanup task with cron expression: 0 0 3 * * ?
2025-04-02 20:17:56.981 [restartedMain] INFO  c.e.s.c.e.DatabasePropertySourceAdder - ContextRefreshedEvent received. Adding DatabasePropertySource to environment.
2025-04-02 20:17:56.982 [restartedMain] INFO  c.e.s.c.e.DatabasePropertySource - Initializing DatabasePropertySource: Loading properties from database...
2025-04-02 20:17:56.997 [restartedMain] INFO  c.e.s.c.e.DatabasePropertySource - Loaded 1 properties from database into DatabasePropertySource cache.
2025-04-02 20:17:56.998 [restartedMain] INFO  c.e.s.c.e.DatabasePropertySourceAdder - Successfully added DatabasePropertySource to environment.
2025-04-02 20:17:57.000 [restartedMain] INFO  c.e.s.SatellitePlatformApplication - Started SatellitePlatformApplication in 7.174 seconds (process running for 2393.194)
2025-04-02 20:17:57.033 [restartedMain] DEBUG c.e.s.m.u.config.DataInitializer - Admin user(s) already exist. Skipping initial admin creation.
2025-04-02 20:17:59.731 [restartedMain] INFO  c.e.s.SatellitePlatformApplication - Starting SatellitePlatformApplication using Java 17.0.12 with PID 5796 (C:\Users\HP\Desktop\login-sigin spring boot backend\Satellite_Platform_Application\target\classes started by HP in C:\Users\HP\Desktop\login-sigin spring boot backend\Satellite_Platform_Application)
2025-04-02 20:17:59.732 [restartedMain] DEBUG c.e.s.SatellitePlatformApplication - Running with Spring Boot v3.3.10, Spring v6.1.18
2025-04-02 20:17:59.733 [restartedMain] INFO  c.e.s.SatellitePlatformApplication - No active profile set, falling back to 1 default profile: "default"
2025-04-02 20:18:01.186 [restartedMain] INFO  c.e.s.config.JwtConfig - JWT Secret: N5xG1aT7q8v2Hq1K3rJ6bC9m5W+Pq2L7Jz9P4w==
2025-04-02 20:18:01.186 [restartedMain] INFO  c.e.s.config.JwtConfig - JWT Expiration: 86400000
2025-04-02 20:18:01.214 [restartedMain] INFO  c.e.s.config.MongoConfig - Creating MongoClient bean with URI from environment...
2025-04-02 20:18:01.215 [restartedMain] DEBUG c.e.s.config.MongoConfig - MongoClient created for URI: mongodb://localhost:27017/satellite_platform
2025-04-02 20:18:01.524 [restartedMain] DEBUG c.e.s.m.u.s.J.JwtAuthenticationFilter - Filter 'jwtAuthenticationFilter' configured for use
2025-04-02 20:18:01.846 [restartedMain] INFO  c.e.s.m.u.a.services.AuditLogService - Audit log path initialized to: C:\logs\audit.log
2025-04-02 20:18:04.961 [restartedMain] INFO  c.e.s.c.c.ProcessingResponseCacheHandler - ProcessingResponseCacheHandler initialized with ResultsRepository and ResultsMapper.
2025-04-02 20:18:04.963 [restartedMain] INFO  c.e.s.c.c.ProcessingResponseCacheHandler - Scheduled cache cleanup task with cron expression: 0 0 3 * * ?
2025-04-02 20:18:05.066 [restartedMain] INFO  c.e.s.c.e.DatabasePropertySourceAdder - ContextRefreshedEvent received. Adding DatabasePropertySource to environment.
2025-04-02 20:18:05.067 [restartedMain] INFO  c.e.s.c.e.DatabasePropertySource - Initializing DatabasePropertySource: Loading properties from database...
2025-04-02 20:18:05.075 [restartedMain] INFO  c.e.s.c.e.DatabasePropertySource - Loaded 1 properties from database into DatabasePropertySource cache.
2025-04-02 20:18:05.076 [restartedMain] INFO  c.e.s.c.e.DatabasePropertySourceAdder - Successfully added DatabasePropertySource to environment.
2025-04-02 20:18:05.078 [restartedMain] INFO  c.e.s.SatellitePlatformApplication - Started SatellitePlatformApplication in 5.566 seconds (process running for 2401.272)
2025-04-02 20:18:05.096 [restartedMain] DEBUG c.e.s.m.u.config.DataInitializer - Admin user(s) already exist. Skipping initial admin creation.
2025-04-02 20:18:07.891 [restartedMain] INFO  c.e.s.SatellitePlatformApplication - Starting SatellitePlatformApplication using Java 17.0.12 with PID 5796 (C:\Users\HP\Desktop\login-sigin spring boot backend\Satellite_Platform_Application\target\classes started by HP in C:\Users\HP\Desktop\login-sigin spring boot backend\Satellite_Platform_Application)
2025-04-02 20:18:07.892 [restartedMain] DEBUG c.e.s.SatellitePlatformApplication - Running with Spring Boot v3.3.10, Spring v6.1.18
2025-04-02 20:18:07.892 [restartedMain] INFO  c.e.s.SatellitePlatformApplication - No active profile set, falling back to 1 default profile: "default"
2025-04-02 20:18:10.115 [restartedMain] INFO  c.e.s.config.JwtConfig - JWT Secret: N5xG1aT7q8v2Hq1K3rJ6bC9m5W+Pq2L7Jz9P4w==
2025-04-02 20:18:10.116 [restartedMain] INFO  c.e.s.config.JwtConfig - JWT Expiration: 86400000
2025-04-02 20:18:10.160 [restartedMain] INFO  c.e.s.config.MongoConfig - Creating MongoClient bean with URI from environment...
2025-04-02 20:18:10.161 [restartedMain] DEBUG c.e.s.config.MongoConfig - MongoClient created for URI: mongodb://localhost:27017/satellite_platform
2025-04-02 20:18:10.479 [restartedMain] DEBUG c.e.s.m.u.s.J.JwtAuthenticationFilter - Filter 'jwtAuthenticationFilter' configured for use
2025-04-02 20:18:10.885 [restartedMain] INFO  c.e.s.m.u.a.services.AuditLogService - Audit log path initialized to: C:\logs\audit.log
2025-04-02 20:18:15.334 [restartedMain] INFO  c.e.s.c.c.ProcessingResponseCacheHandler - ProcessingResponseCacheHandler initialized with ResultsRepository and ResultsMapper.
2025-04-02 20:18:15.336 [restartedMain] INFO  c.e.s.c.c.ProcessingResponseCacheHandler - Scheduled cache cleanup task with cron expression: 0 0 3 * * ?
2025-04-02 20:18:15.414 [restartedMain] INFO  c.e.s.c.e.DatabasePropertySourceAdder - ContextRefreshedEvent received. Adding DatabasePropertySource to environment.
2025-04-02 20:18:15.416 [restartedMain] INFO  c.e.s.c.e.DatabasePropertySource - Initializing DatabasePropertySource: Loading properties from database...
2025-04-02 20:18:15.428 [restartedMain] INFO  c.e.s.c.e.DatabasePropertySource - Loaded 1 properties from database into DatabasePropertySource cache.
2025-04-02 20:18:15.429 [restartedMain] INFO  c.e.s.c.e.DatabasePropertySourceAdder - Successfully added DatabasePropertySource to environment.
2025-04-02 20:18:15.432 [restartedMain] INFO  c.e.s.SatellitePlatformApplication - Started SatellitePlatformApplication in 7.784 seconds (process running for 2411.627)
2025-04-02 20:18:15.464 [restartedMain] DEBUG c.e.s.m.u.config.DataInitializer - Admin user(s) already exist. Skipping initial admin creation.
2025-04-02 20:18:19.741 [restartedMain] INFO  c.e.s.SatellitePlatformApplication - Starting SatellitePlatformApplication using Java 17.0.12 with PID 5796 (C:\Users\HP\Desktop\login-sigin spring boot backend\Satellite_Platform_Application\target\classes started by HP in C:\Users\HP\Desktop\login-sigin spring boot backend\Satellite_Platform_Application)
2025-04-02 20:18:19.742 [restartedMain] DEBUG c.e.s.SatellitePlatformApplication - Running with Spring Boot v3.3.10, Spring v6.1.18
2025-04-02 20:18:19.742 [restartedMain] INFO  c.e.s.SatellitePlatformApplication - No active profile set, falling back to 1 default profile: "default"
2025-04-02 20:18:21.269 [restartedMain] INFO  c.e.s.config.JwtConfig - JWT Secret: N5xG1aT7q8v2Hq1K3rJ6bC9m5W+Pq2L7Jz9P4w==
2025-04-02 20:18:21.270 [restartedMain] INFO  c.e.s.config.JwtConfig - JWT Expiration: 86400000
2025-04-02 20:18:21.307 [restartedMain] INFO  c.e.s.config.MongoConfig - Creating MongoClient bean with URI from environment...
2025-04-02 20:18:21.308 [restartedMain] DEBUG c.e.s.config.MongoConfig - MongoClient created for URI: mongodb://localhost:27017/satellite_platform
2025-04-02 20:18:21.665 [restartedMain] DEBUG c.e.s.m.u.s.J.JwtAuthenticationFilter - Filter 'jwtAuthenticationFilter' configured for use
2025-04-02 20:18:22.012 [restartedMain] INFO  c.e.s.m.u.a.services.AuditLogService - Audit log path initialized to: C:\logs\audit.log
2025-04-02 20:18:26.439 [restartedMain] INFO  c.e.s.c.c.ProcessingResponseCacheHandler - ProcessingResponseCacheHandler initialized with ResultsRepository and ResultsMapper.
2025-04-02 20:18:26.441 [restartedMain] INFO  c.e.s.c.c.ProcessingResponseCacheHandler - Scheduled cache cleanup task with cron expression: 0 0 3 * * ?
2025-04-02 20:18:26.534 [restartedMain] INFO  c.e.s.c.e.DatabasePropertySourceAdder - ContextRefreshedEvent received. Adding DatabasePropertySource to environment.
2025-04-02 20:18:26.535 [restartedMain] INFO  c.e.s.c.e.DatabasePropertySource - Initializing DatabasePropertySource: Loading properties from database...
2025-04-02 20:18:26.546 [restartedMain] INFO  c.e.s.c.e.DatabasePropertySource - Loaded 1 properties from database into DatabasePropertySource cache.
2025-04-02 20:18:26.546 [restartedMain] INFO  c.e.s.c.e.DatabasePropertySourceAdder - Successfully added DatabasePropertySource to environment.
2025-04-02 20:18:26.548 [restartedMain] INFO  c.e.s.SatellitePlatformApplication - Started SatellitePlatformApplication in 7.035 seconds (process running for 2422.742)
2025-04-02 20:18:26.576 [restartedMain] DEBUG c.e.s.m.u.config.DataInitializer - Admin user(s) already exist. Skipping initial admin creation.
2025-04-02 20:18:35.241 [restartedMain] INFO  c.e.s.SatellitePlatformApplication - Starting SatellitePlatformApplication using Java 17.0.12 with PID 5796 (C:\Users\HP\Desktop\login-sigin spring boot backend\Satellite_Platform_Application\target\classes started by HP in C:\Users\HP\Desktop\login-sigin spring boot backend\Satellite_Platform_Application)
2025-04-02 20:18:35.242 [restartedMain] DEBUG c.e.s.SatellitePlatformApplication - Running with Spring Boot v3.3.10, Spring v6.1.18
2025-04-02 20:18:35.242 [restartedMain] INFO  c.e.s.SatellitePlatformApplication - No active profile set, falling back to 1 default profile: "default"
2025-04-02 20:18:37.094 [restartedMain] INFO  c.e.s.config.JwtConfig - JWT Secret: N5xG1aT7q8v2Hq1K3rJ6bC9m5W+Pq2L7Jz9P4w==
2025-04-02 20:18:37.095 [restartedMain] INFO  c.e.s.config.JwtConfig - JWT Expiration: 86400000
2025-04-02 20:18:37.128 [restartedMain] INFO  c.e.s.config.MongoConfig - Creating MongoClient bean with URI from environment...
2025-04-02 20:18:37.129 [restartedMain] DEBUG c.e.s.config.MongoConfig - MongoClient created for URI: mongodb://localhost:27017/satellite_platform
2025-04-02 20:18:37.448 [restartedMain] DEBUG c.e.s.m.u.s.J.JwtAuthenticationFilter - Filter 'jwtAuthenticationFilter' configured for use
2025-04-02 20:18:37.739 [restartedMain] INFO  c.e.s.m.u.a.services.AuditLogService - Audit log path initialized to: C:\logs\audit.log
2025-04-02 20:18:42.724 [restartedMain] INFO  c.e.s.c.c.ProcessingResponseCacheHandler - ProcessingResponseCacheHandler initialized with ResultsRepository and ResultsMapper.
2025-04-02 20:18:42.726 [restartedMain] INFO  c.e.s.c.c.ProcessingResponseCacheHandler - Scheduled cache cleanup task with cron expression: 0 0 3 * * ?
2025-04-02 20:18:42.804 [restartedMain] INFO  c.e.s.c.e.DatabasePropertySourceAdder - ContextRefreshedEvent received. Adding DatabasePropertySource to environment.
2025-04-02 20:18:42.805 [restartedMain] INFO  c.e.s.c.e.DatabasePropertySource - Initializing DatabasePropertySource: Loading properties from database...
2025-04-02 20:18:42.814 [restartedMain] INFO  c.e.s.c.e.DatabasePropertySource - Loaded 1 properties from database into DatabasePropertySource cache.
2025-04-02 20:18:42.815 [restartedMain] INFO  c.e.s.c.e.DatabasePropertySourceAdder - Successfully added DatabasePropertySource to environment.
2025-04-02 20:18:42.817 [restartedMain] INFO  c.e.s.SatellitePlatformApplication - Started SatellitePlatformApplication in 7.857 seconds (process running for 2439.011)
2025-04-02 20:18:42.842 [restartedMain] DEBUG c.e.s.m.u.config.DataInitializer - Admin user(s) already exist. Skipping initial admin creation.
2025-04-02 20:22:25.395 [restartedMain] INFO  c.e.s.SatellitePlatformApplication - Starting SatellitePlatformApplication using Java 17.0.12 with PID 18380 (C:\Users\HP\Desktop\login-sigin spring boot backend\Satellite_Platform_Application\target\classes started by HP in C:\Users\HP\Desktop\login-sigin spring boot backend\Satellite_Platform_Application)
2025-04-02 20:22:25.399 [restartedMain] DEBUG c.e.s.SatellitePlatformApplication - Running with Spring Boot v3.3.10, Spring v6.1.18
2025-04-02 20:22:25.400 [restartedMain] INFO  c.e.s.SatellitePlatformApplication - No active profile set, falling back to 1 default profile: "default"
2025-04-02 20:22:31.012 [restartedMain] INFO  c.e.s.config.JwtConfig - JWT Secret: N5xG1aT7q8v2Hq1K3rJ6bC9m5W+Pq2L7Jz9P4w==
2025-04-02 20:22:31.014 [restartedMain] INFO  c.e.s.config.JwtConfig - JWT Expiration: 86400000
2025-04-02 20:22:31.140 [restartedMain] INFO  c.e.s.config.MongoConfig - Creating MongoClient bean with URI from environment...
2025-04-02 20:22:31.199 [restartedMain] DEBUG c.e.s.config.MongoConfig - MongoClient created for URI: mongodb://localhost:27017/satellite_platform
2025-04-02 20:22:32.305 [restartedMain] DEBUG c.e.s.m.u.s.J.JwtAuthenticationFilter - Filter 'jwtAuthenticationFilter' configured for use
2025-04-02 20:22:32.818 [restartedMain] INFO  c.e.s.m.u.a.services.AuditLogService - Audit log path initialized to: C:\logs\audit.log
2025-04-02 20:22:38.789 [restartedMain] INFO  c.e.s.c.c.ProcessingResponseCacheHandler - ProcessingResponseCacheHandler initialized with ResultsRepository and ResultsMapper.
2025-04-02 20:22:38.799 [restartedMain] INFO  c.e.s.c.c.ProcessingResponseCacheHandler - Scheduled cache cleanup task with cron expression: 0 0 3 * * ?
2025-04-02 20:22:38.903 [restartedMain] INFO  c.e.s.c.e.DatabasePropertySourceAdder - ContextRefreshedEvent received. Adding DatabasePropertySource to environment.
2025-04-02 20:22:38.904 [restartedMain] INFO  c.e.s.c.e.DatabasePropertySource - Initializing DatabasePropertySource: Loading properties from database...
2025-04-02 20:22:38.988 [restartedMain] INFO  c.e.s.c.e.DatabasePropertySource - Loaded 1 properties from database into DatabasePropertySource cache.
2025-04-02 20:22:38.989 [restartedMain] INFO  c.e.s.c.e.DatabasePropertySourceAdder - Successfully added DatabasePropertySource to environment.
2025-04-02 20:22:38.994 [restartedMain] INFO  c.e.s.SatellitePlatformApplication - Started SatellitePlatformApplication in 14.669 seconds (process running for 15.663)
2025-04-02 20:22:39.059 [restartedMain] DEBUG c.e.s.m.u.config.DataInitializer - Admin user(s) already exist. Skipping initial admin creation.
2025-04-02 20:29:06.840 [restartedMain] INFO  c.e.s.SatellitePlatformApplication - Starting SatellitePlatformApplication using Java 17.0.12 with PID 18380 (C:\Users\HP\Desktop\login-sigin spring boot backend\Satellite_Platform_Application\target\classes started by HP in C:\Users\HP\Desktop\login-sigin spring boot backend\Satellite_Platform_Application)
2025-04-02 20:29:06.841 [restartedMain] DEBUG c.e.s.SatellitePlatformApplication - Running with Spring Boot v3.3.10, Spring v6.1.18
2025-04-02 20:29:06.842 [restartedMain] INFO  c.e.s.SatellitePlatformApplication - No active profile set, falling back to 1 default profile: "default"
2025-04-02 20:29:08.394 [restartedMain] INFO  c.e.s.config.JwtConfig - JWT Secret: N5xG1aT7q8v2Hq1K3rJ6bC9m5W+Pq2L7Jz9P4w==
2025-04-02 20:29:08.394 [restartedMain] INFO  c.e.s.config.JwtConfig - JWT Expiration: 86400000
2025-04-02 20:29:08.421 [restartedMain] INFO  c.e.s.config.MongoConfig - Creating MongoClient bean with URI from environment...
2025-04-02 20:29:08.422 [restartedMain] DEBUG c.e.s.config.MongoConfig - MongoClient created for URI: mongodb://localhost:27017/satellite_platform
2025-04-02 20:29:08.736 [restartedMain] DEBUG c.e.s.m.u.s.J.JwtAuthenticationFilter - Filter 'jwtAuthenticationFilter' configured for use
2025-04-02 20:29:09.122 [restartedMain] INFO  c.e.s.m.u.a.services.AuditLogService - Audit log path initialized to: C:\logs\audit.log
2025-04-02 20:29:13.649 [restartedMain] INFO  c.e.s.c.c.ProcessingResponseCacheHandler - ProcessingResponseCacheHandler initialized with ResultsRepository and ResultsMapper.
2025-04-02 20:29:13.651 [restartedMain] INFO  c.e.s.c.c.ProcessingResponseCacheHandler - Scheduled cache cleanup task with cron expression: 0 0 3 * * ?
2025-04-02 20:29:13.729 [restartedMain] INFO  c.e.s.c.e.DatabasePropertySourceAdder - ContextRefreshedEvent received. Adding DatabasePropertySource to environment.
2025-04-02 20:29:13.730 [restartedMain] INFO  c.e.s.c.e.DatabasePropertySource - Initializing DatabasePropertySource: Loading properties from database...
2025-04-02 20:29:13.745 [restartedMain] INFO  c.e.s.c.e.DatabasePropertySource - Loaded 1 properties from database into DatabasePropertySource cache.
2025-04-02 20:29:13.746 [restartedMain] INFO  c.e.s.c.e.DatabasePropertySourceAdder - Successfully added DatabasePropertySource to environment.
2025-04-02 20:29:13.748 [restartedMain] INFO  c.e.s.SatellitePlatformApplication - Started SatellitePlatformApplication in 7.145 seconds (process running for 410.417)
2025-04-02 20:29:13.773 [restartedMain] DEBUG c.e.s.m.u.config.DataInitializer - Admin user(s) already exist. Skipping initial admin creation.
2025-04-02 20:29:15.688 [restartedMain] INFO  c.e.s.SatellitePlatformApplication - Starting SatellitePlatformApplication using Java 17.0.12 with PID 18380 (C:\Users\HP\Desktop\login-sigin spring boot backend\Satellite_Platform_Application\target\classes started by HP in C:\Users\HP\Desktop\login-sigin spring boot backend\Satellite_Platform_Application)
2025-04-02 20:29:15.688 [restartedMain] DEBUG c.e.s.SatellitePlatformApplication - Running with Spring Boot v3.3.10, Spring v6.1.18
2025-04-02 20:29:15.689 [restartedMain] INFO  c.e.s.SatellitePlatformApplication - No active profile set, falling back to 1 default profile: "default"
2025-04-02 20:29:17.473 [restartedMain] INFO  c.e.s.config.JwtConfig - JWT Secret: N5xG1aT7q8v2Hq1K3rJ6bC9m5W+Pq2L7Jz9P4w==
2025-04-02 20:29:17.474 [restartedMain] INFO  c.e.s.config.JwtConfig - JWT Expiration: 86400000
2025-04-02 20:29:17.518 [restartedMain] INFO  c.e.s.config.MongoConfig - Creating MongoClient bean with URI from environment...
2025-04-02 20:29:17.520 [restartedMain] DEBUG c.e.s.config.MongoConfig - MongoClient created for URI: mongodb://localhost:27017/satellite_platform
2025-04-02 20:29:17.839 [restartedMain] DEBUG c.e.s.m.u.s.J.JwtAuthenticationFilter - Filter 'jwtAuthenticationFilter' configured for use
2025-04-02 20:29:18.173 [restartedMain] INFO  c.e.s.m.u.a.services.AuditLogService - Audit log path initialized to: C:\logs\audit.log
2025-04-02 20:29:22.010 [restartedMain] INFO  c.e.s.c.c.ProcessingResponseCacheHandler - ProcessingResponseCacheHandler initialized with ResultsRepository and ResultsMapper.
2025-04-02 20:29:22.013 [restartedMain] INFO  c.e.s.c.c.ProcessingResponseCacheHandler - Scheduled cache cleanup task with cron expression: 0 0 3 * * ?
2025-04-02 20:29:22.086 [restartedMain] INFO  c.e.s.c.e.DatabasePropertySourceAdder - ContextRefreshedEvent received. Adding DatabasePropertySource to environment.
2025-04-02 20:29:22.087 [restartedMain] INFO  c.e.s.c.e.DatabasePropertySource - Initializing DatabasePropertySource: Loading properties from database...
2025-04-02 20:29:22.096 [restartedMain] INFO  c.e.s.c.e.DatabasePropertySource - Loaded 1 properties from database into DatabasePropertySource cache.
2025-04-02 20:29:22.097 [restartedMain] INFO  c.e.s.c.e.DatabasePropertySourceAdder - Successfully added DatabasePropertySource to environment.
2025-04-02 20:29:22.098 [restartedMain] INFO  c.e.s.SatellitePlatformApplication - Started SatellitePlatformApplication in 6.676 seconds (process running for 418.768)
2025-04-02 20:29:22.119 [restartedMain] DEBUG c.e.s.m.u.config.DataInitializer - Admin user(s) already exist. Skipping initial admin creation.
2025-04-02 20:29:23.786 [restartedMain] INFO  c.e.s.SatellitePlatformApplication - Starting SatellitePlatformApplication using Java 17.0.12 with PID 18380 (C:\Users\HP\Desktop\login-sigin spring boot backend\Satellite_Platform_Application\target\classes started by HP in C:\Users\HP\Desktop\login-sigin spring boot backend\Satellite_Platform_Application)
2025-04-02 20:29:23.786 [restartedMain] DEBUG c.e.s.SatellitePlatformApplication - Running with Spring Boot v3.3.10, Spring v6.1.18
2025-04-02 20:29:23.788 [restartedMain] INFO  c.e.s.SatellitePlatformApplication - No active profile set, falling back to 1 default profile: "default"
2025-04-02 20:29:25.399 [restartedMain] INFO  c.e.s.config.JwtConfig - JWT Secret: N5xG1aT7q8v2Hq1K3rJ6bC9m5W+Pq2L7Jz9P4w==
2025-04-02 20:29:25.400 [restartedMain] INFO  c.e.s.config.JwtConfig - JWT Expiration: 86400000
2025-04-02 20:29:25.461 [restartedMain] INFO  c.e.s.config.MongoConfig - Creating MongoClient bean with URI from environment...
2025-04-02 20:29:25.463 [restartedMain] DEBUG c.e.s.config.MongoConfig - MongoClient created for URI: mongodb://localhost:27017/satellite_platform
2025-04-02 20:29:25.787 [restartedMain] DEBUG c.e.s.m.u.s.J.JwtAuthenticationFilter - Filter 'jwtAuthenticationFilter' configured for use
2025-04-02 20:29:26.150 [restartedMain] INFO  c.e.s.m.u.a.services.AuditLogService - Audit log path initialized to: C:\logs\audit.log
2025-04-02 20:29:30.644 [restartedMain] INFO  c.e.s.c.c.ProcessingResponseCacheHandler - ProcessingResponseCacheHandler initialized with ResultsRepository and ResultsMapper.
2025-04-02 20:29:30.648 [restartedMain] INFO  c.e.s.c.c.ProcessingResponseCacheHandler - Scheduled cache cleanup task with cron expression: 0 0 3 * * ?
2025-04-02 20:29:30.723 [restartedMain] INFO  c.e.s.c.e.DatabasePropertySourceAdder - ContextRefreshedEvent received. Adding DatabasePropertySource to environment.
2025-04-02 20:29:30.724 [restartedMain] INFO  c.e.s.c.e.DatabasePropertySource - Initializing DatabasePropertySource: Loading properties from database...
2025-04-02 20:29:30.763 [restartedMain] INFO  c.e.s.c.e.DatabasePropertySource - Loaded 1 properties from database into DatabasePropertySource cache.
2025-04-02 20:29:30.764 [restartedMain] INFO  c.e.s.c.e.DatabasePropertySourceAdder - Successfully added DatabasePropertySource to environment.
2025-04-02 20:29:30.766 [restartedMain] INFO  c.e.s.SatellitePlatformApplication - Started SatellitePlatformApplication in 7.29 seconds (process running for 427.435)
2025-04-02 20:29:30.785 [restartedMain] DEBUG c.e.s.m.u.config.DataInitializer - Admin user(s) already exist. Skipping initial admin creation.
2025-04-02 20:29:32.554 [restartedMain] INFO  c.e.s.SatellitePlatformApplication - Starting SatellitePlatformApplication using Java 17.0.12 with PID 18380 (C:\Users\HP\Desktop\login-sigin spring boot backend\Satellite_Platform_Application\target\classes started by HP in C:\Users\HP\Desktop\login-sigin spring boot backend\Satellite_Platform_Application)
2025-04-02 20:29:32.556 [restartedMain] DEBUG c.e.s.SatellitePlatformApplication - Running with Spring Boot v3.3.10, Spring v6.1.18
2025-04-02 20:29:32.556 [restartedMain] INFO  c.e.s.SatellitePlatformApplication - No active profile set, falling back to 1 default profile: "default"
2025-04-02 20:29:34.417 [restartedMain] INFO  c.e.s.config.JwtConfig - JWT Secret: N5xG1aT7q8v2Hq1K3rJ6bC9m5W+Pq2L7Jz9P4w==
2025-04-02 20:29:34.417 [restartedMain] INFO  c.e.s.config.JwtConfig - JWT Expiration: 86400000
2025-04-02 20:29:34.444 [restartedMain] INFO  c.e.s.config.MongoConfig - Creating MongoClient bean with URI from environment...
2025-04-02 20:29:34.445 [restartedMain] DEBUG c.e.s.config.MongoConfig - MongoClient created for URI: mongodb://localhost:27017/satellite_platform
2025-04-02 20:29:34.743 [restartedMain] DEBUG c.e.s.m.u.s.J.JwtAuthenticationFilter - Filter 'jwtAuthenticationFilter' configured for use
2025-04-02 20:29:35.089 [restartedMain] INFO  c.e.s.m.u.a.services.AuditLogService - Audit log path initialized to: C:\logs\audit.log
2025-04-02 20:29:39.360 [restartedMain] INFO  c.e.s.c.c.ProcessingResponseCacheHandler - ProcessingResponseCacheHandler initialized with ResultsRepository and ResultsMapper.
2025-04-02 20:29:39.363 [restartedMain] INFO  c.e.s.c.c.ProcessingResponseCacheHandler - Scheduled cache cleanup task with cron expression: 0 0 3 * * ?
2025-04-02 20:29:39.456 [restartedMain] INFO  c.e.s.c.e.DatabasePropertySourceAdder - ContextRefreshedEvent received. Adding DatabasePropertySource to environment.
2025-04-02 20:29:39.456 [restartedMain] INFO  c.e.s.c.e.DatabasePropertySource - Initializing DatabasePropertySource: Loading properties from database...
2025-04-02 20:29:39.467 [restartedMain] INFO  c.e.s.c.e.DatabasePropertySource - Loaded 1 properties from database into DatabasePropertySource cache.
2025-04-02 20:29:39.468 [restartedMain] INFO  c.e.s.c.e.DatabasePropertySourceAdder - Successfully added DatabasePropertySource to environment.
2025-04-02 20:29:39.470 [restartedMain] INFO  c.e.s.SatellitePlatformApplication - Started SatellitePlatformApplication in 7.179 seconds (process running for 436.139)
2025-04-02 20:29:39.494 [restartedMain] DEBUG c.e.s.m.u.config.DataInitializer - Admin user(s) already exist. Skipping initial admin creation.
2025-04-02 20:30:11.802 [restartedMain] INFO  c.e.s.SatellitePlatformApplication - Starting SatellitePlatformApplication using Java 17.0.12 with PID 18380 (C:\Users\HP\Desktop\login-sigin spring boot backend\Satellite_Platform_Application\target\classes started by HP in C:\Users\HP\Desktop\login-sigin spring boot backend\Satellite_Platform_Application)
2025-04-02 20:30:11.803 [restartedMain] DEBUG c.e.s.SatellitePlatformApplication - Running with Spring Boot v3.3.10, Spring v6.1.18
2025-04-02 20:30:11.803 [restartedMain] INFO  c.e.s.SatellitePlatformApplication - No active profile set, falling back to 1 default profile: "default"
2025-04-02 20:30:13.254 [restartedMain] INFO  c.e.s.config.JwtConfig - JWT Secret: N5xG1aT7q8v2Hq1K3rJ6bC9m5W+Pq2L7Jz9P4w==
2025-04-02 20:30:13.254 [restartedMain] INFO  c.e.s.config.JwtConfig - JWT Expiration: 86400000
2025-04-02 20:30:13.279 [restartedMain] INFO  c.e.s.config.MongoConfig - Creating MongoClient bean with URI from environment...
2025-04-02 20:30:13.280 [restartedMain] DEBUG c.e.s.config.MongoConfig - MongoClient created for URI: mongodb://localhost:27017/satellite_platform
2025-04-02 20:30:13.602 [restartedMain] DEBUG c.e.s.m.u.s.J.JwtAuthenticationFilter - Filter 'jwtAuthenticationFilter' configured for use
2025-04-02 20:30:13.904 [restartedMain] INFO  c.e.s.m.u.a.services.AuditLogService - Audit log path initialized to: C:\logs\audit.log
2025-04-02 20:30:17.855 [restartedMain] INFO  c.e.s.c.c.ProcessingResponseCacheHandler - ProcessingResponseCacheHandler initialized with ResultsRepository and ResultsMapper.
2025-04-02 20:30:17.857 [restartedMain] INFO  c.e.s.c.c.ProcessingResponseCacheHandler - Scheduled cache cleanup task with cron expression: 0 0 3 * * ?
2025-04-02 20:30:17.928 [restartedMain] INFO  c.e.s.c.e.DatabasePropertySourceAdder - ContextRefreshedEvent received. Adding DatabasePropertySource to environment.
2025-04-02 20:30:17.929 [restartedMain] INFO  c.e.s.c.e.DatabasePropertySource - Initializing DatabasePropertySource: Loading properties from database...
2025-04-02 20:30:17.937 [restartedMain] INFO  c.e.s.c.e.DatabasePropertySource - Loaded 1 properties from database into DatabasePropertySource cache.
2025-04-02 20:30:17.937 [restartedMain] INFO  c.e.s.c.e.DatabasePropertySourceAdder - Successfully added DatabasePropertySource to environment.
2025-04-02 20:30:17.939 [restartedMain] INFO  c.e.s.SatellitePlatformApplication - Started SatellitePlatformApplication in 6.359 seconds (process running for 474.609)
2025-04-02 20:30:17.957 [restartedMain] DEBUG c.e.s.m.u.config.DataInitializer - Admin user(s) already exist. Skipping initial admin creation.
2025-04-02 20:30:19.866 [restartedMain] INFO  c.e.s.SatellitePlatformApplication - Starting SatellitePlatformApplication using Java 17.0.12 with PID 18380 (C:\Users\HP\Desktop\login-sigin spring boot backend\Satellite_Platform_Application\target\classes started by HP in C:\Users\HP\Desktop\login-sigin spring boot backend\Satellite_Platform_Application)
2025-04-02 20:30:19.867 [restartedMain] DEBUG c.e.s.SatellitePlatformApplication - Running with Spring Boot v3.3.10, Spring v6.1.18
2025-04-02 20:30:19.868 [restartedMain] INFO  c.e.s.SatellitePlatformApplication - No active profile set, falling back to 1 default profile: "default"
2025-04-02 20:30:21.364 [restartedMain] INFO  c.e.s.config.JwtConfig - JWT Secret: N5xG1aT7q8v2Hq1K3rJ6bC9m5W+Pq2L7Jz9P4w==
2025-04-02 20:30:21.364 [restartedMain] INFO  c.e.s.config.JwtConfig - JWT Expiration: 86400000
2025-04-02 20:30:21.398 [restartedMain] INFO  c.e.s.config.MongoConfig - Creating MongoClient bean with URI from environment...
2025-04-02 20:30:21.399 [restartedMain] DEBUG c.e.s.config.MongoConfig - MongoClient created for URI: mongodb://localhost:27017/satellite_platform
2025-04-02 20:30:21.683 [restartedMain] DEBUG c.e.s.m.u.s.J.JwtAuthenticationFilter - Filter 'jwtAuthenticationFilter' configured for use
2025-04-02 20:30:21.982 [restartedMain] INFO  c.e.s.m.u.a.services.AuditLogService - Audit log path initialized to: C:\logs\audit.log
2025-04-02 20:30:25.554 [restartedMain] INFO  c.e.s.c.c.ProcessingResponseCacheHandler - ProcessingResponseCacheHandler initialized with ResultsRepository and ResultsMapper.
2025-04-02 20:30:25.557 [restartedMain] INFO  c.e.s.c.c.ProcessingResponseCacheHandler - Scheduled cache cleanup task with cron expression: 0 0 3 * * ?
2025-04-02 20:30:25.649 [restartedMain] INFO  c.e.s.c.e.DatabasePropertySourceAdder - ContextRefreshedEvent received. Adding DatabasePropertySource to environment.
2025-04-02 20:30:25.650 [restartedMain] INFO  c.e.s.c.e.DatabasePropertySource - Initializing DatabasePropertySource: Loading properties from database...
2025-04-02 20:30:25.663 [restartedMain] INFO  c.e.s.c.e.DatabasePropertySource - Loaded 1 properties from database into DatabasePropertySource cache.
2025-04-02 20:30:25.663 [restartedMain] INFO  c.e.s.c.e.DatabasePropertySourceAdder - Successfully added DatabasePropertySource to environment.
2025-04-02 20:30:25.667 [restartedMain] INFO  c.e.s.SatellitePlatformApplication - Started SatellitePlatformApplication in 6.066 seconds (process running for 482.336)
2025-04-02 20:30:25.687 [restartedMain] DEBUG c.e.s.m.u.config.DataInitializer - Admin user(s) already exist. Skipping initial admin creation.
2025-04-02 20:30:49.410 [restartedMain] INFO  c.e.s.SatellitePlatformApplication - Starting SatellitePlatformApplication using Java 17.0.12 with PID 18380 (C:\Users\HP\Desktop\login-sigin spring boot backend\Satellite_Platform_Application\target\classes started by HP in C:\Users\HP\Desktop\login-sigin spring boot backend\Satellite_Platform_Application)
2025-04-02 20:30:49.411 [restartedMain] DEBUG c.e.s.SatellitePlatformApplication - Running with Spring Boot v3.3.10, Spring v6.1.18
2025-04-02 20:30:49.411 [restartedMain] INFO  c.e.s.SatellitePlatformApplication - No active profile set, falling back to 1 default profile: "default"
2025-04-02 20:30:50.961 [restartedMain] INFO  c.e.s.config.JwtConfig - JWT Secret: N5xG1aT7q8v2Hq1K3rJ6bC9m5W+Pq2L7Jz9P4w==
2025-04-02 20:30:50.963 [restartedMain] INFO  c.e.s.config.JwtConfig - JWT Expiration: 86400000
2025-04-02 20:30:50.995 [restartedMain] INFO  c.e.s.config.MongoConfig - Creating MongoClient bean with URI from environment...
2025-04-02 20:30:50.996 [restartedMain] DEBUG c.e.s.config.MongoConfig - MongoClient created for URI: mongodb://localhost:27017/satellite_platform
2025-04-02 20:30:51.281 [restartedMain] DEBUG c.e.s.m.u.s.J.JwtAuthenticationFilter - Filter 'jwtAuthenticationFilter' configured for use
2025-04-02 20:30:51.639 [restartedMain] INFO  c.e.s.m.u.a.services.AuditLogService - Audit log path initialized to: C:\logs\audit.log
2025-04-02 20:30:56.127 [restartedMain] INFO  c.e.s.c.c.ProcessingResponseCacheHandler - ProcessingResponseCacheHandler initialized with ResultsRepository and ResultsMapper.
2025-04-02 20:30:56.130 [restartedMain] INFO  c.e.s.c.c.ProcessingResponseCacheHandler - Scheduled cache cleanup task with cron expression: 0 0 3 * * ?
2025-04-02 20:30:56.223 [restartedMain] INFO  c.e.s.c.e.DatabasePropertySourceAdder - ContextRefreshedEvent received. Adding DatabasePropertySource to environment.
2025-04-02 20:30:56.224 [restartedMain] INFO  c.e.s.c.e.DatabasePropertySource - Initializing DatabasePropertySource: Loading properties from database...
2025-04-02 20:30:56.234 [restartedMain] INFO  c.e.s.c.e.DatabasePropertySource - Loaded 1 properties from database into DatabasePropertySource cache.
2025-04-02 20:30:56.235 [restartedMain] INFO  c.e.s.c.e.DatabasePropertySourceAdder - Successfully added DatabasePropertySource to environment.
2025-04-02 20:30:56.237 [restartedMain] INFO  c.e.s.SatellitePlatformApplication - Started SatellitePlatformApplication in 7.055 seconds (process running for 512.907)
2025-04-02 20:30:56.266 [restartedMain] DEBUG c.e.s.m.u.config.DataInitializer - Admin user(s) already exist. Skipping initial admin creation.
2025-04-02 20:30:58.066 [restartedMain] INFO  c.e.s.SatellitePlatformApplication - Starting SatellitePlatformApplication using Java 17.0.12 with PID 18380 (C:\Users\HP\Desktop\login-sigin spring boot backend\Satellite_Platform_Application\target\classes started by HP in C:\Users\HP\Desktop\login-sigin spring boot backend\Satellite_Platform_Application)
2025-04-02 20:30:58.067 [restartedMain] DEBUG c.e.s.SatellitePlatformApplication - Running with Spring Boot v3.3.10, Spring v6.1.18
2025-04-02 20:30:58.067 [restartedMain] INFO  c.e.s.SatellitePlatformApplication - No active profile set, falling back to 1 default profile: "default"
2025-04-02 20:31:00.071 [restartedMain] INFO  c.e.s.config.JwtConfig - JWT Secret: N5xG1aT7q8v2Hq1K3rJ6bC9m5W+Pq2L7Jz9P4w==
2025-04-02 20:31:00.072 [restartedMain] INFO  c.e.s.config.JwtConfig - JWT Expiration: 86400000
2025-04-02 20:31:00.116 [restartedMain] INFO  c.e.s.config.MongoConfig - Creating MongoClient bean with URI from environment...
2025-04-02 20:31:00.116 [restartedMain] DEBUG c.e.s.config.MongoConfig - MongoClient created for URI: mongodb://localhost:27017/satellite_platform
2025-04-02 20:31:00.461 [restartedMain] DEBUG c.e.s.m.u.s.J.JwtAuthenticationFilter - Filter 'jwtAuthenticationFilter' configured for use
2025-04-02 20:31:00.913 [restartedMain] INFO  c.e.s.m.u.a.services.AuditLogService - Audit log path initialized to: C:\logs\audit.log
2025-04-02 20:31:04.416 [restartedMain] INFO  c.e.s.c.c.ProcessingResponseCacheHandler - ProcessingResponseCacheHandler initialized with ResultsRepository and ResultsMapper.
2025-04-02 20:31:04.419 [restartedMain] INFO  c.e.s.c.c.ProcessingResponseCacheHandler - Scheduled cache cleanup task with cron expression: 0 0 3 * * ?
2025-04-02 20:31:04.495 [restartedMain] INFO  c.e.s.c.e.DatabasePropertySourceAdder - ContextRefreshedEvent received. Adding DatabasePropertySource to environment.
2025-04-02 20:31:04.496 [restartedMain] INFO  c.e.s.c.e.DatabasePropertySource - Initializing DatabasePropertySource: Loading properties from database...
2025-04-02 20:31:04.505 [restartedMain] INFO  c.e.s.c.e.DatabasePropertySource - Loaded 1 properties from database into DatabasePropertySource cache.
2025-04-02 20:31:04.505 [restartedMain] INFO  c.e.s.c.e.DatabasePropertySourceAdder - Successfully added DatabasePropertySource to environment.
2025-04-02 20:31:04.507 [restartedMain] INFO  c.e.s.SatellitePlatformApplication - Started SatellitePlatformApplication in 6.768 seconds (process running for 521.177)
2025-04-02 20:31:04.534 [restartedMain] DEBUG c.e.s.m.u.config.DataInitializer - Admin user(s) already exist. Skipping initial admin creation.
2025-04-02 20:31:06.339 [restartedMain] INFO  c.e.s.SatellitePlatformApplication - Starting SatellitePlatformApplication using Java 17.0.12 with PID 18380 (C:\Users\HP\Desktop\login-sigin spring boot backend\Satellite_Platform_Application\target\classes started by HP in C:\Users\HP\Desktop\login-sigin spring boot backend\Satellite_Platform_Application)
2025-04-02 20:31:06.339 [restartedMain] DEBUG c.e.s.SatellitePlatformApplication - Running with Spring Boot v3.3.10, Spring v6.1.18
2025-04-02 20:31:06.339 [restartedMain] INFO  c.e.s.SatellitePlatformApplication - No active profile set, falling back to 1 default profile: "default"
2025-04-02 20:31:08.068 [restartedMain] INFO  c.e.s.config.JwtConfig - JWT Secret: N5xG1aT7q8v2Hq1K3rJ6bC9m5W+Pq2L7Jz9P4w==
2025-04-02 20:31:08.068 [restartedMain] INFO  c.e.s.config.JwtConfig - JWT Expiration: 86400000
2025-04-02 20:31:08.093 [restartedMain] INFO  c.e.s.config.MongoConfig - Creating MongoClient bean with URI from environment...
2025-04-02 20:31:08.094 [restartedMain] DEBUG c.e.s.config.MongoConfig - MongoClient created for URI: mongodb://localhost:27017/satellite_platform
2025-04-02 20:31:08.383 [restartedMain] DEBUG c.e.s.m.u.s.J.JwtAuthenticationFilter - Filter 'jwtAuthenticationFilter' configured for use
2025-04-02 20:31:08.673 [restartedMain] INFO  c.e.s.m.u.a.services.AuditLogService - Audit log path initialized to: C:\logs\audit.log
2025-04-02 20:31:12.950 [restartedMain] INFO  c.e.s.c.c.ProcessingResponseCacheHandler - ProcessingResponseCacheHandler initialized with ResultsRepository and ResultsMapper.
2025-04-02 20:31:12.953 [restartedMain] INFO  c.e.s.c.c.ProcessingResponseCacheHandler - Scheduled cache cleanup task with cron expression: 0 0 3 * * ?
2025-04-02 20:31:13.099 [restartedMain] INFO  c.e.s.c.e.DatabasePropertySourceAdder - ContextRefreshedEvent received. Adding DatabasePropertySource to environment.
2025-04-02 20:31:13.100 [restartedMain] INFO  c.e.s.c.e.DatabasePropertySource - Initializing DatabasePropertySource: Loading properties from database...
2025-04-02 20:31:13.117 [restartedMain] INFO  c.e.s.c.e.DatabasePropertySource - Loaded 1 properties from database into DatabasePropertySource cache.
2025-04-02 20:31:13.118 [restartedMain] INFO  c.e.s.c.e.DatabasePropertySourceAdder - Successfully added DatabasePropertySource to environment.
2025-04-02 20:31:13.120 [restartedMain] INFO  c.e.s.SatellitePlatformApplication - Started SatellitePlatformApplication in 7.009 seconds (process running for 529.789)
2025-04-02 20:31:13.157 [restartedMain] DEBUG c.e.s.m.u.config.DataInitializer - Admin user(s) already exist. Skipping initial admin creation.
2025-04-02 20:31:15.464 [restartedMain] INFO  c.e.s.SatellitePlatformApplication - Starting SatellitePlatformApplication using Java 17.0.12 with PID 18380 (C:\Users\HP\Desktop\login-sigin spring boot backend\Satellite_Platform_Application\target\classes started by HP in C:\Users\HP\Desktop\login-sigin spring boot backend\Satellite_Platform_Application)
2025-04-02 20:31:15.465 [restartedMain] DEBUG c.e.s.SatellitePlatformApplication - Running with Spring Boot v3.3.10, Spring v6.1.18
2025-04-02 20:31:15.465 [restartedMain] INFO  c.e.s.SatellitePlatformApplication - No active profile set, falling back to 1 default profile: "default"
2025-04-02 20:31:17.232 [restartedMain] INFO  c.e.s.config.JwtConfig - JWT Secret: N5xG1aT7q8v2Hq1K3rJ6bC9m5W+Pq2L7Jz9P4w==
2025-04-02 20:31:17.234 [restartedMain] INFO  c.e.s.config.JwtConfig - JWT Expiration: 86400000
2025-04-02 20:31:17.257 [restartedMain] INFO  c.e.s.config.MongoConfig - Creating MongoClient bean with URI from environment...
2025-04-02 20:31:17.257 [restartedMain] DEBUG c.e.s.config.MongoConfig - MongoClient created for URI: mongodb://localhost:27017/satellite_platform
2025-04-02 20:31:17.574 [restartedMain] DEBUG c.e.s.m.u.s.J.JwtAuthenticationFilter - Filter 'jwtAuthenticationFilter' configured for use
2025-04-02 20:31:17.906 [restartedMain] INFO  c.e.s.m.u.a.services.AuditLogService - Audit log path initialized to: C:\logs\audit.log
2025-04-02 20:31:21.700 [restartedMain] INFO  c.e.s.c.c.ProcessingResponseCacheHandler - ProcessingResponseCacheHandler initialized with ResultsRepository and ResultsMapper.
2025-04-02 20:31:21.704 [restartedMain] INFO  c.e.s.c.c.ProcessingResponseCacheHandler - Scheduled cache cleanup task with cron expression: 0 0 3 * * ?
2025-04-02 20:31:21.781 [restartedMain] INFO  c.e.s.c.e.DatabasePropertySourceAdder - ContextRefreshedEvent received. Adding DatabasePropertySource to environment.
2025-04-02 20:31:21.782 [restartedMain] INFO  c.e.s.c.e.DatabasePropertySource - Initializing DatabasePropertySource: Loading properties from database...
2025-04-02 20:31:21.791 [restartedMain] INFO  c.e.s.c.e.DatabasePropertySource - Loaded 1 properties from database into DatabasePropertySource cache.
2025-04-02 20:31:21.792 [restartedMain] INFO  c.e.s.c.e.DatabasePropertySourceAdder - Successfully added DatabasePropertySource to environment.
2025-04-02 20:31:21.794 [restartedMain] INFO  c.e.s.SatellitePlatformApplication - Started SatellitePlatformApplication in 6.558 seconds (process running for 538.463)
2025-04-02 20:31:21.819 [restartedMain] DEBUG c.e.s.m.u.config.DataInitializer - Admin user(s) already exist. Skipping initial admin creation.
2025-04-02 20:31:23.672 [restartedMain] INFO  c.e.s.SatellitePlatformApplication - Starting SatellitePlatformApplication using Java 17.0.12 with PID 18380 (C:\Users\HP\Desktop\login-sigin spring boot backend\Satellite_Platform_Application\target\classes started by HP in C:\Users\HP\Desktop\login-sigin spring boot backend\Satellite_Platform_Application)
2025-04-02 20:31:23.672 [restartedMain] DEBUG c.e.s.SatellitePlatformApplication - Running with Spring Boot v3.3.10, Spring v6.1.18
2025-04-02 20:31:23.674 [restartedMain] INFO  c.e.s.SatellitePlatformApplication - No active profile set, falling back to 1 default profile: "default"
2025-04-02 20:31:25.483 [restartedMain] INFO  c.e.s.config.JwtConfig - JWT Secret: N5xG1aT7q8v2Hq1K3rJ6bC9m5W+Pq2L7Jz9P4w==
2025-04-02 20:31:25.484 [restartedMain] INFO  c.e.s.config.JwtConfig - JWT Expiration: 86400000
2025-04-02 20:31:25.522 [restartedMain] INFO  c.e.s.config.MongoConfig - Creating MongoClient bean with URI from environment...
2025-04-02 20:31:25.523 [restartedMain] DEBUG c.e.s.config.MongoConfig - MongoClient created for URI: mongodb://localhost:27017/satellite_platform
2025-04-02 20:31:25.886 [restartedMain] DEBUG c.e.s.m.u.s.J.JwtAuthenticationFilter - Filter 'jwtAuthenticationFilter' configured for use
2025-04-02 20:31:26.336 [restartedMain] INFO  c.e.s.m.u.a.services.AuditLogService - Audit log path initialized to: C:\logs\audit.log
2025-04-02 20:31:30.309 [restartedMain] INFO  c.e.s.c.c.ProcessingResponseCacheHandler - ProcessingResponseCacheHandler initialized with ResultsRepository and ResultsMapper.
2025-04-02 20:31:30.316 [restartedMain] INFO  c.e.s.c.c.ProcessingResponseCacheHandler - Scheduled cache cleanup task with cron expression: 0 0 3 * * ?
2025-04-02 20:31:30.423 [restartedMain] INFO  c.e.s.c.e.DatabasePropertySourceAdder - ContextRefreshedEvent received. Adding DatabasePropertySource to environment.
2025-04-02 20:31:30.424 [restartedMain] INFO  c.e.s.c.e.DatabasePropertySource - Initializing DatabasePropertySource: Loading properties from database...
2025-04-02 20:31:30.435 [restartedMain] INFO  c.e.s.c.e.DatabasePropertySource - Loaded 1 properties from database into DatabasePropertySource cache.
2025-04-02 20:31:30.435 [restartedMain] INFO  c.e.s.c.e.DatabasePropertySourceAdder - Successfully added DatabasePropertySource to environment.
2025-04-02 20:31:30.438 [restartedMain] INFO  c.e.s.SatellitePlatformApplication - Started SatellitePlatformApplication in 7.022 seconds (process running for 547.108)
2025-04-02 20:31:30.459 [restartedMain] DEBUG c.e.s.m.u.config.DataInitializer - Admin user(s) already exist. Skipping initial admin creation.
2025-04-02 20:31:32.300 [restartedMain] INFO  c.e.s.SatellitePlatformApplication - Starting SatellitePlatformApplication using Java 17.0.12 with PID 18380 (C:\Users\HP\Desktop\login-sigin spring boot backend\Satellite_Platform_Application\target\classes started by HP in C:\Users\HP\Desktop\login-sigin spring boot backend\Satellite_Platform_Application)
2025-04-02 20:31:32.300 [restartedMain] DEBUG c.e.s.SatellitePlatformApplication - Running with Spring Boot v3.3.10, Spring v6.1.18
2025-04-02 20:31:32.300 [restartedMain] INFO  c.e.s.SatellitePlatformApplication - No active profile set, falling back to 1 default profile: "default"
2025-04-02 20:31:34.025 [restartedMain] INFO  c.e.s.config.JwtConfig - JWT Secret: N5xG1aT7q8v2Hq1K3rJ6bC9m5W+Pq2L7Jz9P4w==
2025-04-02 20:31:34.026 [restartedMain] INFO  c.e.s.config.JwtConfig - JWT Expiration: 86400000
2025-04-02 20:31:34.086 [restartedMain] INFO  c.e.s.config.MongoConfig - Creating MongoClient bean with URI from environment...
2025-04-02 20:31:34.089 [restartedMain] DEBUG c.e.s.config.MongoConfig - MongoClient created for URI: mongodb://localhost:27017/satellite_platform
2025-04-02 20:31:34.399 [restartedMain] DEBUG c.e.s.m.u.s.J.JwtAuthenticationFilter - Filter 'jwtAuthenticationFilter' configured for use
2025-04-02 20:31:34.718 [restartedMain] INFO  c.e.s.m.u.a.services.AuditLogService - Audit log path initialized to: C:\logs\audit.log
2025-04-02 20:31:37.939 [restartedMain] INFO  c.e.s.c.c.ProcessingResponseCacheHandler - ProcessingResponseCacheHandler initialized with ResultsRepository and ResultsMapper.
2025-04-02 20:31:37.941 [restartedMain] INFO  c.e.s.c.c.ProcessingResponseCacheHandler - Scheduled cache cleanup task with cron expression: 0 0 3 * * ?
2025-04-02 20:31:38.014 [restartedMain] INFO  c.e.s.c.e.DatabasePropertySourceAdder - ContextRefreshedEvent received. Adding DatabasePropertySource to environment.
2025-04-02 20:31:38.015 [restartedMain] INFO  c.e.s.c.e.DatabasePropertySource - Initializing DatabasePropertySource: Loading properties from database...
2025-04-02 20:31:38.023 [restartedMain] INFO  c.e.s.c.e.DatabasePropertySource - Loaded 1 properties from database into DatabasePropertySource cache.
2025-04-02 20:31:38.024 [restartedMain] INFO  c.e.s.c.e.DatabasePropertySourceAdder - Successfully added DatabasePropertySource to environment.
2025-04-02 20:31:38.028 [restartedMain] INFO  c.e.s.SatellitePlatformApplication - Started SatellitePlatformApplication in 5.992 seconds (process running for 554.697)
2025-04-02 20:31:38.048 [restartedMain] DEBUG c.e.s.m.u.config.DataInitializer - Admin user(s) already exist. Skipping initial admin creation.
2025-04-02 20:31:39.761 [restartedMain] INFO  c.e.s.SatellitePlatformApplication - Starting SatellitePlatformApplication using Java 17.0.12 with PID 18380 (C:\Users\HP\Desktop\login-sigin spring boot backend\Satellite_Platform_Application\target\classes started by HP in C:\Users\HP\Desktop\login-sigin spring boot backend\Satellite_Platform_Application)
2025-04-02 20:31:39.762 [restartedMain] DEBUG c.e.s.SatellitePlatformApplication - Running with Spring Boot v3.3.10, Spring v6.1.18
2025-04-02 20:31:39.763 [restartedMain] INFO  c.e.s.SatellitePlatformApplication - No active profile set, falling back to 1 default profile: "default"
2025-04-02 20:31:41.407 [restartedMain] INFO  c.e.s.config.JwtConfig - JWT Secret: N5xG1aT7q8v2Hq1K3rJ6bC9m5W+Pq2L7Jz9P4w==
2025-04-02 20:31:41.408 [restartedMain] INFO  c.e.s.config.JwtConfig - JWT Expiration: 86400000
2025-04-02 20:31:41.449 [restartedMain] INFO  c.e.s.config.MongoConfig - Creating MongoClient bean with URI from environment...
2025-04-02 20:31:41.450 [restartedMain] DEBUG c.e.s.config.MongoConfig - MongoClient created for URI: mongodb://localhost:27017/satellite_platform
2025-04-02 20:31:41.800 [restartedMain] DEBUG c.e.s.m.u.s.J.JwtAuthenticationFilter - Filter 'jwtAuthenticationFilter' configured for use
2025-04-02 20:31:42.169 [restartedMain] INFO  c.e.s.m.u.a.services.AuditLogService - Audit log path initialized to: C:\logs\audit.log
2025-04-02 20:31:45.330 [restartedMain] INFO  c.e.s.c.c.ProcessingResponseCacheHandler - ProcessingResponseCacheHandler initialized with ResultsRepository and ResultsMapper.
2025-04-02 20:31:45.332 [restartedMain] INFO  c.e.s.c.c.ProcessingResponseCacheHandler - Scheduled cache cleanup task with cron expression: 0 0 3 * * ?
2025-04-02 20:31:45.414 [restartedMain] INFO  c.e.s.c.e.DatabasePropertySourceAdder - ContextRefreshedEvent received. Adding DatabasePropertySource to environment.
2025-04-02 20:31:45.414 [restartedMain] INFO  c.e.s.c.e.DatabasePropertySource - Initializing DatabasePropertySource: Loading properties from database...
2025-04-02 20:31:45.423 [restartedMain] INFO  c.e.s.c.e.DatabasePropertySource - Loaded 1 properties from database into DatabasePropertySource cache.
2025-04-02 20:31:45.423 [restartedMain] INFO  c.e.s.c.e.DatabasePropertySourceAdder - Successfully added DatabasePropertySource to environment.
2025-04-02 20:31:45.425 [restartedMain] INFO  c.e.s.SatellitePlatformApplication - Started SatellitePlatformApplication in 5.929 seconds (process running for 562.094)
2025-04-02 20:31:45.444 [restartedMain] DEBUG c.e.s.m.u.config.DataInitializer - Admin user(s) already exist. Skipping initial admin creation.
2025-04-02 20:35:13.406 [restartedMain] INFO  c.e.s.SatellitePlatformApplication - Starting SatellitePlatformApplication using Java 17.0.12 with PID 18380 (C:\Users\HP\Desktop\login-sigin spring boot backend\Satellite_Platform_Application\target\classes started by HP in C:\Users\HP\Desktop\login-sigin spring boot backend\Satellite_Platform_Application)
2025-04-02 20:35:13.406 [restartedMain] DEBUG c.e.s.SatellitePlatformApplication - Running with Spring Boot v3.3.10, Spring v6.1.18
2025-04-02 20:35:13.406 [restartedMain] INFO  c.e.s.SatellitePlatformApplication - No active profile set, falling back to 1 default profile: "default"
2025-04-02 20:35:15.187 [restartedMain] INFO  c.e.s.config.JwtConfig - JWT Secret: N5xG1aT7q8v2Hq1K3rJ6bC9m5W+Pq2L7Jz9P4w==
2025-04-02 20:35:15.188 [restartedMain] INFO  c.e.s.config.JwtConfig - JWT Expiration: 86400000
2025-04-02 20:35:15.221 [restartedMain] INFO  c.e.s.config.MongoConfig - Creating MongoClient bean with URI from environment...
2025-04-02 20:35:15.222 [restartedMain] DEBUG c.e.s.config.MongoConfig - MongoClient created for URI: mongodb://localhost:27017/satellite_platform
2025-04-02 20:35:15.540 [restartedMain] DEBUG c.e.s.m.u.s.J.JwtAuthenticationFilter - Filter 'jwtAuthenticationFilter' configured for use
2025-04-02 20:35:15.877 [restartedMain] INFO  c.e.s.m.u.a.services.AuditLogService - Audit log path initialized to: C:\logs\audit.log
2025-04-02 20:35:22.005 [restartedMain] INFO  c.e.s.c.c.ProcessingResponseCacheHandler - ProcessingResponseCacheHandler initialized with ResultsRepository and ResultsMapper.
2025-04-02 20:35:22.008 [restartedMain] INFO  c.e.s.c.c.ProcessingResponseCacheHandler - Scheduled cache cleanup task with cron expression: 0 0 3 * * ?
2025-04-02 20:35:22.093 [restartedMain] INFO  c.e.s.c.e.DatabasePropertySourceAdder - ContextRefreshedEvent received. Adding DatabasePropertySource to environment.
2025-04-02 20:35:22.094 [restartedMain] INFO  c.e.s.c.e.DatabasePropertySource - Initializing DatabasePropertySource: Loading properties from database...
2025-04-02 20:35:22.106 [restartedMain] INFO  c.e.s.c.e.DatabasePropertySource - Loaded 1 properties from database into DatabasePropertySource cache.
2025-04-02 20:35:22.107 [restartedMain] INFO  c.e.s.c.e.DatabasePropertySourceAdder - Successfully added DatabasePropertySource to environment.
2025-04-02 20:35:22.109 [restartedMain] INFO  c.e.s.SatellitePlatformApplication - Started SatellitePlatformApplication in 8.948 seconds (process running for 778.778)
2025-04-02 20:35:22.127 [restartedMain] DEBUG c.e.s.m.u.config.DataInitializer - Admin user(s) already exist. Skipping initial admin creation.
2025-04-02 20:35:23.909 [restartedMain] INFO  c.e.s.SatellitePlatformApplication - Starting SatellitePlatformApplication using Java 17.0.12 with PID 18380 (C:\Users\HP\Desktop\login-sigin spring boot backend\Satellite_Platform_Application\target\classes started by HP in C:\Users\HP\Desktop\login-sigin spring boot backend\Satellite_Platform_Application)
2025-04-02 20:35:23.910 [restartedMain] DEBUG c.e.s.SatellitePlatformApplication - Running with Spring Boot v3.3.10, Spring v6.1.18
2025-04-02 20:35:23.910 [restartedMain] INFO  c.e.s.SatellitePlatformApplication - No active profile set, falling back to 1 default profile: "default"
2025-04-02 20:35:25.812 [restartedMain] INFO  c.e.s.config.JwtConfig - JWT Secret: N5xG1aT7q8v2Hq1K3rJ6bC9m5W+Pq2L7Jz9P4w==
2025-04-02 20:35:25.812 [restartedMain] INFO  c.e.s.config.JwtConfig - JWT Expiration: 86400000
2025-04-02 20:35:25.842 [restartedMain] INFO  c.e.s.config.MongoConfig - Creating MongoClient bean with URI from environment...
2025-04-02 20:35:25.843 [restartedMain] DEBUG c.e.s.config.MongoConfig - MongoClient created for URI: mongodb://localhost:27017/satellite_platform
2025-04-02 20:35:26.154 [restartedMain] DEBUG c.e.s.m.u.s.J.JwtAuthenticationFilter - Filter 'jwtAuthenticationFilter' configured for use
2025-04-02 20:35:26.543 [restartedMain] INFO  c.e.s.m.u.a.services.AuditLogService - Audit log path initialized to: C:\logs\audit.log
2025-04-02 20:35:29.989 [restartedMain] INFO  c.e.s.c.c.ProcessingResponseCacheHandler - ProcessingResponseCacheHandler initialized with ResultsRepository and ResultsMapper.
2025-04-02 20:35:29.992 [restartedMain] INFO  c.e.s.c.c.ProcessingResponseCacheHandler - Scheduled cache cleanup task with cron expression: 0 0 3 * * ?
2025-04-02 20:35:30.081 [restartedMain] INFO  c.e.s.c.e.DatabasePropertySourceAdder - ContextRefreshedEvent received. Adding DatabasePropertySource to environment.
2025-04-02 20:35:30.082 [restartedMain] INFO  c.e.s.c.e.DatabasePropertySource - Initializing DatabasePropertySource: Loading properties from database...
2025-04-02 20:35:30.091 [restartedMain] INFO  c.e.s.c.e.DatabasePropertySource - Loaded 1 properties from database into DatabasePropertySource cache.
2025-04-02 20:35:30.092 [restartedMain] INFO  c.e.s.c.e.DatabasePropertySourceAdder - Successfully added DatabasePropertySource to environment.
2025-04-02 20:35:30.094 [restartedMain] INFO  c.e.s.SatellitePlatformApplication - Started SatellitePlatformApplication in 6.458 seconds (process running for 786.764)
2025-04-02 20:35:30.114 [restartedMain] DEBUG c.e.s.m.u.config.DataInitializer - Admin user(s) already exist. Skipping initial admin creation.
2025-04-02 20:35:31.809 [restartedMain] INFO  c.e.s.SatellitePlatformApplication - Starting SatellitePlatformApplication using Java 17.0.12 with PID 18380 (C:\Users\HP\Desktop\login-sigin spring boot backend\Satellite_Platform_Application\target\classes started by HP in C:\Users\HP\Desktop\login-sigin spring boot backend\Satellite_Platform_Application)
2025-04-02 20:35:31.809 [restartedMain] DEBUG c.e.s.SatellitePlatformApplication - Running with Spring Boot v3.3.10, Spring v6.1.18
2025-04-02 20:35:31.809 [restartedMain] INFO  c.e.s.SatellitePlatformApplication - No active profile set, falling back to 1 default profile: "default"
2025-04-02 20:35:33.500 [restartedMain] INFO  c.e.s.config.JwtConfig - JWT Secret: N5xG1aT7q8v2Hq1K3rJ6bC9m5W+Pq2L7Jz9P4w==
2025-04-02 20:35:33.500 [restartedMain] INFO  c.e.s.config.JwtConfig - JWT Expiration: 86400000
2025-04-02 20:35:33.531 [restartedMain] INFO  c.e.s.config.MongoConfig - Creating MongoClient bean with URI from environment...
2025-04-02 20:35:33.532 [restartedMain] DEBUG c.e.s.config.MongoConfig - MongoClient created for URI: mongodb://localhost:27017/satellite_platform
2025-04-02 20:35:33.898 [restartedMain] DEBUG c.e.s.m.u.s.J.JwtAuthenticationFilter - Filter 'jwtAuthenticationFilter' configured for use
2025-04-02 20:35:34.367 [restartedMain] INFO  c.e.s.m.u.a.services.AuditLogService - Audit log path initialized to: C:\logs\audit.log
2025-04-02 20:35:39.449 [restartedMain] INFO  c.e.s.c.c.ProcessingResponseCacheHandler - ProcessingResponseCacheHandler initialized with ResultsRepository and ResultsMapper.
2025-04-02 20:35:39.452 [restartedMain] INFO  c.e.s.c.c.ProcessingResponseCacheHandler - Scheduled cache cleanup task with cron expression: 0 0 3 * * ?
2025-04-02 20:35:39.533 [restartedMain] INFO  c.e.s.c.e.DatabasePropertySourceAdder - ContextRefreshedEvent received. Adding DatabasePropertySource to environment.
2025-04-02 20:35:39.534 [restartedMain] INFO  c.e.s.c.e.DatabasePropertySource - Initializing DatabasePropertySource: Loading properties from database...
2025-04-02 20:35:39.544 [restartedMain] INFO  c.e.s.c.e.DatabasePropertySource - Loaded 1 properties from database into DatabasePropertySource cache.
2025-04-02 20:35:39.545 [restartedMain] INFO  c.e.s.c.e.DatabasePropertySourceAdder - Successfully added DatabasePropertySource to environment.
2025-04-02 20:35:39.548 [restartedMain] INFO  c.e.s.SatellitePlatformApplication - Started SatellitePlatformApplication in 7.972 seconds (process running for 796.217)
2025-04-02 20:35:39.567 [restartedMain] DEBUG c.e.s.m.u.config.DataInitializer - Admin user(s) already exist. Skipping initial admin creation.
2025-04-02 20:35:41.417 [restartedMain] INFO  c.e.s.SatellitePlatformApplication - Starting SatellitePlatformApplication using Java 17.0.12 with PID 18380 (C:\Users\HP\Desktop\login-sigin spring boot backend\Satellite_Platform_Application\target\classes started by HP in C:\Users\HP\Desktop\login-sigin spring boot backend\Satellite_Platform_Application)
2025-04-02 20:35:41.418 [restartedMain] DEBUG c.e.s.SatellitePlatformApplication - Running with Spring Boot v3.3.10, Spring v6.1.18
2025-04-02 20:35:41.419 [restartedMain] INFO  c.e.s.SatellitePlatformApplication - No active profile set, falling back to 1 default profile: "default"
2025-04-02 20:35:43.082 [restartedMain] INFO  c.e.s.config.JwtConfig - JWT Secret: N5xG1aT7q8v2Hq1K3rJ6bC9m5W+Pq2L7Jz9P4w==
2025-04-02 20:35:43.083 [restartedMain] INFO  c.e.s.config.JwtConfig - JWT Expiration: 86400000
2025-04-02 20:35:43.126 [restartedMain] INFO  c.e.s.config.MongoConfig - Creating MongoClient bean with URI from environment...
2025-04-02 20:35:43.126 [restartedMain] DEBUG c.e.s.config.MongoConfig - MongoClient created for URI: mongodb://localhost:27017/satellite_platform
2025-04-02 20:35:43.490 [restartedMain] DEBUG c.e.s.m.u.s.J.JwtAuthenticationFilter - Filter 'jwtAuthenticationFilter' configured for use
2025-04-02 20:35:43.902 [restartedMain] INFO  c.e.s.m.u.a.services.AuditLogService - Audit log path initialized to: C:\logs\audit.log
2025-04-02 20:35:50.776 [restartedMain] INFO  c.e.s.c.c.ProcessingResponseCacheHandler - ProcessingResponseCacheHandler initialized with ResultsRepository and ResultsMapper.
2025-04-02 20:35:50.781 [restartedMain] INFO  c.e.s.c.c.ProcessingResponseCacheHandler - Scheduled cache cleanup task with cron expression: 0 0 3 * * ?
2025-04-02 20:35:50.981 [restartedMain] INFO  c.e.s.c.e.DatabasePropertySourceAdder - ContextRefreshedEvent received. Adding DatabasePropertySource to environment.
2025-04-02 20:35:50.982 [restartedMain] INFO  c.e.s.c.e.DatabasePropertySource - Initializing DatabasePropertySource: Loading properties from database...
2025-04-02 20:35:51.010 [restartedMain] INFO  c.e.s.c.e.DatabasePropertySource - Loaded 1 properties from database into DatabasePropertySource cache.
2025-04-02 20:35:51.011 [restartedMain] INFO  c.e.s.c.e.DatabasePropertySourceAdder - Successfully added DatabasePropertySource to environment.
2025-04-02 20:35:51.013 [restartedMain] INFO  c.e.s.SatellitePlatformApplication - Started SatellitePlatformApplication in 9.904 seconds (process running for 807.682)
2025-04-02 20:35:51.068 [restartedMain] DEBUG c.e.s.m.u.config.DataInitializer - Admin user(s) already exist. Skipping initial admin creation.
2025-04-02 20:41:34.602 [restartedMain] INFO  c.e.s.SatellitePlatformApplication - Starting SatellitePlatformApplication using Java 17.0.12 with PID 18380 (C:\Users\HP\Desktop\login-sigin spring boot backend\Satellite_Platform_Application\target\classes started by HP in C:\Users\HP\Desktop\login-sigin spring boot backend\Satellite_Platform_Application)
2025-04-02 20:41:34.603 [restartedMain] DEBUG c.e.s.SatellitePlatformApplication - Running with Spring Boot v3.3.10, Spring v6.1.18
2025-04-02 20:41:34.604 [restartedMain] INFO  c.e.s.SatellitePlatformApplication - No active profile set, falling back to 1 default profile: "default"
2025-04-02 20:41:39.630 [restartedMain] INFO  c.e.s.config.JwtConfig - JWT Secret: N5xG1aT7q8v2Hq1K3rJ6bC9m5W+Pq2L7Jz9P4w==
2025-04-02 20:41:39.632 [restartedMain] INFO  c.e.s.config.JwtConfig - JWT Expiration: 86400000
2025-04-02 20:41:39.706 [restartedMain] INFO  c.e.s.config.MongoConfig - Creating MongoClient bean with URI from environment...
2025-04-02 20:41:39.709 [restartedMain] DEBUG c.e.s.config.MongoConfig - MongoClient created for URI: mongodb://localhost:27017/satellite_platform
2025-04-02 20:41:40.566 [restartedMain] DEBUG c.e.s.m.u.s.J.JwtAuthenticationFilter - Filter 'jwtAuthenticationFilter' configured for use
2025-04-02 20:41:41.559 [restartedMain] INFO  c.e.s.m.u.a.services.AuditLogService - Audit log path initialized to: C:\logs\audit.log
2025-04-02 20:41:51.820 [restartedMain] INFO  c.e.s.c.c.ProcessingResponseCacheHandler - ProcessingResponseCacheHandler initialized with ResultsRepository and ResultsMapper.
2025-04-02 20:41:51.825 [restartedMain] INFO  c.e.s.c.c.ProcessingResponseCacheHandler - Scheduled cache cleanup task with cron expression: 0 0 3 * * ?
2025-04-02 20:41:52.040 [restartedMain] INFO  c.e.s.c.e.DatabasePropertySourceAdder - ContextRefreshedEvent received. Adding DatabasePropertySource to environment.
2025-04-02 20:41:52.041 [restartedMain] INFO  c.e.s.c.e.DatabasePropertySource - Initializing DatabasePropertySource: Loading properties from database...
2025-04-02 20:41:52.070 [restartedMain] INFO  c.e.s.c.e.DatabasePropertySource - Loaded 1 properties from database into DatabasePropertySource cache.
2025-04-02 20:41:52.072 [restartedMain] INFO  c.e.s.c.e.DatabasePropertySourceAdder - Successfully added DatabasePropertySource to environment.
2025-04-02 20:41:52.075 [restartedMain] INFO  c.e.s.SatellitePlatformApplication - Started SatellitePlatformApplication in 17.772 seconds (process running for 1168.745)
2025-04-02 20:41:52.125 [restartedMain] DEBUG c.e.s.m.u.config.DataInitializer - Admin user(s) already exist. Skipping initial admin creation.
2025-04-02 20:41:54.892 [restartedMain] INFO  c.e.s.SatellitePlatformApplication - Starting SatellitePlatformApplication using Java 17.0.12 with PID 18380 (C:\Users\HP\Desktop\login-sigin spring boot backend\Satellite_Platform_Application\target\classes started by HP in C:\Users\HP\Desktop\login-sigin spring boot backend\Satellite_Platform_Application)
2025-04-02 20:41:54.893 [restartedMain] DEBUG c.e.s.SatellitePlatformApplication - Running with Spring Boot v3.3.10, Spring v6.1.18
2025-04-02 20:41:54.895 [restartedMain] INFO  c.e.s.SatellitePlatformApplication - No active profile set, falling back to 1 default profile: "default"
2025-04-02 20:42:00.540 [restartedMain] INFO  c.e.s.config.JwtConfig - JWT Secret: N5xG1aT7q8v2Hq1K3rJ6bC9m5W+Pq2L7Jz9P4w==
2025-04-02 20:42:00.542 [restartedMain] INFO  c.e.s.config.JwtConfig - JWT Expiration: 86400000
2025-04-02 20:42:00.634 [restartedMain] INFO  c.e.s.config.MongoConfig - Creating MongoClient bean with URI from environment...
2025-04-02 20:42:00.636 [restartedMain] DEBUG c.e.s.config.MongoConfig - MongoClient created for URI: mongodb://localhost:27017/satellite_platform
2025-04-02 20:42:01.589 [restartedMain] DEBUG c.e.s.m.u.s.J.JwtAuthenticationFilter - Filter 'jwtAuthenticationFilter' configured for use
2025-04-02 20:42:05.520 [restartedMain] INFO  c.e.s.SatellitePlatformApplication - Starting SatellitePlatformApplication using Java 17.0.12 with PID 18380 (C:\Users\HP\Desktop\login-sigin spring boot backend\Satellite_Platform_Application\target\classes started by HP in C:\Users\HP\Desktop\login-sigin spring boot backend\Satellite_Platform_Application)
2025-04-02 20:42:05.521 [restartedMain] DEBUG c.e.s.SatellitePlatformApplication - Running with Spring Boot v3.3.10, Spring v6.1.18
2025-04-02 20:42:05.521 [restartedMain] INFO  c.e.s.SatellitePlatformApplication - No active profile set, falling back to 1 default profile: "default"
2025-04-02 20:42:10.727 [restartedMain] INFO  c.e.s.config.JwtConfig - JWT Secret: N5xG1aT7q8v2Hq1K3rJ6bC9m5W+Pq2L7Jz9P4w==
2025-04-02 20:42:10.729 [restartedMain] INFO  c.e.s.config.JwtConfig - JWT Expiration: 86400000
2025-04-02 20:42:10.842 [restartedMain] INFO  c.e.s.config.MongoConfig - Creating MongoClient bean with URI from environment...
2025-04-02 20:42:10.846 [restartedMain] DEBUG c.e.s.config.MongoConfig - MongoClient created for URI: mongodb://localhost:27017/satellite_platform
2025-04-02 20:42:11.831 [restartedMain] DEBUG c.e.s.m.u.s.J.JwtAuthenticationFilter - Filter 'jwtAuthenticationFilter' configured for use
2025-04-02 20:42:12.746 [restartedMain] INFO  c.e.s.m.u.a.services.AuditLogService - Audit log path initialized to: C:\logs\audit.log
2025-04-02 20:42:22.621 [restartedMain] INFO  c.e.s.SatellitePlatformApplication - Starting SatellitePlatformApplication using Java 17.0.12 with PID 18380 (C:\Users\HP\Desktop\login-sigin spring boot backend\Satellite_Platform_Application\target\classes started by HP in C:\Users\HP\Desktop\login-sigin spring boot backend\Satellite_Platform_Application)
2025-04-02 20:42:22.622 [restartedMain] DEBUG c.e.s.SatellitePlatformApplication - Running with Spring Boot v3.3.10, Spring v6.1.18
2025-04-02 20:42:22.622 [restartedMain] INFO  c.e.s.SatellitePlatformApplication - No active profile set, falling back to 1 default profile: "default"
2025-04-02 20:42:27.560 [restartedMain] INFO  c.e.s.config.JwtConfig - JWT Secret: N5xG1aT7q8v2Hq1K3rJ6bC9m5W+Pq2L7Jz9P4w==
2025-04-02 20:42:27.562 [restartedMain] INFO  c.e.s.config.JwtConfig - JWT Expiration: 86400000
2025-04-02 20:42:27.631 [restartedMain] INFO  c.e.s.config.MongoConfig - Creating MongoClient bean with URI from environment...
2025-04-02 20:42:27.634 [restartedMain] DEBUG c.e.s.config.MongoConfig - MongoClient created for URI: mongodb://localhost:27017/satellite_platform
2025-04-02 20:42:28.537 [restartedMain] DEBUG c.e.s.m.u.s.J.JwtAuthenticationFilter - Filter 'jwtAuthenticationFilter' configured for use
2025-04-02 20:42:29.407 [restartedMain] INFO  c.e.s.m.u.a.services.AuditLogService - Audit log path initialized to: C:\logs\audit.log
2025-04-02 20:43:09.223 [restartedMain] INFO  c.e.s.SatellitePlatformApplication - Starting SatellitePlatformApplication using Java 17.0.12 with PID 18380 (C:\Users\HP\Desktop\login-sigin spring boot backend\Satellite_Platform_Application\target\classes started by HP in C:\Users\HP\Desktop\login-sigin spring boot backend\Satellite_Platform_Application)
2025-04-02 20:43:09.224 [restartedMain] DEBUG c.e.s.SatellitePlatformApplication - Running with Spring Boot v3.3.10, Spring v6.1.18
2025-04-02 20:43:09.224 [restartedMain] INFO  c.e.s.SatellitePlatformApplication - No active profile set, falling back to 1 default profile: "default"
2025-04-02 20:43:14.180 [restartedMain] INFO  c.e.s.config.JwtConfig - JWT Secret: N5xG1aT7q8v2Hq1K3rJ6bC9m5W+Pq2L7Jz9P4w==
2025-04-02 20:43:14.182 [restartedMain] INFO  c.e.s.config.JwtConfig - JWT Expiration: 86400000
2025-04-02 20:43:14.264 [restartedMain] INFO  c.e.s.config.MongoConfig - Creating MongoClient bean with URI from environment...
2025-04-02 20:43:14.267 [restartedMain] DEBUG c.e.s.config.MongoConfig - MongoClient created for URI: mongodb://localhost:27017/satellite_platform
2025-04-02 20:43:15.212 [restartedMain] DEBUG c.e.s.m.u.s.J.JwtAuthenticationFilter - Filter 'jwtAuthenticationFilter' configured for use
2025-04-02 20:43:16.290 [restartedMain] INFO  c.e.s.m.u.a.services.AuditLogService - Audit log path initialized to: C:\logs\audit.log
2025-04-02 20:43:27.375 [restartedMain] INFO  c.e.s.SatellitePlatformApplication - Starting SatellitePlatformApplication using Java 17.0.12 with PID 18380 (C:\Users\HP\Desktop\login-sigin spring boot backend\Satellite_Platform_Application\target\classes started by HP in C:\Users\HP\Desktop\login-sigin spring boot backend\Satellite_Platform_Application)
2025-04-02 20:43:27.377 [restartedMain] DEBUG c.e.s.SatellitePlatformApplication - Running with Spring Boot v3.3.10, Spring v6.1.18
2025-04-02 20:43:27.378 [restartedMain] INFO  c.e.s.SatellitePlatformApplication - No active profile set, falling back to 1 default profile: "default"
2025-04-02 20:43:32.532 [restartedMain] INFO  c.e.s.config.JwtConfig - JWT Secret: N5xG1aT7q8v2Hq1K3rJ6bC9m5W+Pq2L7Jz9P4w==
2025-04-02 20:43:32.533 [restartedMain] INFO  c.e.s.config.JwtConfig - JWT Expiration: 86400000
2025-04-02 20:43:32.632 [restartedMain] INFO  c.e.s.config.MongoConfig - Creating MongoClient bean with URI from environment...
2025-04-02 20:43:32.635 [restartedMain] DEBUG c.e.s.config.MongoConfig - MongoClient created for URI: mongodb://localhost:27017/satellite_platform
2025-04-02 20:43:33.606 [restartedMain] DEBUG c.e.s.m.u.s.J.JwtAuthenticationFilter - Filter 'jwtAuthenticationFilter' configured for use
2025-04-02 20:43:34.628 [restartedMain] INFO  c.e.s.m.u.a.services.AuditLogService - Audit log path initialized to: C:\logs\audit.log
2025-04-02 20:44:15.850 [restartedMain] INFO  c.e.s.SatellitePlatformApplication - Starting SatellitePlatformApplication using Java 17.0.12 with PID 18380 (C:\Users\HP\Desktop\login-sigin spring boot backend\Satellite_Platform_Application\target\classes started by HP in C:\Users\HP\Desktop\login-sigin spring boot backend\Satellite_Platform_Application)
2025-04-02 20:44:15.851 [restartedMain] DEBUG c.e.s.SatellitePlatformApplication - Running with Spring Boot v3.3.10, Spring v6.1.18
2025-04-02 20:44:15.851 [restartedMain] INFO  c.e.s.SatellitePlatformApplication - No active profile set, falling back to 1 default profile: "default"
2025-04-02 20:44:21.351 [restartedMain] INFO  c.e.s.config.JwtConfig - JWT Secret: N5xG1aT7q8v2Hq1K3rJ6bC9m5W+Pq2L7Jz9P4w==
2025-04-02 20:44:21.352 [restartedMain] INFO  c.e.s.config.JwtConfig - JWT Expiration: 86400000
2025-04-02 20:44:21.458 [restartedMain] INFO  c.e.s.config.MongoConfig - Creating MongoClient bean with URI from environment...
2025-04-02 20:44:21.461 [restartedMain] DEBUG c.e.s.config.MongoConfig - MongoClient created for URI: mongodb://localhost:27017/satellite_platform
2025-04-02 20:44:22.253 [restartedMain] DEBUG c.e.s.m.u.s.J.JwtAuthenticationFilter - Filter 'jwtAuthenticationFilter' configured for use
2025-04-02 20:44:23.142 [restartedMain] INFO  c.e.s.m.u.a.services.AuditLogService - Audit log path initialized to: C:\logs\audit.log
2025-04-02 20:44:58.204 [restartedMain] INFO  c.e.s.SatellitePlatformApplication - Starting SatellitePlatformApplication using Java 17.0.12 with PID 18380 (C:\Users\HP\Desktop\login-sigin spring boot backend\Satellite_Platform_Application\target\classes started by HP in C:\Users\HP\Desktop\login-sigin spring boot backend\Satellite_Platform_Application)
2025-04-02 20:44:58.205 [restartedMain] DEBUG c.e.s.SatellitePlatformApplication - Running with Spring Boot v3.3.10, Spring v6.1.18
2025-04-02 20:44:58.207 [restartedMain] INFO  c.e.s.SatellitePlatformApplication - No active profile set, falling back to 1 default profile: "default"
2025-04-02 20:45:05.597 [restartedMain] INFO  c.e.s.config.JwtConfig - JWT Secret: N5xG1aT7q8v2Hq1K3rJ6bC9m5W+Pq2L7Jz9P4w==
2025-04-02 20:45:05.599 [restartedMain] INFO  c.e.s.config.JwtConfig - JWT Expiration: 86400000
2025-04-02 20:45:05.700 [restartedMain] INFO  c.e.s.config.MongoConfig - Creating MongoClient bean with URI from environment...
2025-04-02 20:45:05.702 [restartedMain] DEBUG c.e.s.config.MongoConfig - MongoClient created for URI: mongodb://localhost:27017/satellite_platform
2025-04-02 20:45:07.105 [restartedMain] DEBUG c.e.s.m.u.s.J.JwtAuthenticationFilter - Filter 'jwtAuthenticationFilter' configured for use
2025-04-02 20:45:08.572 [restartedMain] INFO  c.e.s.m.u.a.services.AuditLogService - Audit log path initialized to: C:\logs\audit.log
2025-04-02 20:46:28.552 [restartedMain] INFO  c.e.s.SatellitePlatformApplication - Starting SatellitePlatformApplication using Java 17.0.12 with PID 18380 (C:\Users\HP\Desktop\login-sigin spring boot backend\Satellite_Platform_Application\target\classes started by HP in C:\Users\HP\Desktop\login-sigin spring boot backend\Satellite_Platform_Application)
2025-04-02 20:46:28.554 [restartedMain] DEBUG c.e.s.SatellitePlatformApplication - Running with Spring Boot v3.3.10, Spring v6.1.18
2025-04-02 20:46:28.555 [restartedMain] INFO  c.e.s.SatellitePlatformApplication - No active profile set, falling back to 1 default profile: "default"
2025-04-02 20:46:36.741 [restartedMain] INFO  c.e.s.config.JwtConfig - JWT Secret: N5xG1aT7q8v2Hq1K3rJ6bC9m5W+Pq2L7Jz9P4w==
2025-04-02 20:46:36.743 [restartedMain] INFO  c.e.s.config.JwtConfig - JWT Expiration: 86400000
2025-04-02 20:46:36.883 [restartedMain] INFO  c.e.s.config.MongoConfig - Creating MongoClient bean with URI from environment...
2025-04-02 20:46:36.887 [restartedMain] DEBUG c.e.s.config.MongoConfig - MongoClient created for URI: mongodb://localhost:27017/satellite_platform
2025-04-02 20:46:38.362 [restartedMain] DEBUG c.e.s.m.u.s.J.JwtAuthenticationFilter - Filter 'jwtAuthenticationFilter' configured for use
2025-04-02 20:48:59.549 [restartedMain] INFO  c.e.s.SatellitePlatformApplication - Starting SatellitePlatformApplication using Java 17.0.12 with PID 18380 (C:\Users\HP\Desktop\login-sigin spring boot backend\Satellite_Platform_Application\target\classes started by HP in C:\Users\HP\Desktop\login-sigin spring boot backend\Satellite_Platform_Application)
2025-04-02 20:48:59.550 [restartedMain] DEBUG c.e.s.SatellitePlatformApplication - Running with Spring Boot v3.3.10, Spring v6.1.18
2025-04-02 20:48:59.554 [restartedMain] INFO  c.e.s.SatellitePlatformApplication - No active profile set, falling back to 1 default profile: "default"
2025-04-02 20:49:15.701 [restartedMain] INFO  c.e.s.config.JwtConfig - JWT Secret: N5xG1aT7q8v2Hq1K3rJ6bC9m5W+Pq2L7Jz9P4w==
2025-04-02 20:49:15.702 [restartedMain] INFO  c.e.s.config.JwtConfig - JWT Expiration: 86400000
2025-04-02 20:49:15.748 [restartedMain] INFO  c.e.s.config.MongoConfig - Creating MongoClient bean with URI from environment...
2025-04-02 20:49:15.750 [restartedMain] DEBUG c.e.s.config.MongoConfig - MongoClient created for URI: mongodb://localhost:27017/satellite_platform
2025-04-02 20:49:16.226 [restartedMain] DEBUG c.e.s.m.u.s.J.JwtAuthenticationFilter - Filter 'jwtAuthenticationFilter' configured for use
2025-04-02 20:49:24.423 [restartedMain] INFO  c.e.s.SatellitePlatformApplication - Starting SatellitePlatformApplication using Java 17.0.12 with PID 18380 (C:\Users\HP\Desktop\login-sigin spring boot backend\Satellite_Platform_Application\target\classes started by HP in C:\Users\HP\Desktop\login-sigin spring boot backend\Satellite_Platform_Application)
2025-04-02 20:49:24.423 [restartedMain] DEBUG c.e.s.SatellitePlatformApplication - Running with Spring Boot v3.3.10, Spring v6.1.18
2025-04-02 20:49:24.423 [restartedMain] INFO  c.e.s.SatellitePlatformApplication - No active profile set, falling back to 1 default profile: "default"
2025-04-02 20:49:26.801 [restartedMain] INFO  c.e.s.config.JwtConfig - JWT Secret: N5xG1aT7q8v2Hq1K3rJ6bC9m5W+Pq2L7Jz9P4w==
2025-04-02 20:49:26.803 [restartedMain] INFO  c.e.s.config.JwtConfig - JWT Expiration: 86400000
2025-04-02 20:49:26.853 [restartedMain] INFO  c.e.s.config.MongoConfig - Creating MongoClient bean with URI from environment...
2025-04-02 20:49:26.854 [restartedMain] DEBUG c.e.s.config.MongoConfig - MongoClient created for URI: mongodb://localhost:27017/satellite_platform
2025-04-02 20:49:27.189 [restartedMain] DEBUG c.e.s.m.u.s.J.JwtAuthenticationFilter - Filter 'jwtAuthenticationFilter' configured for use
2025-04-02 20:50:14.388 [restartedMain] INFO  c.e.s.SatellitePlatformApplication - Starting SatellitePlatformApplication using Java 17.0.12 with PID 18380 (C:\Users\HP\Desktop\login-sigin spring boot backend\Satellite_Platform_Application\target\classes started by HP in C:\Users\HP\Desktop\login-sigin spring boot backend\Satellite_Platform_Application)
2025-04-02 20:50:14.389 [restartedMain] DEBUG c.e.s.SatellitePlatformApplication - Running with Spring Boot v3.3.10, Spring v6.1.18
2025-04-02 20:50:14.389 [restartedMain] INFO  c.e.s.SatellitePlatformApplication - No active profile set, falling back to 1 default profile: "default"
2025-04-02 20:50:16.712 [restartedMain] INFO  c.e.s.config.JwtConfig - JWT Secret: N5xG1aT7q8v2Hq1K3rJ6bC9m5W+Pq2L7Jz9P4w==
2025-04-02 20:50:16.713 [restartedMain] INFO  c.e.s.config.JwtConfig - JWT Expiration: 86400000
2025-04-02 20:50:16.763 [restartedMain] INFO  c.e.s.config.MongoConfig - Creating MongoClient bean with URI from environment...
2025-04-02 20:50:16.765 [restartedMain] DEBUG c.e.s.config.MongoConfig - MongoClient created for URI: mongodb://localhost:27017/satellite_platform
2025-04-02 20:50:17.155 [restartedMain] DEBUG c.e.s.m.u.s.J.JwtAuthenticationFilter - Filter 'jwtAuthenticationFilter' configured for use
2025-04-02 20:52:50.755 [restartedMain] INFO  c.e.s.SatellitePlatformApplication - Starting SatellitePlatformApplication using Java 17.0.12 with PID 18380 (C:\Users\HP\Desktop\login-sigin spring boot backend\Satellite_Platform_Application\target\classes started by HP in C:\Users\HP\Desktop\login-sigin spring boot backend\Satellite_Platform_Application)
2025-04-02 20:52:50.756 [restartedMain] DEBUG c.e.s.SatellitePlatformApplication - Running with Spring Boot v3.3.10, Spring v6.1.18
2025-04-02 20:52:50.757 [restartedMain] INFO  c.e.s.SatellitePlatformApplication - No active profile set, falling back to 1 default profile: "default"
2025-04-02 20:52:57.665 [restartedMain] INFO  c.e.s.config.JwtConfig - JWT Secret: N5xG1aT7q8v2Hq1K3rJ6bC9m5W+Pq2L7Jz9P4w==
2025-04-02 20:52:57.666 [restartedMain] INFO  c.e.s.config.JwtConfig - JWT Expiration: 86400000
2025-04-02 20:52:57.761 [restartedMain] INFO  c.e.s.config.MongoConfig - Creating MongoClient bean with URI from environment...
2025-04-02 20:52:57.763 [restartedMain] DEBUG c.e.s.config.MongoConfig - MongoClient created for URI: mongodb://localhost:27017/satellite_platform
2025-04-02 20:52:58.708 [restartedMain] DEBUG c.e.s.m.u.s.J.JwtAuthenticationFilter - Filter 'jwtAuthenticationFilter' configured for use
2025-04-02 20:55:48.972 [restartedMain] INFO  c.e.s.SatellitePlatformApplication - Starting SatellitePlatformApplication using Java 17.0.12 with PID 18380 (C:\Users\HP\Desktop\login-sigin spring boot backend\Satellite_Platform_Application\target\classes started by HP in C:\Users\HP\Desktop\login-sigin spring boot backend\Satellite_Platform_Application)
2025-04-02 20:55:48.972 [restartedMain] DEBUG c.e.s.SatellitePlatformApplication - Running with Spring Boot v3.3.10, Spring v6.1.18
2025-04-02 20:55:48.973 [restartedMain] INFO  c.e.s.SatellitePlatformApplication - No active profile set, falling back to 1 default profile: "default"
2025-04-02 20:55:50.974 [restartedMain] INFO  c.e.s.config.JwtConfig - JWT Secret: N5xG1aT7q8v2Hq1K3rJ6bC9m5W+Pq2L7Jz9P4w==
2025-04-02 20:55:50.975 [restartedMain] INFO  c.e.s.config.JwtConfig - JWT Expiration: 86400000
2025-04-02 20:55:51.010 [restartedMain] INFO  c.e.s.config.MongoConfig - Creating MongoClient bean with URI from environment...
2025-04-02 20:55:51.013 [restartedMain] DEBUG c.e.s.config.MongoConfig - MongoClient created for URI: mongodb://localhost:27017/satellite_platform
2025-04-02 20:55:51.481 [restartedMain] DEBUG c.e.s.m.u.s.J.JwtAuthenticationFilter - Filter 'jwtAuthenticationFilter' configured for use
2025-04-02 20:55:52.146 [restartedMain] INFO  c.e.s.m.u.a.services.AuditLogService - Audit log path initialized to: C:\logs\audit.log
2025-04-02 20:55:56.758 [restartedMain] INFO  c.e.s.c.c.ProcessingResponseCacheHandler - ProcessingResponseCacheHandler initialized with ResultsRepository and ResultsMapper.
2025-04-02 20:55:56.762 [restartedMain] INFO  c.e.s.c.c.ProcessingResponseCacheHandler - Scheduled cache cleanup task with cron expression: 0 0 3 * * ?
2025-04-02 20:55:56.858 [restartedMain] INFO  c.e.s.c.e.DatabasePropertySourceAdder - ContextRefreshedEvent received. Adding DatabasePropertySource to environment.
2025-04-02 20:55:56.859 [restartedMain] INFO  c.e.s.c.e.DatabasePropertySource - Initializing DatabasePropertySource: Loading properties from database...
2025-04-02 20:55:56.879 [restartedMain] INFO  c.e.s.c.e.DatabasePropertySource - Loaded 1 properties from database into DatabasePropertySource cache.
2025-04-02 20:55:56.879 [restartedMain] INFO  c.e.s.c.e.DatabasePropertySourceAdder - Successfully added DatabasePropertySource to environment.
2025-04-02 20:55:56.882 [restartedMain] INFO  c.e.s.SatellitePlatformApplication - Started SatellitePlatformApplication in 8.178 seconds (process running for 2013.551)
2025-04-02 20:55:56.917 [restartedMain] DEBUG c.e.s.m.u.config.DataInitializer - Admin user(s) already exist. Skipping initial admin creation.
2025-04-02 20:56:25.280 [restartedMain] INFO  c.e.s.SatellitePlatformApplication - Starting SatellitePlatformApplication using Java 17.0.12 with PID 18380 (C:\Users\HP\Desktop\login-sigin spring boot backend\Satellite_Platform_Application\target\classes started by HP in C:\Users\HP\Desktop\login-sigin spring boot backend\Satellite_Platform_Application)
2025-04-02 20:56:25.280 [restartedMain] DEBUG c.e.s.SatellitePlatformApplication - Running with Spring Boot v3.3.10, Spring v6.1.18
2025-04-02 20:56:25.281 [restartedMain] INFO  c.e.s.SatellitePlatformApplication - No active profile set, falling back to 1 default profile: "default"
2025-04-02 20:56:28.321 [restartedMain] INFO  c.e.s.config.JwtConfig - JWT Secret: N5xG1aT7q8v2Hq1K3rJ6bC9m5W+Pq2L7Jz9P4w==
2025-04-02 20:56:28.322 [restartedMain] INFO  c.e.s.config.JwtConfig - JWT Expiration: 86400000
2025-04-02 20:56:28.357 [restartedMain] INFO  c.e.s.config.MongoConfig - Creating MongoClient bean with URI from environment...
2025-04-02 20:56:28.357 [restartedMain] DEBUG c.e.s.config.MongoConfig - MongoClient created for URI: mongodb://localhost:27017/satellite_platform
2025-04-02 20:56:28.720 [restartedMain] DEBUG c.e.s.m.u.s.J.JwtAuthenticationFilter - Filter 'jwtAuthenticationFilter' configured for use
2025-04-02 20:56:29.269 [restartedMain] INFO  c.e.s.m.u.a.services.AuditLogService - Audit log path initialized to: C:\logs\audit.log
2025-04-02 20:56:33.493 [restartedMain] INFO  c.e.s.c.c.ProcessingResponseCacheHandler - ProcessingResponseCacheHandler initialized with ResultsRepository and ResultsMapper.
2025-04-02 20:56:33.496 [restartedMain] INFO  c.e.s.c.c.ProcessingResponseCacheHandler - Scheduled cache cleanup task with cron expression: 0 0 3 * * ?
2025-04-02 20:56:33.600 [restartedMain] INFO  c.e.s.c.e.DatabasePropertySourceAdder - ContextRefreshedEvent received. Adding DatabasePropertySource to environment.
2025-04-02 20:56:33.601 [restartedMain] INFO  c.e.s.c.e.DatabasePropertySource - Initializing DatabasePropertySource: Loading properties from database...
2025-04-02 20:56:33.611 [restartedMain] INFO  c.e.s.c.e.DatabasePropertySource - Loaded 1 properties from database into DatabasePropertySource cache.
2025-04-02 20:56:33.612 [restartedMain] INFO  c.e.s.c.e.DatabasePropertySourceAdder - Successfully added DatabasePropertySource to environment.
2025-04-02 20:56:33.613 [restartedMain] INFO  c.e.s.SatellitePlatformApplication - Started SatellitePlatformApplication in 8.633 seconds (process running for 2050.283)
2025-04-02 20:56:33.637 [restartedMain] DEBUG c.e.s.m.u.config.DataInitializer - Admin user(s) already exist. Skipping initial admin creation.
2025-04-02 20:57:41.990 [restartedMain] INFO  c.e.s.SatellitePlatformApplication - Starting SatellitePlatformApplication using Java 17.0.12 with PID 18380 (C:\Users\HP\Desktop\login-sigin spring boot backend\Satellite_Platform_Application\target\classes started by HP in C:\Users\HP\Desktop\login-sigin spring boot backend\Satellite_Platform_Application)
2025-04-02 20:57:41.993 [restartedMain] DEBUG c.e.s.SatellitePlatformApplication - Running with Spring Boot v3.3.10, Spring v6.1.18
2025-04-02 20:57:41.994 [restartedMain] INFO  c.e.s.SatellitePlatformApplication - No active profile set, falling back to 1 default profile: "default"
2025-04-02 20:57:55.093 [restartedMain] INFO  c.e.s.config.JwtConfig - JWT Secret: N5xG1aT7q8v2Hq1K3rJ6bC9m5W+Pq2L7Jz9P4w==
2025-04-02 20:57:55.097 [restartedMain] INFO  c.e.s.config.JwtConfig - JWT Expiration: 86400000
2025-04-02 20:57:55.266 [restartedMain] INFO  c.e.s.config.MongoConfig - Creating MongoClient bean with URI from environment...
2025-04-02 20:57:55.269 [restartedMain] DEBUG c.e.s.config.MongoConfig - MongoClient created for URI: mongodb://localhost:27017/satellite_platform
2025-04-02 20:57:57.154 [restartedMain] DEBUG c.e.s.m.u.s.J.JwtAuthenticationFilter - Filter 'jwtAuthenticationFilter' configured for use
2025-04-02 20:57:59.449 [restartedMain] INFO  c.e.s.m.u.a.services.AuditLogService - Audit log path initialized to: C:\logs\audit.log
2025-04-02 20:58:27.215 [restartedMain] INFO  c.e.s.c.c.ProcessingResponseCacheHandler - ProcessingResponseCacheHandler initialized with ResultsRepository and ResultsMapper.
2025-04-02 20:58:27.224 [restartedMain] INFO  c.e.s.c.c.ProcessingResponseCacheHandler - Scheduled cache cleanup task with cron expression: 0 0 3 * * ?
2025-04-02 20:58:27.753 [restartedMain] INFO  c.e.s.c.e.DatabasePropertySourceAdder - ContextRefreshedEvent received. Adding DatabasePropertySource to environment.
2025-04-02 20:58:27.760 [restartedMain] INFO  c.e.s.c.e.DatabasePropertySource - Initializing DatabasePropertySource: Loading properties from database...
2025-04-02 20:58:27.833 [restartedMain] INFO  c.e.s.c.e.DatabasePropertySource - Loaded 1 properties from database into DatabasePropertySource cache.
2025-04-02 20:58:27.838 [restartedMain] INFO  c.e.s.c.e.DatabasePropertySourceAdder - Successfully added DatabasePropertySource to environment.
2025-04-02 20:58:27.851 [restartedMain] INFO  c.e.s.SatellitePlatformApplication - Started SatellitePlatformApplication in 47.779 seconds (process running for 2164.52)
2025-04-02 20:58:27.967 [restartedMain] DEBUG c.e.s.m.u.config.DataInitializer - Admin user(s) already exist. Skipping initial admin creation.
2025-04-02 20:59:01.521 [restartedMain] INFO  c.e.s.SatellitePlatformApplication - Starting SatellitePlatformApplication using Java 17.0.12 with PID 18380 (C:\Users\HP\Desktop\login-sigin spring boot backend\Satellite_Platform_Application\target\classes started by HP in C:\Users\HP\Desktop\login-sigin spring boot backend\Satellite_Platform_Application)
2025-04-02 20:59:01.523 [restartedMain] DEBUG c.e.s.SatellitePlatformApplication - Running with Spring Boot v3.3.10, Spring v6.1.18
2025-04-02 20:59:01.524 [restartedMain] INFO  c.e.s.SatellitePlatformApplication - No active profile set, falling back to 1 default profile: "default"
2025-04-02 20:59:13.074 [restartedMain] INFO  c.e.s.config.JwtConfig - JWT Secret: N5xG1aT7q8v2Hq1K3rJ6bC9m5W+Pq2L7Jz9P4w==
2025-04-02 20:59:13.076 [restartedMain] INFO  c.e.s.config.JwtConfig - JWT Expiration: 86400000
2025-04-02 20:59:13.292 [restartedMain] INFO  c.e.s.config.MongoConfig - Creating MongoClient bean with URI from environment...
2025-04-02 20:59:13.306 [restartedMain] DEBUG c.e.s.config.MongoConfig - MongoClient created for URI: mongodb://localhost:27017/satellite_platform
2025-04-02 20:59:15.602 [restartedMain] DEBUG c.e.s.m.u.s.J.JwtAuthenticationFilter - Filter 'jwtAuthenticationFilter' configured for use
2025-04-02 20:59:59.904 [restartedMain] INFO  c.e.s.SatellitePlatformApplication - Starting SatellitePlatformApplication using Java 17.0.12 with PID 18380 (C:\Users\HP\Desktop\login-sigin spring boot backend\Satellite_Platform_Application\target\classes started by HP in C:\Users\HP\Desktop\login-sigin spring boot backend\Satellite_Platform_Application)
2025-04-02 20:59:59.907 [restartedMain] DEBUG c.e.s.SatellitePlatformApplication - Running with Spring Boot v3.3.10, Spring v6.1.18
2025-04-02 20:59:59.909 [restartedMain] INFO  c.e.s.SatellitePlatformApplication - No active profile set, falling back to 1 default profile: "default"
2025-04-02 21:00:11.956 [restartedMain] INFO  c.e.s.config.JwtConfig - JWT Secret: N5xG1aT7q8v2Hq1K3rJ6bC9m5W+Pq2L7Jz9P4w==
2025-04-02 21:00:11.960 [restartedMain] INFO  c.e.s.config.JwtConfig - JWT Expiration: 86400000
2025-04-02 21:00:12.174 [restartedMain] INFO  c.e.s.config.MongoConfig - Creating MongoClient bean with URI from environment...
2025-04-02 21:00:12.179 [restartedMain] DEBUG c.e.s.config.MongoConfig - MongoClient created for URI: mongodb://localhost:27017/satellite_platform
2025-04-02 21:00:13.950 [restartedMain] DEBUG c.e.s.m.u.s.J.JwtAuthenticationFilter - Filter 'jwtAuthenticationFilter' configured for use
2025-04-02 21:00:15.919 [restartedMain] INFO  c.e.s.m.u.a.services.AuditLogService - Audit log path initialized to: C:\logs\audit.log
2025-04-02 21:00:30.539 [restartedMain] INFO  c.e.s.c.c.ProcessingResponseCacheHandler - ProcessingResponseCacheHandler initialized with ResultsRepository and ResultsMapper.
2025-04-02 21:00:30.552 [restartedMain] INFO  c.e.s.c.c.ProcessingResponseCacheHandler - Scheduled cache cleanup task with cron expression: 0 0 3 * * ?
2025-04-02 21:00:30.845 [restartedMain] INFO  c.e.s.c.e.DatabasePropertySourceAdder - ContextRefreshedEvent received. Adding DatabasePropertySource to environment.
2025-04-02 21:00:30.845 [restartedMain] INFO  c.e.s.c.e.DatabasePropertySource - Initializing DatabasePropertySource: Loading properties from database...
2025-04-02 21:00:30.874 [restartedMain] INFO  c.e.s.c.e.DatabasePropertySource - Loaded 1 properties from database into DatabasePropertySource cache.
2025-04-02 21:00:30.874 [restartedMain] INFO  c.e.s.c.e.DatabasePropertySourceAdder - Successfully added DatabasePropertySource to environment.
2025-04-02 21:00:30.879 [restartedMain] INFO  c.e.s.SatellitePlatformApplication - Started SatellitePlatformApplication in 32.232 seconds (process running for 2287.551)
2025-04-02 21:00:30.934 [restartedMain] DEBUG c.e.s.m.u.config.DataInitializer - Admin user(s) already exist. Skipping initial admin creation.
2025-04-02 21:00:57.434 [restartedMain] INFO  c.e.s.SatellitePlatformApplication - Starting SatellitePlatformApplication using Java 17.0.12 with PID 18380 (C:\Users\HP\Desktop\login-sigin spring boot backend\Satellite_Platform_Application\target\classes started by HP in C:\Users\HP\Desktop\login-sigin spring boot backend\Satellite_Platform_Application)
2025-04-02 21:00:57.440 [restartedMain] DEBUG c.e.s.SatellitePlatformApplication - Running with Spring Boot v3.3.10, Spring v6.1.18
2025-04-02 21:00:57.444 [restartedMain] INFO  c.e.s.SatellitePlatformApplication - No active profile set, falling back to 1 default profile: "default"
2025-04-02 21:01:06.631 [restartedMain] INFO  c.e.s.config.JwtConfig - JWT Secret: N5xG1aT7q8v2Hq1K3rJ6bC9m5W+Pq2L7Jz9P4w==
2025-04-02 21:01:06.632 [restartedMain] INFO  c.e.s.config.JwtConfig - JWT Expiration: 86400000
2025-04-02 21:01:06.725 [restartedMain] INFO  c.e.s.config.MongoConfig - Creating MongoClient bean with URI from environment...
2025-04-02 21:01:06.730 [restartedMain] DEBUG c.e.s.config.MongoConfig - MongoClient created for URI: mongodb://localhost:27017/satellite_platform
2025-04-02 21:01:08.019 [restartedMain] DEBUG c.e.s.m.u.s.J.JwtAuthenticationFilter - Filter 'jwtAuthenticationFilter' configured for use
2025-04-02 21:01:09.494 [restartedMain] INFO  c.e.s.m.u.a.services.AuditLogService - Audit log path initialized to: C:\logs\audit.log
2025-04-02 21:01:20.879 [restartedMain] INFO  c.e.s.c.c.ProcessingResponseCacheHandler - ProcessingResponseCacheHandler initialized with ResultsRepository and ResultsMapper.
2025-04-02 21:01:20.882 [restartedMain] INFO  c.e.s.c.c.ProcessingResponseCacheHandler - Scheduled cache cleanup task with cron expression: 0 0 3 * * ?
2025-04-02 21:01:20.983 [restartedMain] INFO  c.e.s.c.e.DatabasePropertySourceAdder - ContextRefreshedEvent received. Adding DatabasePropertySource to environment.
2025-04-02 21:01:20.984 [restartedMain] INFO  c.e.s.c.e.DatabasePropertySource - Initializing DatabasePropertySource: Loading properties from database...
2025-04-02 21:01:20.993 [restartedMain] INFO  c.e.s.c.e.DatabasePropertySource - Loaded 1 properties from database into DatabasePropertySource cache.
2025-04-02 21:01:20.994 [restartedMain] INFO  c.e.s.c.e.DatabasePropertySourceAdder - Successfully added DatabasePropertySource to environment.
2025-04-02 21:01:20.996 [restartedMain] INFO  c.e.s.SatellitePlatformApplication - Started SatellitePlatformApplication in 24.7 seconds (process running for 2337.666)
2025-04-02 21:01:21.019 [restartedMain] DEBUG c.e.s.m.u.config.DataInitializer - Admin user(s) already exist. Skipping initial admin creation.
2025-04-02 21:02:15.312 [restartedMain] INFO  c.e.s.SatellitePlatformApplication - Starting SatellitePlatformApplication using Java 17.0.12 with PID 18380 (C:\Users\HP\Desktop\login-sigin spring boot backend\Satellite_Platform_Application\target\classes started by HP in C:\Users\HP\Desktop\login-sigin spring boot backend\Satellite_Platform_Application)
2025-04-02 21:02:15.313 [restartedMain] DEBUG c.e.s.SatellitePlatformApplication - Running with Spring Boot v3.3.10, Spring v6.1.18
2025-04-02 21:02:15.313 [restartedMain] INFO  c.e.s.SatellitePlatformApplication - No active profile set, falling back to 1 default profile: "default"
2025-04-02 21:02:18.254 [restartedMain] INFO  c.e.s.config.JwtConfig - JWT Secret: N5xG1aT7q8v2Hq1K3rJ6bC9m5W+Pq2L7Jz9P4w==
2025-04-02 21:02:18.254 [restartedMain] INFO  c.e.s.config.JwtConfig - JWT Expiration: 86400000
2025-04-02 21:02:18.288 [restartedMain] INFO  c.e.s.config.MongoConfig - Creating MongoClient bean with URI from environment...
2025-04-02 21:02:18.313 [restartedMain] DEBUG c.e.s.config.MongoConfig - MongoClient created for URI: mongodb://localhost:27017/satellite_platform
2025-04-02 21:02:18.724 [restartedMain] DEBUG c.e.s.m.u.s.J.JwtAuthenticationFilter - Filter 'jwtAuthenticationFilter' configured for use
2025-04-02 21:02:19.146 [restartedMain] INFO  c.e.s.m.u.a.services.AuditLogService - Audit log path initialized to: C:\logs\audit.log
2025-04-02 21:02:22.891 [restartedMain] INFO  c.e.s.c.c.ProcessingResponseCacheHandler - ProcessingResponseCacheHandler initialized with ResultsRepository and ResultsMapper.
2025-04-02 21:02:22.894 [restartedMain] INFO  c.e.s.c.c.ProcessingResponseCacheHandler - Scheduled cache cleanup task with cron expression: 0 0 3 * * ?
2025-04-02 21:02:22.984 [restartedMain] INFO  c.e.s.c.e.DatabasePropertySourceAdder - ContextRefreshedEvent received. Adding DatabasePropertySource to environment.
2025-04-02 21:02:22.985 [restartedMain] INFO  c.e.s.c.e.DatabasePropertySource - Initializing DatabasePropertySource: Loading properties from database...
2025-04-02 21:02:22.995 [restartedMain] INFO  c.e.s.c.e.DatabasePropertySource - Loaded 1 properties from database into DatabasePropertySource cache.
2025-04-02 21:02:22.996 [restartedMain] INFO  c.e.s.c.e.DatabasePropertySourceAdder - Successfully added DatabasePropertySource to environment.
2025-04-02 21:02:22.999 [restartedMain] INFO  c.e.s.SatellitePlatformApplication - Started SatellitePlatformApplication in 7.962 seconds (process running for 2399.669)
2025-04-02 21:02:23.034 [restartedMain] DEBUG c.e.s.m.u.config.DataInitializer - Admin user(s) already exist. Skipping initial admin creation.
2025-04-02 21:02:39.097 [restartedMain] INFO  c.e.s.SatellitePlatformApplication - Starting SatellitePlatformApplication using Java 17.0.12 with PID 18380 (C:\Users\HP\Desktop\login-sigin spring boot backend\Satellite_Platform_Application\target\classes started by HP in C:\Users\HP\Desktop\login-sigin spring boot backend\Satellite_Platform_Application)
2025-04-02 21:02:39.097 [restartedMain] DEBUG c.e.s.SatellitePlatformApplication - Running with Spring Boot v3.3.10, Spring v6.1.18
2025-04-02 21:02:39.098 [restartedMain] INFO  c.e.s.SatellitePlatformApplication - No active profile set, falling back to 1 default profile: "default"
2025-04-02 21:02:41.790 [restartedMain] INFO  c.e.s.config.JwtConfig - JWT Secret: N5xG1aT7q8v2Hq1K3rJ6bC9m5W+Pq2L7Jz9P4w==
2025-04-02 21:02:41.790 [restartedMain] INFO  c.e.s.config.JwtConfig - JWT Expiration: 86400000
2025-04-02 21:02:41.823 [restartedMain] INFO  c.e.s.config.MongoConfig - Creating MongoClient bean with URI from environment...
2025-04-02 21:02:41.824 [restartedMain] DEBUG c.e.s.config.MongoConfig - MongoClient created for URI: mongodb://localhost:27017/satellite_platform
2025-04-02 21:02:42.148 [restartedMain] DEBUG c.e.s.m.u.s.J.JwtAuthenticationFilter - Filter 'jwtAuthenticationFilter' configured for use
2025-04-02 21:03:22.980 [restartedMain] INFO  c.e.s.SatellitePlatformApplication - Starting SatellitePlatformApplication using Java 17.0.12 with PID 18380 (C:\Users\HP\Desktop\login-sigin spring boot backend\Satellite_Platform_Application\target\classes started by HP in C:\Users\HP\Desktop\login-sigin spring boot backend\Satellite_Platform_Application)
2025-04-02 21:03:22.982 [restartedMain] DEBUG c.e.s.SatellitePlatformApplication - Running with Spring Boot v3.3.10, Spring v6.1.18
2025-04-02 21:03:22.984 [restartedMain] INFO  c.e.s.SatellitePlatformApplication - No active profile set, falling back to 1 default profile: "default"
2025-04-02 21:03:32.550 [restartedMain] INFO  c.e.s.config.JwtConfig - JWT Secret: N5xG1aT7q8v2Hq1K3rJ6bC9m5W+Pq2L7Jz9P4w==
2025-04-02 21:03:32.552 [restartedMain] INFO  c.e.s.config.JwtConfig - JWT Expiration: 86400000
2025-04-02 21:03:32.685 [restartedMain] INFO  c.e.s.config.MongoConfig - Creating MongoClient bean with URI from environment...
2025-04-02 21:03:32.691 [restartedMain] DEBUG c.e.s.config.MongoConfig - MongoClient created for URI: mongodb://localhost:27017/satellite_platform
2025-04-02 21:03:34.107 [restartedMain] DEBUG c.e.s.m.u.s.J.JwtAuthenticationFilter - Filter 'jwtAuthenticationFilter' configured for use
2025-04-02 21:04:30.539 [restartedMain] INFO  c.e.s.SatellitePlatformApplication - Starting SatellitePlatformApplication using Java 17.0.12 with PID 18380 (C:\Users\HP\Desktop\login-sigin spring boot backend\Satellite_Platform_Application\target\classes started by HP in C:\Users\HP\Desktop\login-sigin spring boot backend\Satellite_Platform_Application)
2025-04-02 21:04:30.540 [restartedMain] DEBUG c.e.s.SatellitePlatformApplication - Running with Spring Boot v3.3.10, Spring v6.1.18
2025-04-02 21:04:30.541 [restartedMain] INFO  c.e.s.SatellitePlatformApplication - No active profile set, falling back to 1 default profile: "default"
2025-04-02 21:04:41.851 [restartedMain] INFO  c.e.s.config.JwtConfig - JWT Secret: N5xG1aT7q8v2Hq1K3rJ6bC9m5W+Pq2L7Jz9P4w==
2025-04-02 21:04:41.853 [restartedMain] INFO  c.e.s.config.JwtConfig - JWT Expiration: 86400000
2025-04-02 21:04:42.075 [restartedMain] INFO  c.e.s.config.MongoConfig - Creating MongoClient bean with URI from environment...
2025-04-02 21:04:42.081 [restartedMain] DEBUG c.e.s.config.MongoConfig - MongoClient created for URI: mongodb://localhost:27017/satellite_platform
2025-04-02 21:04:43.833 [restartedMain] DEBUG c.e.s.m.u.s.J.JwtAuthenticationFilter - Filter 'jwtAuthenticationFilter' configured for use
2025-04-02 21:04:45.637 [restartedMain] INFO  c.e.s.m.u.a.services.AuditLogService - Audit log path initialized to: C:\logs\audit.log
2025-04-02 21:05:02.350 [restartedMain] INFO  c.e.s.c.c.ProcessingResponseCacheHandler - ProcessingResponseCacheHandler initialized with ResultsRepository and ResultsMapper.
2025-04-02 21:05:02.356 [restartedMain] INFO  c.e.s.c.c.ProcessingResponseCacheHandler - Scheduled cache cleanup task with cron expression: 0 0 3 * * ?
2025-04-02 21:05:02.617 [restartedMain] INFO  c.e.s.c.e.DatabasePropertySourceAdder - ContextRefreshedEvent received. Adding DatabasePropertySource to environment.
2025-04-02 21:05:02.619 [restartedMain] INFO  c.e.s.c.e.DatabasePropertySource - Initializing DatabasePropertySource: Loading properties from database...
2025-04-02 21:05:02.651 [restartedMain] INFO  c.e.s.c.e.DatabasePropertySource - Loaded 1 properties from database into DatabasePropertySource cache.
2025-04-02 21:05:02.652 [restartedMain] INFO  c.e.s.c.e.DatabasePropertySourceAdder - Successfully added DatabasePropertySource to environment.
2025-04-02 21:05:02.657 [restartedMain] INFO  c.e.s.SatellitePlatformApplication - Started SatellitePlatformApplication in 33.366 seconds (process running for 2559.327)
2025-04-02 21:05:02.734 [restartedMain] DEBUG c.e.s.m.u.config.DataInitializer - Admin user(s) already exist. Skipping initial admin creation.
2025-04-02 21:05:44.992 [restartedMain] INFO  c.e.s.SatellitePlatformApplication - Starting SatellitePlatformApplication using Java 17.0.12 with PID 18380 (C:\Users\HP\Desktop\login-sigin spring boot backend\Satellite_Platform_Application\target\classes started by HP in C:\Users\HP\Desktop\login-sigin spring boot backend\Satellite_Platform_Application)
2025-04-02 21:05:44.995 [restartedMain] DEBUG c.e.s.SatellitePlatformApplication - Running with Spring Boot v3.3.10, Spring v6.1.18
2025-04-02 21:05:44.999 [restartedMain] INFO  c.e.s.SatellitePlatformApplication - No active profile set, falling back to 1 default profile: "default"
2025-04-02 21:05:55.561 [restartedMain] INFO  c.e.s.config.JwtConfig - JWT Secret: N5xG1aT7q8v2Hq1K3rJ6bC9m5W+Pq2L7Jz9P4w==
2025-04-02 21:05:55.564 [restartedMain] INFO  c.e.s.config.JwtConfig - JWT Expiration: 86400000
2025-04-02 21:05:55.666 [restartedMain] INFO  c.e.s.config.MongoConfig - Creating MongoClient bean with URI from environment...
2025-04-02 21:05:55.670 [restartedMain] DEBUG c.e.s.config.MongoConfig - MongoClient created for URI: mongodb://localhost:27017/satellite_platform
2025-04-02 21:05:57.625 [restartedMain] DEBUG c.e.s.m.u.s.J.JwtAuthenticationFilter - Filter 'jwtAuthenticationFilter' configured for use
2025-04-02 21:06:00.507 [restartedMain] INFO  c.e.s.m.u.a.services.AuditLogService - Audit log path initialized to: C:\logs\audit.log
2025-04-02 21:06:26.258 [restartedMain] INFO  c.e.s.c.c.ProcessingResponseCacheHandler - ProcessingResponseCacheHandler initialized with ResultsRepository and ResultsMapper.
2025-04-02 21:06:26.268 [restartedMain] INFO  c.e.s.c.c.ProcessingResponseCacheHandler - Scheduled cache cleanup task with cron expression: 0 0 3 * * ?
2025-04-02 21:06:26.664 [restartedMain] INFO  c.e.s.c.e.DatabasePropertySourceAdder - ContextRefreshedEvent received. Adding DatabasePropertySource to environment.
2025-04-02 21:06:26.667 [restartedMain] INFO  c.e.s.c.e.DatabasePropertySource - Initializing DatabasePropertySource: Loading properties from database...
2025-04-02 21:06:26.708 [restartedMain] INFO  c.e.s.c.e.DatabasePropertySource - Loaded 1 properties from database into DatabasePropertySource cache.
2025-04-02 21:06:26.714 [restartedMain] INFO  c.e.s.c.e.DatabasePropertySourceAdder - Successfully added DatabasePropertySource to environment.
2025-04-02 21:06:26.720 [restartedMain] INFO  c.e.s.SatellitePlatformApplication - Started SatellitePlatformApplication in 42.921 seconds (process running for 2643.39)
2025-04-02 21:06:26.799 [restartedMain] DEBUG c.e.s.m.u.config.DataInitializer - Admin user(s) already exist. Skipping initial admin creation.
2025-04-02 21:06:32.816 [restartedMain] INFO  c.e.s.SatellitePlatformApplication - Starting SatellitePlatformApplication using Java 17.0.12 with PID 18380 (C:\Users\HP\Desktop\login-sigin spring boot backend\Satellite_Platform_Application\target\classes started by HP in C:\Users\HP\Desktop\login-sigin spring boot backend\Satellite_Platform_Application)
2025-04-02 21:06:32.818 [restartedMain] DEBUG c.e.s.SatellitePlatformApplication - Running with Spring Boot v3.3.10, Spring v6.1.18
2025-04-02 21:06:32.818 [restartedMain] INFO  c.e.s.SatellitePlatformApplication - No active profile set, falling back to 1 default profile: "default"
2025-04-02 21:06:41.271 [restartedMain] INFO  c.e.s.config.JwtConfig - JWT Secret: N5xG1aT7q8v2Hq1K3rJ6bC9m5W+Pq2L7Jz9P4w==
2025-04-02 21:06:41.273 [restartedMain] INFO  c.e.s.config.JwtConfig - JWT Expiration: 86400000
2025-04-02 21:06:41.432 [restartedMain] INFO  c.e.s.config.MongoConfig - Creating MongoClient bean with URI from environment...
2025-04-02 21:06:41.435 [restartedMain] DEBUG c.e.s.config.MongoConfig - MongoClient created for URI: mongodb://localhost:27017/satellite_platform
2025-04-02 21:06:42.915 [restartedMain] DEBUG c.e.s.m.u.s.J.JwtAuthenticationFilter - Filter 'jwtAuthenticationFilter' configured for use
2025-04-02 21:06:44.484 [restartedMain] INFO  c.e.s.m.u.a.services.AuditLogService - Audit log path initialized to: C:\logs\audit.log
2025-04-02 21:06:56.420 [restartedMain] INFO  c.e.s.c.c.ProcessingResponseCacheHandler - ProcessingResponseCacheHandler initialized with ResultsRepository and ResultsMapper.
2025-04-02 21:06:56.425 [restartedMain] INFO  c.e.s.c.c.ProcessingResponseCacheHandler - Scheduled cache cleanup task with cron expression: 0 0 3 * * ?
2025-04-02 21:06:56.740 [restartedMain] INFO  c.e.s.c.e.DatabasePropertySourceAdder - ContextRefreshedEvent received. Adding DatabasePropertySource to environment.
2025-04-02 21:06:56.742 [restartedMain] INFO  c.e.s.c.e.DatabasePropertySource - Initializing DatabasePropertySource: Loading properties from database...
2025-04-02 21:06:56.780 [restartedMain] INFO  c.e.s.c.e.DatabasePropertySource - Loaded 1 properties from database into DatabasePropertySource cache.
2025-04-02 21:06:56.781 [restartedMain] INFO  c.e.s.c.e.DatabasePropertySourceAdder - Successfully added DatabasePropertySource to environment.
2025-04-02 21:06:56.788 [restartedMain] INFO  c.e.s.SatellitePlatformApplication - Started SatellitePlatformApplication in 25.181 seconds (process running for 2673.458)
2025-04-02 21:06:56.861 [restartedMain] DEBUG c.e.s.m.u.config.DataInitializer - Admin user(s) already exist. Skipping initial admin creation.
2025-04-02 21:08:46.799 [restartedMain] INFO  c.e.s.SatellitePlatformApplication - Starting SatellitePlatformApplication using Java 17.0.12 with PID 18380 (C:\Users\HP\Desktop\login-sigin spring boot backend\Satellite_Platform_Application\target\classes started by HP in C:\Users\HP\Desktop\login-sigin spring boot backend\Satellite_Platform_Application)
2025-04-02 21:08:46.799 [restartedMain] DEBUG c.e.s.SatellitePlatformApplication - Running with Spring Boot v3.3.10, Spring v6.1.18
2025-04-02 21:08:46.799 [restartedMain] INFO  c.e.s.SatellitePlatformApplication - No active profile set, falling back to 1 default profile: "default"
2025-04-02 21:08:49.191 [restartedMain] INFO  c.e.s.config.JwtConfig - JWT Secret: N5xG1aT7q8v2Hq1K3rJ6bC9m5W+Pq2L7Jz9P4w==
2025-04-02 21:08:49.192 [restartedMain] INFO  c.e.s.config.JwtConfig - JWT Expiration: 86400000
2025-04-02 21:08:49.216 [restartedMain] INFO  c.e.s.config.MongoConfig - Creating MongoClient bean with URI from environment...
2025-04-02 21:08:49.216 [restartedMain] DEBUG c.e.s.config.MongoConfig - MongoClient created for URI: mongodb://localhost:27017/satellite_platform
2025-04-02 21:08:49.467 [restartedMain] DEBUG c.e.s.m.u.s.J.JwtAuthenticationFilter - Filter 'jwtAuthenticationFilter' configured for use
2025-04-02 21:09:49.523 [restartedMain] INFO  c.e.s.SatellitePlatformApplication - Starting SatellitePlatformApplication using Java 17.0.12 with PID 18380 (C:\Users\HP\Desktop\login-sigin spring boot backend\Satellite_Platform_Application\target\classes started by HP in C:\Users\HP\Desktop\login-sigin spring boot backend\Satellite_Platform_Application)
2025-04-02 21:09:49.523 [restartedMain] DEBUG c.e.s.SatellitePlatformApplication - Running with Spring Boot v3.3.10, Spring v6.1.18
2025-04-02 21:09:49.523 [restartedMain] INFO  c.e.s.SatellitePlatformApplication - No active profile set, falling back to 1 default profile: "default"
2025-04-02 21:09:51.480 [restartedMain] INFO  c.e.s.config.JwtConfig - JWT Secret: N5xG1aT7q8v2Hq1K3rJ6bC9m5W+Pq2L7Jz9P4w==
2025-04-02 21:09:51.480 [restartedMain] INFO  c.e.s.config.JwtConfig - JWT Expiration: 86400000
2025-04-02 21:09:51.503 [restartedMain] INFO  c.e.s.config.MongoConfig - Creating MongoClient bean with URI from environment...
2025-04-02 21:09:51.504 [restartedMain] DEBUG c.e.s.config.MongoConfig - MongoClient created for URI: mongodb://localhost:27017/satellite_platform
2025-04-02 21:09:51.759 [restartedMain] DEBUG c.e.s.m.u.s.J.JwtAuthenticationFilter - Filter 'jwtAuthenticationFilter' configured for use
2025-04-02 21:11:02.596 [restartedMain] INFO  c.e.s.SatellitePlatformApplication - Starting SatellitePlatformApplication using Java 17.0.12 with PID 18380 (C:\Users\HP\Desktop\login-sigin spring boot backend\Satellite_Platform_Application\target\classes started by HP in C:\Users\HP\Desktop\login-sigin spring boot backend\Satellite_Platform_Application)
2025-04-02 21:11:02.597 [restartedMain] DEBUG c.e.s.SatellitePlatformApplication - Running with Spring Boot v3.3.10, Spring v6.1.18
2025-04-02 21:11:02.597 [restartedMain] INFO  c.e.s.SatellitePlatformApplication - No active profile set, falling back to 1 default profile: "default"
2025-04-02 21:11:04.030 [restartedMain] INFO  c.e.s.config.JwtConfig - JWT Secret: N5xG1aT7q8v2Hq1K3rJ6bC9m5W+Pq2L7Jz9P4w==
2025-04-02 21:11:04.031 [restartedMain] INFO  c.e.s.config.JwtConfig - JWT Expiration: 86400000
2025-04-02 21:11:04.053 [restartedMain] INFO  c.e.s.config.MongoConfig - Creating MongoClient bean with URI from environment...
2025-04-02 21:11:04.054 [restartedMain] DEBUG c.e.s.config.MongoConfig - MongoClient created for URI: mongodb://localhost:27017/satellite_platform
2025-04-02 21:11:04.270 [restartedMain] DEBUG c.e.s.m.u.s.J.JwtAuthenticationFilter - Filter 'jwtAuthenticationFilter' configured for use
2025-04-02 21:11:59.504 [restartedMain] INFO  c.e.s.SatellitePlatformApplication - Starting SatellitePlatformApplication using Java 17.0.12 with PID 18380 (C:\Users\HP\Desktop\login-sigin spring boot backend\Satellite_Platform_Application\target\classes started by HP in C:\Users\HP\Desktop\login-sigin spring boot backend\Satellite_Platform_Application)
2025-04-02 21:11:59.504 [restartedMain] DEBUG c.e.s.SatellitePlatformApplication - Running with Spring Boot v3.3.10, Spring v6.1.18
2025-04-02 21:11:59.504 [restartedMain] INFO  c.e.s.SatellitePlatformApplication - No active profile set, falling back to 1 default profile: "default"
2025-04-02 21:12:00.900 [restartedMain] INFO  c.e.s.config.JwtConfig - JWT Secret: N5xG1aT7q8v2Hq1K3rJ6bC9m5W+Pq2L7Jz9P4w==
2025-04-02 21:12:00.900 [restartedMain] INFO  c.e.s.config.JwtConfig - JWT Expiration: 86400000
2025-04-02 21:12:00.939 [restartedMain] INFO  c.e.s.config.MongoConfig - Creating MongoClient bean with URI from environment...
2025-04-02 21:12:00.939 [restartedMain] DEBUG c.e.s.config.MongoConfig - MongoClient created for URI: mongodb://localhost:27017/satellite_platform
2025-04-02 21:12:01.165 [restartedMain] DEBUG c.e.s.m.u.s.J.JwtAuthenticationFilter - Filter 'jwtAuthenticationFilter' configured for use
2025-04-02 21:12:05.990 [restartedMain] INFO  c.e.s.SatellitePlatformApplication - Starting SatellitePlatformApplication using Java 17.0.12 with PID 18380 (C:\Users\HP\Desktop\login-sigin spring boot backend\Satellite_Platform_Application\target\classes started by HP in C:\Users\HP\Desktop\login-sigin spring boot backend\Satellite_Platform_Application)
2025-04-02 21:12:05.990 [restartedMain] DEBUG c.e.s.SatellitePlatformApplication - Running with Spring Boot v3.3.10, Spring v6.1.18
2025-04-02 21:12:05.991 [restartedMain] INFO  c.e.s.SatellitePlatformApplication - No active profile set, falling back to 1 default profile: "default"
2025-04-02 21:12:07.379 [restartedMain] INFO  c.e.s.config.JwtConfig - JWT Secret: N5xG1aT7q8v2Hq1K3rJ6bC9m5W+Pq2L7Jz9P4w==
2025-04-02 21:12:07.380 [restartedMain] INFO  c.e.s.config.JwtConfig - JWT Expiration: 86400000
2025-04-02 21:12:07.405 [restartedMain] INFO  c.e.s.config.MongoConfig - Creating MongoClient bean with URI from environment...
2025-04-02 21:12:07.406 [restartedMain] DEBUG c.e.s.config.MongoConfig - MongoClient created for URI: mongodb://localhost:27017/satellite_platform
2025-04-02 21:12:07.681 [restartedMain] DEBUG c.e.s.m.u.s.J.JwtAuthenticationFilter - Filter 'jwtAuthenticationFilter' configured for use
2025-04-02 21:12:07.944 [restartedMain] INFO  c.e.s.m.u.a.services.AuditLogService - Audit log path initialized to: C:\logs\audit.log
2025-04-02 21:12:11.423 [restartedMain] INFO  c.e.s.c.c.ProcessingResponseCacheHandler - ProcessingResponseCacheHandler initialized with ResultsRepository and ResultsMapper.
2025-04-02 21:12:11.424 [restartedMain] INFO  c.e.s.c.c.ProcessingResponseCacheHandler - Scheduled cache cleanup task with cron expression: 0 0 3 * * ?
2025-04-02 21:12:11.530 [restartedMain] INFO  c.e.s.c.e.DatabasePropertySourceAdder - ContextRefreshedEvent received. Adding DatabasePropertySource to environment.
2025-04-02 21:12:11.530 [restartedMain] INFO  c.e.s.c.e.DatabasePropertySource - Initializing DatabasePropertySource: Loading properties from database...
2025-04-02 21:12:11.542 [restartedMain] INFO  c.e.s.c.e.DatabasePropertySource - Loaded 1 properties from database into DatabasePropertySource cache.
2025-04-02 21:12:11.542 [restartedMain] INFO  c.e.s.c.e.DatabasePropertySourceAdder - Successfully added DatabasePropertySource to environment.
2025-04-02 21:12:11.544 [restartedMain] INFO  c.e.s.SatellitePlatformApplication - Started SatellitePlatformApplication in 5.722 seconds (process running for 2988.214)
2025-04-02 21:12:11.565 [restartedMain] DEBUG c.e.s.m.u.config.DataInitializer - Admin user(s) already exist. Skipping initial admin creation.
2025-04-02 21:12:14.747 [restartedMain] INFO  c.e.s.SatellitePlatformApplication - Starting SatellitePlatformApplication using Java 17.0.12 with PID 18380 (C:\Users\HP\Desktop\login-sigin spring boot backend\Satellite_Platform_Application\target\classes started by HP in C:\Users\HP\Desktop\login-sigin spring boot backend\Satellite_Platform_Application)
2025-04-02 21:12:14.748 [restartedMain] DEBUG c.e.s.SatellitePlatformApplication - Running with Spring Boot v3.3.10, Spring v6.1.18
2025-04-02 21:12:14.748 [restartedMain] INFO  c.e.s.SatellitePlatformApplication - No active profile set, falling back to 1 default profile: "default"
2025-04-02 21:12:16.318 [restartedMain] INFO  c.e.s.config.JwtConfig - JWT Secret: N5xG1aT7q8v2Hq1K3rJ6bC9m5W+Pq2L7Jz9P4w==
2025-04-02 21:12:16.319 [restartedMain] INFO  c.e.s.config.JwtConfig - JWT Expiration: 86400000
2025-04-02 21:12:16.345 [restartedMain] INFO  c.e.s.config.MongoConfig - Creating MongoClient bean with URI from environment...
2025-04-02 21:12:16.346 [restartedMain] DEBUG c.e.s.config.MongoConfig - MongoClient created for URI: mongodb://localhost:27017/satellite_platform
2025-04-02 21:12:16.615 [restartedMain] DEBUG c.e.s.m.u.s.J.JwtAuthenticationFilter - Filter 'jwtAuthenticationFilter' configured for use
2025-04-02 21:12:16.927 [restartedMain] INFO  c.e.s.m.u.a.services.AuditLogService - Audit log path initialized to: C:\logs\audit.log
2025-04-02 21:12:19.278 [restartedMain] INFO  c.e.s.c.c.ProcessingResponseCacheHandler - ProcessingResponseCacheHandler initialized with ResultsRepository and ResultsMapper.
2025-04-02 21:12:19.280 [restartedMain] INFO  c.e.s.c.c.ProcessingResponseCacheHandler - Scheduled cache cleanup task with cron expression: 0 0 3 * * ?
2025-04-02 21:12:19.352 [restartedMain] INFO  c.e.s.c.e.DatabasePropertySourceAdder - ContextRefreshedEvent received. Adding DatabasePropertySource to environment.
2025-04-02 21:12:19.353 [restartedMain] INFO  c.e.s.c.e.DatabasePropertySource - Initializing DatabasePropertySource: Loading properties from database...
2025-04-02 21:12:19.364 [restartedMain] INFO  c.e.s.c.e.DatabasePropertySource - Loaded 1 properties from database into DatabasePropertySource cache.
2025-04-02 21:12:19.365 [restartedMain] INFO  c.e.s.c.e.DatabasePropertySourceAdder - Successfully added DatabasePropertySource to environment.
2025-04-02 21:12:19.366 [restartedMain] INFO  c.e.s.SatellitePlatformApplication - Started SatellitePlatformApplication in 4.845 seconds (process running for 2996.036)
2025-04-02 21:12:19.380 [restartedMain] DEBUG c.e.s.m.u.config.DataInitializer - Admin user(s) already exist. Skipping initial admin creation.
2025-04-02 21:13:00.023 [restartedMain] INFO  c.e.s.SatellitePlatformApplication - Starting SatellitePlatformApplication using Java 17.0.12 with PID 34288 (C:\Users\HP\Desktop\login-sigin spring boot backend\Satellite_Platform_Application\target\classes started by HP in C:\Users\HP\Desktop\login-sigin spring boot backend\Satellite_Platform_Application)
2025-04-02 21:13:00.035 [restartedMain] DEBUG c.e.s.SatellitePlatformApplication - Running with Spring Boot v3.3.10, Spring v6.1.18
2025-04-02 21:13:00.038 [restartedMain] INFO  c.e.s.SatellitePlatformApplication - No active profile set, falling back to 1 default profile: "default"
2025-04-02 21:13:10.394 [restartedMain] INFO  c.e.s.config.JwtConfig - JWT Secret: N5xG1aT7q8v2Hq1K3rJ6bC9m5W+Pq2L7Jz9P4w==
2025-04-02 21:13:10.408 [restartedMain] INFO  c.e.s.config.JwtConfig - JWT Expiration: 86400000
2025-04-02 21:13:10.599 [restartedMain] INFO  c.e.s.config.MongoConfig - Creating MongoClient bean with URI from environment...
2025-04-02 21:13:11.088 [restartedMain] DEBUG c.e.s.config.MongoConfig - MongoClient created for URI: mongodb://localhost:27017/satellite_platform
2025-04-02 21:13:14.367 [restartedMain] DEBUG c.e.s.m.u.s.J.JwtAuthenticationFilter - Filter 'jwtAuthenticationFilter' configured for use
2025-04-02 21:13:15.929 [restartedMain] INFO  c.e.s.m.u.a.services.AuditLogService - Audit log path initialized to: C:\logs\audit.log
2025-04-02 21:13:27.500 [restartedMain] INFO  c.e.s.c.c.ProcessingResponseCacheHandler - ProcessingResponseCacheHandler initialized with ResultsRepository and ResultsMapper.
2025-04-02 21:13:27.518 [restartedMain] INFO  c.e.s.c.c.ProcessingResponseCacheHandler - Scheduled cache cleanup task with cron expression: 0 0 3 * * ?
2025-04-02 21:13:27.675 [restartedMain] INFO  c.e.s.c.e.DatabasePropertySourceAdder - ContextRefreshedEvent received. Adding DatabasePropertySource to environment.
2025-04-02 21:13:27.678 [restartedMain] INFO  c.e.s.c.e.DatabasePropertySource - Initializing DatabasePropertySource: Loading properties from database...
2025-04-02 21:13:27.855 [restartedMain] INFO  c.e.s.c.e.DatabasePropertySource - Loaded 1 properties from database into DatabasePropertySource cache.
2025-04-02 21:13:27.856 [restartedMain] INFO  c.e.s.c.e.DatabasePropertySourceAdder - Successfully added DatabasePropertySource to environment.
2025-04-02 21:13:27.859 [restartedMain] INFO  c.e.s.SatellitePlatformApplication - Started SatellitePlatformApplication in 29.279 seconds (process running for 32.027)
2025-04-02 21:13:27.930 [restartedMain] DEBUG c.e.s.m.u.config.DataInitializer - Admin user(s) already exist. Skipping initial admin creation.
2025-04-02 21:18:49.789 [restartedMain] INFO  c.e.s.SatellitePlatformApplication - Starting SatellitePlatformApplication using Java 17.0.12 with PID 34288 (C:\Users\HP\Desktop\login-sigin spring boot backend\Satellite_Platform_Application\target\classes started by HP in C:\Users\HP\Desktop\login-sigin spring boot backend\Satellite_Platform_Application)
2025-04-02 21:18:49.790 [restartedMain] DEBUG c.e.s.SatellitePlatformApplication - Running with Spring Boot v3.3.10, Spring v6.1.18
2025-04-02 21:18:49.790 [restartedMain] INFO  c.e.s.SatellitePlatformApplication - No active profile set, falling back to 1 default profile: "default"
2025-04-02 21:18:52.986 [restartedMain] INFO  c.e.s.config.JwtConfig - JWT Secret: N5xG1aT7q8v2Hq1K3rJ6bC9m5W+Pq2L7Jz9P4w==
2025-04-02 21:18:52.987 [restartedMain] INFO  c.e.s.config.JwtConfig - JWT Expiration: 86400000
2025-04-02 21:18:53.036 [restartedMain] INFO  c.e.s.config.MongoConfig - Creating MongoClient bean with URI from environment...
2025-04-02 21:18:53.038 [restartedMain] DEBUG c.e.s.config.MongoConfig - MongoClient created for URI: mongodb://localhost:27017/satellite_platform
2025-04-02 21:18:53.346 [restartedMain] DEBUG c.e.s.m.u.s.J.JwtAuthenticationFilter - Filter 'jwtAuthenticationFilter' configured for use
2025-04-02 21:18:55.945 [restartedMain] INFO  c.e.s.SatellitePlatformApplication - Starting SatellitePlatformApplication using Java 17.0.12 with PID 34288 (C:\Users\HP\Desktop\login-sigin spring boot backend\Satellite_Platform_Application\target\classes started by HP in C:\Users\HP\Desktop\login-sigin spring boot backend\Satellite_Platform_Application)
2025-04-02 21:18:55.946 [restartedMain] DEBUG c.e.s.SatellitePlatformApplication - Running with Spring Boot v3.3.10, Spring v6.1.18
2025-04-02 21:18:55.946 [restartedMain] INFO  c.e.s.SatellitePlatformApplication - No active profile set, falling back to 1 default profile: "default"
2025-04-02 21:18:58.300 [restartedMain] INFO  c.e.s.config.JwtConfig - JWT Secret: N5xG1aT7q8v2Hq1K3rJ6bC9m5W+Pq2L7Jz9P4w==
2025-04-02 21:18:58.300 [restartedMain] INFO  c.e.s.config.JwtConfig - JWT Expiration: 86400000
2025-04-02 21:18:58.325 [restartedMain] INFO  c.e.s.config.MongoConfig - Creating MongoClient bean with URI from environment...
2025-04-02 21:18:58.328 [restartedMain] DEBUG c.e.s.config.MongoConfig - MongoClient created for URI: mongodb://localhost:27017/satellite_platform
2025-04-02 21:18:58.671 [restartedMain] DEBUG c.e.s.m.u.s.J.JwtAuthenticationFilter - Filter 'jwtAuthenticationFilter' configured for use
2025-04-02 21:21:22.539 [restartedMain] INFO  c.e.s.SatellitePlatformApplication - Starting SatellitePlatformApplication using Java 17.0.12 with PID 34288 (C:\Users\HP\Desktop\login-sigin spring boot backend\Satellite_Platform_Application\target\classes started by HP in C:\Users\HP\Desktop\login-sigin spring boot backend\Satellite_Platform_Application)
2025-04-02 21:21:22.540 [restartedMain] DEBUG c.e.s.SatellitePlatformApplication - Running with Spring Boot v3.3.10, Spring v6.1.18
2025-04-02 21:21:22.540 [restartedMain] INFO  c.e.s.SatellitePlatformApplication - No active profile set, falling back to 1 default profile: "default"
2025-04-02 21:21:24.766 [restartedMain] INFO  c.e.s.config.JwtConfig - JWT Secret: N5xG1aT7q8v2Hq1K3rJ6bC9m5W+Pq2L7Jz9P4w==
2025-04-02 21:21:24.768 [restartedMain] INFO  c.e.s.config.JwtConfig - JWT Expiration: 86400000
2025-04-02 21:21:24.812 [restartedMain] INFO  c.e.s.config.MongoConfig - Creating MongoClient bean with URI from environment...
2025-04-02 21:21:24.814 [restartedMain] DEBUG c.e.s.config.MongoConfig - MongoClient created for URI: mongodb://localhost:27017/satellite_platform
2025-04-02 21:21:25.184 [restartedMain] DEBUG c.e.s.m.u.s.J.JwtAuthenticationFilter - Filter 'jwtAuthenticationFilter' configured for use
2025-04-02 21:21:27.838 [restartedMain] INFO  c.e.s.SatellitePlatformApplication - Starting SatellitePlatformApplication using Java 17.0.12 with PID 34288 (C:\Users\HP\Desktop\login-sigin spring boot backend\Satellite_Platform_Application\target\classes started by HP in C:\Users\HP\Desktop\login-sigin spring boot backend\Satellite_Platform_Application)
2025-04-02 21:21:27.838 [restartedMain] DEBUG c.e.s.SatellitePlatformApplication - Running with Spring Boot v3.3.10, Spring v6.1.18
2025-04-02 21:21:27.838 [restartedMain] INFO  c.e.s.SatellitePlatformApplication - No active profile set, falling back to 1 default profile: "default"
2025-04-02 21:21:30.240 [restartedMain] INFO  c.e.s.config.JwtConfig - JWT Secret: N5xG1aT7q8v2Hq1K3rJ6bC9m5W+Pq2L7Jz9P4w==
2025-04-02 21:21:30.240 [restartedMain] INFO  c.e.s.config.JwtConfig - JWT Expiration: 86400000
2025-04-02 21:21:30.288 [restartedMain] INFO  c.e.s.config.MongoConfig - Creating MongoClient bean with URI from environment...
2025-04-02 21:21:30.290 [restartedMain] DEBUG c.e.s.config.MongoConfig - MongoClient created for URI: mongodb://localhost:27017/satellite_platform
2025-04-02 21:21:30.572 [restartedMain] DEBUG c.e.s.m.u.s.J.JwtAuthenticationFilter - Filter 'jwtAuthenticationFilter' configured for use
2025-04-02 21:21:32.903 [restartedMain] INFO  c.e.s.SatellitePlatformApplication - Starting SatellitePlatformApplication using Java 17.0.12 with PID 34288 (C:\Users\HP\Desktop\login-sigin spring boot backend\Satellite_Platform_Application\target\classes started by HP in C:\Users\HP\Desktop\login-sigin spring boot backend\Satellite_Platform_Application)
2025-04-02 21:21:32.903 [restartedMain] DEBUG c.e.s.SatellitePlatformApplication - Running with Spring Boot v3.3.10, Spring v6.1.18
2025-04-02 21:21:32.904 [restartedMain] INFO  c.e.s.SatellitePlatformApplication - No active profile set, falling back to 1 default profile: "default"
2025-04-02 21:21:35.044 [restartedMain] INFO  c.e.s.config.JwtConfig - JWT Secret: N5xG1aT7q8v2Hq1K3rJ6bC9m5W+Pq2L7Jz9P4w==
2025-04-02 21:21:35.045 [restartedMain] INFO  c.e.s.config.JwtConfig - JWT Expiration: 86400000
2025-04-02 21:21:35.068 [restartedMain] INFO  c.e.s.config.MongoConfig - Creating MongoClient bean with URI from environment...
2025-04-02 21:21:35.069 [restartedMain] DEBUG c.e.s.config.MongoConfig - MongoClient created for URI: mongodb://localhost:27017/satellite_platform
2025-04-02 21:21:35.490 [restartedMain] DEBUG c.e.s.m.u.s.J.JwtAuthenticationFilter - Filter 'jwtAuthenticationFilter' configured for use
2025-04-02 21:21:38.424 [restartedMain] INFO  c.e.s.SatellitePlatformApplication - Starting SatellitePlatformApplication using Java 17.0.12 with PID 34288 (C:\Users\HP\Desktop\login-sigin spring boot backend\Satellite_Platform_Application\target\classes started by HP in C:\Users\HP\Desktop\login-sigin spring boot backend\Satellite_Platform_Application)
2025-04-02 21:21:38.424 [restartedMain] DEBUG c.e.s.SatellitePlatformApplication - Running with Spring Boot v3.3.10, Spring v6.1.18
2025-04-02 21:21:38.424 [restartedMain] INFO  c.e.s.SatellitePlatformApplication - No active profile set, falling back to 1 default profile: "default"
2025-04-02 21:21:39.634 [restartedMain] INFO  c.e.s.config.JwtConfig - JWT Secret: N5xG1aT7q8v2Hq1K3rJ6bC9m5W+Pq2L7Jz9P4w==
2025-04-02 21:21:39.635 [restartedMain] INFO  c.e.s.config.JwtConfig - JWT Expiration: 86400000
2025-04-02 21:21:39.654 [restartedMain] INFO  c.e.s.config.MongoConfig - Creating MongoClient bean with URI from environment...
2025-04-02 21:21:39.655 [restartedMain] DEBUG c.e.s.config.MongoConfig - MongoClient created for URI: mongodb://localhost:27017/satellite_platform
2025-04-02 21:21:39.854 [restartedMain] DEBUG c.e.s.m.u.s.J.JwtAuthenticationFilter - Filter 'jwtAuthenticationFilter' configured for use
2025-04-02 21:21:45.468 [restartedMain] INFO  c.e.s.SatellitePlatformApplication - Starting SatellitePlatformApplication using Java 17.0.12 with PID 34288 (C:\Users\HP\Desktop\login-sigin spring boot backend\Satellite_Platform_Application\target\classes started by HP in C:\Users\HP\Desktop\login-sigin spring boot backend\Satellite_Platform_Application)
2025-04-02 21:21:45.469 [restartedMain] DEBUG c.e.s.SatellitePlatformApplication - Running with Spring Boot v3.3.10, Spring v6.1.18
2025-04-02 21:21:45.470 [restartedMain] INFO  c.e.s.SatellitePlatformApplication - No active profile set, falling back to 1 default profile: "default"
2025-04-02 21:21:47.611 [restartedMain] INFO  c.e.s.config.JwtConfig - JWT Secret: N5xG1aT7q8v2Hq1K3rJ6bC9m5W+Pq2L7Jz9P4w==
2025-04-02 21:21:47.612 [restartedMain] INFO  c.e.s.config.JwtConfig - JWT Expiration: 86400000
2025-04-02 21:21:47.664 [restartedMain] INFO  c.e.s.config.MongoConfig - Creating MongoClient bean with URI from environment...
2025-04-02 21:21:47.666 [restartedMain] DEBUG c.e.s.config.MongoConfig - MongoClient created for URI: mongodb://localhost:27017/satellite_platform
2025-04-02 21:21:47.983 [restartedMain] DEBUG c.e.s.m.u.s.J.JwtAuthenticationFilter - Filter 'jwtAuthenticationFilter' configured for use
2025-04-02 21:21:51.715 [restartedMain] INFO  c.e.s.SatellitePlatformApplication - Starting SatellitePlatformApplication using Java 17.0.12 with PID 34288 (C:\Users\HP\Desktop\login-sigin spring boot backend\Satellite_Platform_Application\target\classes started by HP in C:\Users\HP\Desktop\login-sigin spring boot backend\Satellite_Platform_Application)
2025-04-02 21:21:51.716 [restartedMain] DEBUG c.e.s.SatellitePlatformApplication - Running with Spring Boot v3.3.10, Spring v6.1.18
2025-04-02 21:21:51.716 [restartedMain] INFO  c.e.s.SatellitePlatformApplication - No active profile set, falling back to 1 default profile: "default"
2025-04-02 21:21:53.646 [restartedMain] INFO  c.e.s.config.JwtConfig - JWT Secret: N5xG1aT7q8v2Hq1K3rJ6bC9m5W+Pq2L7Jz9P4w==
2025-04-02 21:21:53.646 [restartedMain] INFO  c.e.s.config.JwtConfig - JWT Expiration: 86400000
2025-04-02 21:21:53.672 [restartedMain] INFO  c.e.s.config.MongoConfig - Creating MongoClient bean with URI from environment...
2025-04-02 21:21:53.673 [restartedMain] DEBUG c.e.s.config.MongoConfig - MongoClient created for URI: mongodb://localhost:27017/satellite_platform
2025-04-02 21:21:53.919 [restartedMain] DEBUG c.e.s.m.u.s.J.JwtAuthenticationFilter - Filter 'jwtAuthenticationFilter' configured for use
2025-04-02 21:21:54.224 [restartedMain] INFO  c.e.s.m.u.a.services.AuditLogService - Audit log path initialized to: C:\logs\audit.log
2025-04-02 21:21:56.965 [restartedMain] INFO  c.e.s.c.c.ProcessingResponseCacheHandler - ProcessingResponseCacheHandler initialized with ResultsRepository and ResultsMapper.
2025-04-02 21:21:56.968 [restartedMain] INFO  c.e.s.c.c.ProcessingResponseCacheHandler - Scheduled cache cleanup task with cron expression: 0 0 3 * * ?
2025-04-02 21:21:57.048 [restartedMain] INFO  c.e.s.c.e.DatabasePropertySourceAdder - ContextRefreshedEvent received. Adding DatabasePropertySource to environment.
2025-04-02 21:21:57.048 [restartedMain] INFO  c.e.s.c.e.DatabasePropertySource - Initializing DatabasePropertySource: Loading properties from database...
2025-04-02 21:21:57.062 [restartedMain] INFO  c.e.s.c.e.DatabasePropertySource - Loaded 1 properties from database into DatabasePropertySource cache.
2025-04-02 21:21:57.063 [restartedMain] INFO  c.e.s.c.e.DatabasePropertySourceAdder - Successfully added DatabasePropertySource to environment.
2025-04-02 21:21:57.064 [restartedMain] INFO  c.e.s.SatellitePlatformApplication - Started SatellitePlatformApplication in 5.669 seconds (process running for 541.232)
2025-04-02 21:21:57.093 [restartedMain] DEBUG c.e.s.m.u.config.DataInitializer - Admin user(s) already exist. Skipping initial admin creation.
2025-04-02 21:21:58.853 [restartedMain] INFO  c.e.s.SatellitePlatformApplication - Starting SatellitePlatformApplication using Java 17.0.12 with PID 34288 (C:\Users\HP\Desktop\login-sigin spring boot backend\Satellite_Platform_Application\target\classes started by HP in C:\Users\HP\Desktop\login-sigin spring boot backend\Satellite_Platform_Application)
2025-04-02 21:21:58.853 [restartedMain] DEBUG c.e.s.SatellitePlatformApplication - Running with Spring Boot v3.3.10, Spring v6.1.18
2025-04-02 21:21:58.854 [restartedMain] INFO  c.e.s.SatellitePlatformApplication - No active profile set, falling back to 1 default profile: "default"
2025-04-02 21:22:00.688 [restartedMain] INFO  c.e.s.config.JwtConfig - JWT Secret: N5xG1aT7q8v2Hq1K3rJ6bC9m5W+Pq2L7Jz9P4w==
2025-04-02 21:22:00.689 [restartedMain] INFO  c.e.s.config.JwtConfig - JWT Expiration: 86400000
2025-04-02 21:22:00.716 [restartedMain] INFO  c.e.s.config.MongoConfig - Creating MongoClient bean with URI from environment...
2025-04-02 21:22:00.717 [restartedMain] DEBUG c.e.s.config.MongoConfig - MongoClient created for URI: mongodb://localhost:27017/satellite_platform
2025-04-02 21:22:00.935 [restartedMain] DEBUG c.e.s.m.u.s.J.JwtAuthenticationFilter - Filter 'jwtAuthenticationFilter' configured for use
2025-04-02 21:22:11.674 [restartedMain] INFO  c.e.s.SatellitePlatformApplication - Starting SatellitePlatformApplication using Java 17.0.12 with PID 34288 (C:\Users\HP\Desktop\login-sigin spring boot backend\Satellite_Platform_Application\target\classes started by HP in C:\Users\HP\Desktop\login-sigin spring boot backend\Satellite_Platform_Application)
2025-04-02 21:22:11.675 [restartedMain] DEBUG c.e.s.SatellitePlatformApplication - Running with Spring Boot v3.3.10, Spring v6.1.18
2025-04-02 21:22:11.675 [restartedMain] INFO  c.e.s.SatellitePlatformApplication - No active profile set, falling back to 1 default profile: "default"
2025-04-02 21:22:12.999 [restartedMain] INFO  c.e.s.config.JwtConfig - JWT Secret: N5xG1aT7q8v2Hq1K3rJ6bC9m5W+Pq2L7Jz9P4w==
2025-04-02 21:22:13.000 [restartedMain] INFO  c.e.s.config.JwtConfig - JWT Expiration: 86400000
2025-04-02 21:22:13.020 [restartedMain] INFO  c.e.s.config.MongoConfig - Creating MongoClient bean with URI from environment...
2025-04-02 21:22:13.021 [restartedMain] DEBUG c.e.s.config.MongoConfig - MongoClient created for URI: mongodb://localhost:27017/satellite_platform
2025-04-02 21:22:13.280 [restartedMain] DEBUG c.e.s.m.u.s.J.JwtAuthenticationFilter - Filter 'jwtAuthenticationFilter' configured for use
2025-04-02 21:22:39.607 [restartedMain] INFO  c.e.s.SatellitePlatformApplication - Starting SatellitePlatformApplication using Java 17.0.12 with PID 40480 (C:\Users\HP\Desktop\login-sigin spring boot backend\Satellite_Platform_Application\target\classes started by HP in C:\Users\HP\Desktop\login-sigin spring boot backend\Satellite_Platform_Application)
2025-04-02 21:22:39.615 [restartedMain] DEBUG c.e.s.SatellitePlatformApplication - Running with Spring Boot v3.3.10, Spring v6.1.18
2025-04-02 21:22:39.618 [restartedMain] INFO  c.e.s.SatellitePlatformApplication - No active profile set, falling back to 1 default profile: "default"
2025-04-02 21:22:49.658 [restartedMain] INFO  c.e.s.config.JwtConfig - JWT Secret: N5xG1aT7q8v2Hq1K3rJ6bC9m5W+Pq2L7Jz9P4w==
2025-04-02 21:22:49.672 [restartedMain] INFO  c.e.s.config.JwtConfig - JWT Expiration: 86400000
2025-04-02 21:22:49.988 [restartedMain] INFO  c.e.s.config.MongoConfig - Creating MongoClient bean with URI from environment...
2025-04-02 21:22:50.421 [restartedMain] DEBUG c.e.s.config.MongoConfig - MongoClient created for URI: mongodb://localhost:27017/satellite_platform
2025-04-02 21:22:53.938 [restartedMain] DEBUG c.e.s.m.u.s.J.JwtAuthenticationFilter - Filter 'jwtAuthenticationFilter' configured for use
2025-04-02 21:28:12.247 [restartedMain] INFO  c.e.s.SatellitePlatformApplication - Starting SatellitePlatformApplication using Java 17.0.12 with PID 1184 (C:\Users\HP\Desktop\login-sigin spring boot backend\Satellite_Platform_Application\target\classes started by HP in C:\Users\HP\Desktop\login-sigin spring boot backend\Satellite_Platform_Application)
2025-04-02 21:28:12.254 [restartedMain] DEBUG c.e.s.SatellitePlatformApplication - Running with Spring Boot v3.3.10, Spring v6.1.18
2025-04-02 21:28:12.257 [restartedMain] INFO  c.e.s.SatellitePlatformApplication - No active profile set, falling back to 1 default profile: "default"
2025-04-02 21:28:22.223 [restartedMain] INFO  c.e.s.config.JwtConfig - JWT Secret: N5xG1aT7q8v2Hq1K3rJ6bC9m5W+Pq2L7Jz9P4w==
2025-04-02 21:28:22.243 [restartedMain] INFO  c.e.s.config.JwtConfig - JWT Expiration: 86400000
2025-04-02 21:29:43.209 [restartedMain] INFO  c.e.s.SatellitePlatformApplication - Starting SatellitePlatformApplication using Java 17.0.12 with PID 30892 (C:\Users\HP\Desktop\login-sigin spring boot backend\Satellite_Platform_Application\target\classes started by HP in C:\Users\HP\Desktop\login-sigin spring boot backend\Satellite_Platform_Application)
2025-04-02 21:29:43.219 [restartedMain] DEBUG c.e.s.SatellitePlatformApplication - Running with Spring Boot v3.3.10, Spring v6.1.18
2025-04-02 21:29:43.221 [restartedMain] INFO  c.e.s.SatellitePlatformApplication - No active profile set, falling back to 1 default profile: "default"
2025-04-02 21:29:53.108 [restartedMain] INFO  c.e.s.config.JwtConfig - JWT Secret: N5xG1aT7q8v2Hq1K3rJ6bC9m5W+Pq2L7Jz9P4w==
2025-04-02 21:29:53.123 [restartedMain] INFO  c.e.s.config.JwtConfig - JWT Expiration: 86400000
2025-04-02 21:29:53.296 [restartedMain] INFO  c.e.s.config.MongoConfig - Creating MongoClient bean with URI from environment...
2025-04-02 21:29:53.881 [restartedMain] DEBUG c.e.s.config.MongoConfig - MongoClient created for URI: mongodb://localhost:27017/satellite_platform
2025-04-02 21:29:57.406 [restartedMain] DEBUG c.e.s.m.u.s.J.JwtAuthenticationFilter - Filter 'jwtAuthenticationFilter' configured for use
2025-04-02 21:29:59.062 [restartedMain] INFO  c.e.s.m.u.a.services.AuditLogService - Audit log path initialized to: C:\logs\audit.log
2025-04-02 21:30:10.704 [restartedMain] INFO  c.e.s.c.c.ProcessingResponseCacheHandler - ProcessingResponseCacheHandler initialized with ResultsRepository and ResultsMapper.
2025-04-02 21:30:10.714 [restartedMain] INFO  c.e.s.c.c.ProcessingResponseCacheHandler - Scheduled cache cleanup task with cron expression: 0 0 3 * * ?
2025-04-02 21:30:10.851 [restartedMain] INFO  c.e.s.c.e.DatabasePropertySourceAdder - ContextRefreshedEvent received. Adding DatabasePropertySource to environment.
2025-04-02 21:30:10.852 [restartedMain] INFO  c.e.s.c.e.DatabasePropertySource - Initializing DatabasePropertySource: Loading properties from database...
2025-04-02 21:30:11.102 [restartedMain] INFO  c.e.s.c.e.DatabasePropertySource - Loaded 1 properties from database into DatabasePropertySource cache.
2025-04-02 21:30:11.102 [restartedMain] INFO  c.e.s.c.e.DatabasePropertySourceAdder - Successfully added DatabasePropertySource to environment.
2025-04-02 21:30:11.107 [restartedMain] INFO  c.e.s.SatellitePlatformApplication - Started SatellitePlatformApplication in 30.306 seconds (process running for 31.832)
2025-04-02 21:30:11.314 [restartedMain] DEBUG c.e.s.m.u.config.DataInitializer - Admin user(s) already exist. Skipping initial admin creation.
2025-04-02 21:31:04.544 [restartedMain] INFO  c.e.s.SatellitePlatformApplication - Starting SatellitePlatformApplication using Java 17.0.12 with PID 30892 (C:\Users\HP\Desktop\login-sigin spring boot backend\Satellite_Platform_Application\target\classes started by HP in C:\Users\HP\Desktop\login-sigin spring boot backend\Satellite_Platform_Application)
2025-04-02 21:31:04.546 [restartedMain] DEBUG c.e.s.SatellitePlatformApplication - Running with Spring Boot v3.3.10, Spring v6.1.18
2025-04-02 21:31:04.546 [restartedMain] INFO  c.e.s.SatellitePlatformApplication - No active profile set, falling back to 1 default profile: "default"
2025-04-02 21:31:07.986 [restartedMain] INFO  c.e.s.config.JwtConfig - JWT Secret: N5xG1aT7q8v2Hq1K3rJ6bC9m5W+Pq2L7Jz9P4w==
2025-04-02 21:31:07.987 [restartedMain] INFO  c.e.s.config.JwtConfig - JWT Expiration: 86400000
2025-04-02 21:31:08.029 [restartedMain] INFO  c.e.s.config.MongoConfig - Creating MongoClient bean with URI from environment...
2025-04-02 21:31:08.030 [restartedMain] DEBUG c.e.s.config.MongoConfig - MongoClient created for URI: mongodb://localhost:27017/satellite_platform
2025-04-02 21:31:08.446 [restartedMain] DEBUG c.e.s.m.u.s.J.JwtAuthenticationFilter - Filter 'jwtAuthenticationFilter' configured for use
2025-04-02 21:31:08.806 [restartedMain] INFO  c.e.s.m.u.a.services.AuditLogService - Audit log path initialized to: C:\logs\audit.log
2025-04-02 21:31:11.123 [restartedMain] INFO  c.e.s.c.c.ProcessingResponseCacheHandler - ProcessingResponseCacheHandler initialized with ResultsRepository and ResultsMapper.
2025-04-02 21:31:11.125 [restartedMain] INFO  c.e.s.c.c.ProcessingResponseCacheHandler - Scheduled cache cleanup task with cron expression: 0 0 3 * * ?
2025-04-02 21:31:11.189 [restartedMain] INFO  c.e.s.c.e.DatabasePropertySourceAdder - ContextRefreshedEvent received. Adding DatabasePropertySource to environment.
2025-04-02 21:31:11.190 [restartedMain] INFO  c.e.s.c.e.DatabasePropertySource - Initializing DatabasePropertySource: Loading properties from database...
2025-04-02 21:31:11.202 [restartedMain] INFO  c.e.s.c.e.DatabasePropertySource - Loaded 1 properties from database into DatabasePropertySource cache.
2025-04-02 21:31:11.202 [restartedMain] INFO  c.e.s.c.e.DatabasePropertySourceAdder - Successfully added DatabasePropertySource to environment.
2025-04-02 21:31:11.203 [restartedMain] INFO  c.e.s.SatellitePlatformApplication - Started SatellitePlatformApplication in 7.013 seconds (process running for 91.929)
2025-04-02 21:31:11.226 [restartedMain] DEBUG c.e.s.m.u.config.DataInitializer - Admin user(s) already exist. Skipping initial admin creation.
2025-04-02 21:32:06.340 [restartedMain] INFO  c.e.s.SatellitePlatformApplication - Starting SatellitePlatformApplication using Java 17.0.12 with PID 30892 (C:\Users\HP\Desktop\login-sigin spring boot backend\Satellite_Platform_Application\target\classes started by HP in C:\Users\HP\Desktop\login-sigin spring boot backend\Satellite_Platform_Application)
2025-04-02 21:32:06.341 [restartedMain] DEBUG c.e.s.SatellitePlatformApplication - Running with Spring Boot v3.3.10, Spring v6.1.18
2025-04-02 21:32:06.341 [restartedMain] INFO  c.e.s.SatellitePlatformApplication - No active profile set, falling back to 1 default profile: "default"
2025-04-02 21:32:08.841 [restartedMain] INFO  c.e.s.config.JwtConfig - JWT Secret: N5xG1aT7q8v2Hq1K3rJ6bC9m5W+Pq2L7Jz9P4w==
2025-04-02 21:32:08.842 [restartedMain] INFO  c.e.s.config.JwtConfig - JWT Expiration: 86400000
2025-04-02 21:32:08.865 [restartedMain] INFO  c.e.s.config.MongoConfig - Creating MongoClient bean with URI from environment...
2025-04-02 21:32:08.865 [restartedMain] DEBUG c.e.s.config.MongoConfig - MongoClient created for URI: mongodb://localhost:27017/satellite_platform
2025-04-02 21:32:09.107 [restartedMain] DEBUG c.e.s.m.u.s.J.JwtAuthenticationFilter - Filter 'jwtAuthenticationFilter' configured for use
2025-04-02 21:32:09.378 [restartedMain] INFO  c.e.s.m.u.a.services.AuditLogService - Audit log path initialized to: C:\logs\audit.log
2025-04-02 21:32:11.456 [restartedMain] INFO  c.e.s.c.c.ProcessingResponseCacheHandler - ProcessingResponseCacheHandler initialized with ResultsRepository and ResultsMapper.
2025-04-02 21:32:11.458 [restartedMain] INFO  c.e.s.c.c.ProcessingResponseCacheHandler - Scheduled cache cleanup task with cron expression: 0 0 3 * * ?
2025-04-02 21:32:11.521 [restartedMain] INFO  c.e.s.c.e.DatabasePropertySourceAdder - ContextRefreshedEvent received. Adding DatabasePropertySource to environment.
2025-04-02 21:32:11.522 [restartedMain] INFO  c.e.s.c.e.DatabasePropertySource - Initializing DatabasePropertySource: Loading properties from database...
2025-04-02 21:32:11.534 [restartedMain] INFO  c.e.s.c.e.DatabasePropertySource - Loaded 1 properties from database into DatabasePropertySource cache.
2025-04-02 21:32:11.534 [restartedMain] INFO  c.e.s.c.e.DatabasePropertySourceAdder - Successfully added DatabasePropertySource to environment.
2025-04-02 21:32:11.535 [restartedMain] INFO  c.e.s.SatellitePlatformApplication - Started SatellitePlatformApplication in 5.444 seconds (process running for 152.261)
2025-04-02 21:32:11.556 [restartedMain] DEBUG c.e.s.m.u.config.DataInitializer - Admin user(s) already exist. Skipping initial admin creation.
2025-04-02 21:32:30.979 [restartedMain] INFO  c.e.s.SatellitePlatformApplication - Starting SatellitePlatformApplication using Java 17.0.12 with PID 30892 (C:\Users\HP\Desktop\login-sigin spring boot backend\Satellite_Platform_Application\target\classes started by HP in C:\Users\HP\Desktop\login-sigin spring boot backend\Satellite_Platform_Application)
2025-04-02 21:32:30.980 [restartedMain] DEBUG c.e.s.SatellitePlatformApplication - Running with Spring Boot v3.3.10, Spring v6.1.18
2025-04-02 21:32:30.980 [restartedMain] INFO  c.e.s.SatellitePlatformApplication - No active profile set, falling back to 1 default profile: "default"
2025-04-02 21:32:32.384 [restartedMain] INFO  c.e.s.config.JwtConfig - JWT Secret: N5xG1aT7q8v2Hq1K3rJ6bC9m5W+Pq2L7Jz9P4w==
2025-04-02 21:32:32.385 [restartedMain] INFO  c.e.s.config.JwtConfig - JWT Expiration: 86400000
2025-04-02 21:32:32.407 [restartedMain] INFO  c.e.s.config.MongoConfig - Creating MongoClient bean with URI from environment...
2025-04-02 21:32:32.407 [restartedMain] DEBUG c.e.s.config.MongoConfig - MongoClient created for URI: mongodb://localhost:27017/satellite_platform
2025-04-02 21:32:32.671 [restartedMain] DEBUG c.e.s.m.u.s.J.JwtAuthenticationFilter - Filter 'jwtAuthenticationFilter' configured for use
2025-04-02 21:33:16.201 [restartedMain] INFO  c.e.s.SatellitePlatformApplication - Starting SatellitePlatformApplication using Java 17.0.12 with PID 30892 (C:\Users\HP\Desktop\login-sigin spring boot backend\Satellite_Platform_Application\target\classes started by HP in C:\Users\HP\Desktop\login-sigin spring boot backend\Satellite_Platform_Application)
2025-04-02 21:33:16.202 [restartedMain] DEBUG c.e.s.SatellitePlatformApplication - Running with Spring Boot v3.3.10, Spring v6.1.18
2025-04-02 21:33:16.202 [restartedMain] INFO  c.e.s.SatellitePlatformApplication - No active profile set, falling back to 1 default profile: "default"
2025-04-02 21:33:17.578 [restartedMain] INFO  c.e.s.config.JwtConfig - JWT Secret: N5xG1aT7q8v2Hq1K3rJ6bC9m5W+Pq2L7Jz9P4w==
2025-04-02 21:33:17.579 [restartedMain] INFO  c.e.s.config.JwtConfig - JWT Expiration: 86400000
2025-04-02 21:33:17.599 [restartedMain] INFO  c.e.s.config.MongoConfig - Creating MongoClient bean with URI from environment...
2025-04-02 21:33:17.600 [restartedMain] DEBUG c.e.s.config.MongoConfig - MongoClient created for URI: mongodb://localhost:27017/satellite_platform
2025-04-02 21:33:17.609 [restartedMain] INFO  c.e.s.config.MongoConfig - Creating MongoDatabaseFactory bean...
2025-04-02 21:33:17.610 [restartedMain] DEBUG c.e.s.config.MongoConfig - Using database name: satellite_platform
2025-04-02 21:33:17.724 [restartedMain] INFO  c.e.s.config.MongoConfig - Creating MongoTemplate bean...
2025-04-02 21:33:17.811 [restartedMain] DEBUG c.e.s.m.u.s.J.JwtAuthenticationFilter - Filter 'jwtAuthenticationFilter' configured for use
2025-04-02 21:34:09.790 [restartedMain] INFO  c.e.s.SatellitePlatformApplication - Starting SatellitePlatformApplication using Java 17.0.12 with PID 30892 (C:\Users\HP\Desktop\login-sigin spring boot backend\Satellite_Platform_Application\target\classes started by HP in C:\Users\HP\Desktop\login-sigin spring boot backend\Satellite_Platform_Application)
2025-04-02 21:34:09.791 [restartedMain] DEBUG c.e.s.SatellitePlatformApplication - Running with Spring Boot v3.3.10, Spring v6.1.18
2025-04-02 21:34:09.791 [restartedMain] INFO  c.e.s.SatellitePlatformApplication - No active profile set, falling back to 1 default profile: "default"
2025-04-02 21:34:11.891 [restartedMain] INFO  c.e.s.config.JwtConfig - JWT Secret: N5xG1aT7q8v2Hq1K3rJ6bC9m5W+Pq2L7Jz9P4w==
2025-04-02 21:34:11.893 [restartedMain] INFO  c.e.s.config.JwtConfig - JWT Expiration: 86400000
2025-04-02 21:34:11.921 [restartedMain] INFO  c.e.s.config.MongoConfig - Creating MongoClient bean with URI from environment...
2025-04-02 21:34:11.923 [restartedMain] DEBUG c.e.s.config.MongoConfig - MongoClient created for URI: mongodb://localhost:27017/satellite_platform
2025-04-02 21:34:11.934 [restartedMain] INFO  c.e.s.config.MongoConfig - Creating MongoDatabaseFactory bean...
2025-04-02 21:34:11.934 [restartedMain] DEBUG c.e.s.config.MongoConfig - Using database name: satellite_platform
2025-04-02 21:34:12.057 [restartedMain] INFO  c.e.s.config.MongoConfig - Creating MongoTemplate bean...
2025-04-02 21:34:12.147 [restartedMain] DEBUG c.e.s.m.u.s.J.JwtAuthenticationFilter - Filter 'jwtAuthenticationFilter' configured for use
2025-04-02 21:35:09.432 [restartedMain] INFO  c.e.s.SatellitePlatformApplication - Starting SatellitePlatformApplication using Java 17.0.12 with PID 30892 (C:\Users\HP\Desktop\login-sigin spring boot backend\Satellite_Platform_Application\target\classes started by HP in C:\Users\HP\Desktop\login-sigin spring boot backend\Satellite_Platform_Application)
2025-04-02 21:35:09.433 [restartedMain] DEBUG c.e.s.SatellitePlatformApplication - Running with Spring Boot v3.3.10, Spring v6.1.18
2025-04-02 21:35:09.433 [restartedMain] INFO  c.e.s.SatellitePlatformApplication - No active profile set, falling back to 1 default profile: "default"
2025-04-02 21:35:11.601 [restartedMain] INFO  c.e.s.config.JwtConfig - JWT Secret: N5xG1aT7q8v2Hq1K3rJ6bC9m5W+Pq2L7Jz9P4w==
2025-04-02 21:35:11.602 [restartedMain] INFO  c.e.s.config.JwtConfig - JWT Expiration: 86400000
2025-04-02 21:35:11.624 [restartedMain] INFO  c.e.s.config.MongoConfig - Creating MongoClient bean with URI from environment...
2025-04-02 21:35:11.625 [restartedMain] DEBUG c.e.s.config.MongoConfig - MongoClient created for URI: mongodb://localhost:27017/satellite_platform
2025-04-02 21:35:11.901 [restartedMain] DEBUG c.e.s.m.u.s.J.JwtAuthenticationFilter - Filter 'jwtAuthenticationFilter' configured for use
2025-04-02 21:35:15.140 [restartedMain] INFO  c.e.s.SatellitePlatformApplication - Starting SatellitePlatformApplication using Java 17.0.12 with PID 30892 (C:\Users\HP\Desktop\login-sigin spring boot backend\Satellite_Platform_Application\target\classes started by HP in C:\Users\HP\Desktop\login-sigin spring boot backend\Satellite_Platform_Application)
2025-04-02 21:35:15.141 [restartedMain] DEBUG c.e.s.SatellitePlatformApplication - Running with Spring Boot v3.3.10, Spring v6.1.18
2025-04-02 21:35:15.141 [restartedMain] INFO  c.e.s.SatellitePlatformApplication - No active profile set, falling back to 1 default profile: "default"
2025-04-02 21:35:16.452 [restartedMain] INFO  c.e.s.config.JwtConfig - JWT Secret: N5xG1aT7q8v2Hq1K3rJ6bC9m5W+Pq2L7Jz9P4w==
2025-04-02 21:35:16.452 [restartedMain] INFO  c.e.s.config.JwtConfig - JWT Expiration: 86400000
2025-04-02 21:35:16.474 [restartedMain] INFO  c.e.s.config.MongoConfig - Creating MongoClient bean with URI from environment...
2025-04-02 21:35:16.474 [restartedMain] DEBUG c.e.s.config.MongoConfig - MongoClient created for URI: mongodb://localhost:27017/satellite_platform
2025-04-02 21:35:16.766 [restartedMain] DEBUG c.e.s.m.u.s.J.JwtAuthenticationFilter - Filter 'jwtAuthenticationFilter' configured for use
2025-04-02 21:35:17.290 [restartedMain] INFO  c.e.s.m.u.a.services.AuditLogService - Audit log path initialized to: C:\logs\audit.log
2025-04-02 21:35:19.723 [restartedMain] INFO  c.e.s.c.c.ProcessingResponseCacheHandler - ProcessingResponseCacheHandler initialized with ResultsRepository and ResultsMapper.
2025-04-02 21:35:19.727 [restartedMain] INFO  c.e.s.c.c.ProcessingResponseCacheHandler - Scheduled cache cleanup task with cron expression: 0 0 3 * * ?
2025-04-02 21:35:19.785 [restartedMain] INFO  c.e.s.c.e.DatabasePropertySourceAdder - ContextRefreshedEvent received. Adding DatabasePropertySource to environment.
2025-04-02 21:35:19.786 [restartedMain] INFO  c.e.s.c.e.DatabasePropertySource - Initializing DatabasePropertySource: Loading properties from database...
2025-04-02 21:35:19.799 [restartedMain] INFO  c.e.s.c.e.DatabasePropertySource - Loaded 1 properties from database into DatabasePropertySource cache.
2025-04-02 21:35:19.799 [restartedMain] INFO  c.e.s.c.e.DatabasePropertySourceAdder - Successfully added DatabasePropertySource to environment.
2025-04-02 21:35:19.801 [restartedMain] INFO  c.e.s.SatellitePlatformApplication - Started SatellitePlatformApplication in 4.862 seconds (process running for 340.526)
2025-04-02 21:35:19.835 [restartedMain] DEBUG c.e.s.m.u.config.DataInitializer - Admin user(s) already exist. Skipping initial admin creation.
2025-04-02 21:35:45.652 [restartedMain] INFO  c.e.s.SatellitePlatformApplication - Starting SatellitePlatformApplication using Java 17.0.12 with PID 30892 (C:\Users\HP\Desktop\login-sigin spring boot backend\Satellite_Platform_Application\target\classes started by HP in C:\Users\HP\Desktop\login-sigin spring boot backend\Satellite_Platform_Application)
2025-04-02 21:35:45.653 [restartedMain] DEBUG c.e.s.SatellitePlatformApplication - Running with Spring Boot v3.3.10, Spring v6.1.18
2025-04-02 21:35:45.653 [restartedMain] INFO  c.e.s.SatellitePlatformApplication - No active profile set, falling back to 1 default profile: "default"
2025-04-02 21:35:47.351 [restartedMain] INFO  c.e.s.config.JwtConfig - JWT Secret: N5xG1aT7q8v2Hq1K3rJ6bC9m5W+Pq2L7Jz9P4w==
2025-04-02 21:35:47.352 [restartedMain] INFO  c.e.s.config.JwtConfig - JWT Expiration: 86400000
2025-04-02 21:35:47.388 [restartedMain] INFO  c.e.s.config.MongoConfig - Creating MongoClient bean with URI from environment...
2025-04-02 21:35:47.389 [restartedMain] DEBUG c.e.s.config.MongoConfig - MongoClient created for URI: mongodb://localhost:27017/satellite_platform
2025-04-02 21:35:47.746 [restartedMain] DEBUG c.e.s.m.u.s.J.JwtAuthenticationFilter - Filter 'jwtAuthenticationFilter' configured for use
2025-04-02 21:36:18.307 [restartedMain] INFO  c.e.s.SatellitePlatformApplication - Starting SatellitePlatformApplication using Java 17.0.12 with PID 30892 (C:\Users\HP\Desktop\login-sigin spring boot backend\Satellite_Platform_Application\target\classes started by HP in C:\Users\HP\Desktop\login-sigin spring boot backend\Satellite_Platform_Application)
2025-04-02 21:36:18.308 [restartedMain] DEBUG c.e.s.SatellitePlatformApplication - Running with Spring Boot v3.3.10, Spring v6.1.18
2025-04-02 21:36:18.308 [restartedMain] INFO  c.e.s.SatellitePlatformApplication - No active profile set, falling back to 1 default profile: "default"
2025-04-02 21:36:20.444 [restartedMain] INFO  c.e.s.config.JwtConfig - JWT Secret: N5xG1aT7q8v2Hq1K3rJ6bC9m5W+Pq2L7Jz9P4w==
2025-04-02 21:36:20.444 [restartedMain] INFO  c.e.s.config.JwtConfig - JWT Expiration: 86400000
2025-04-02 21:36:20.465 [restartedMain] INFO  c.e.s.config.MongoConfig - Creating MongoClient bean with URI from environment...
2025-04-02 21:36:20.466 [restartedMain] DEBUG c.e.s.config.MongoConfig - MongoClient created for URI: mongodb://localhost:27017/satellite_platform
2025-04-02 21:36:20.673 [restartedMain] DEBUG c.e.s.m.u.s.J.JwtAuthenticationFilter - Filter 'jwtAuthenticationFilter' configured for use
2025-04-02 21:36:36.836 [restartedMain] INFO  c.e.s.SatellitePlatformApplication - Starting SatellitePlatformApplication using Java 17.0.12 with PID 30892 (C:\Users\HP\Desktop\login-sigin spring boot backend\Satellite_Platform_Application\target\classes started by HP in C:\Users\HP\Desktop\login-sigin spring boot backend\Satellite_Platform_Application)
2025-04-02 21:36:36.836 [restartedMain] DEBUG c.e.s.SatellitePlatformApplication - Running with Spring Boot v3.3.10, Spring v6.1.18
2025-04-02 21:36:36.836 [restartedMain] INFO  c.e.s.SatellitePlatformApplication - No active profile set, falling back to 1 default profile: "default"
2025-04-02 21:36:38.078 [restartedMain] INFO  c.e.s.config.JwtConfig - JWT Secret: N5xG1aT7q8v2Hq1K3rJ6bC9m5W+Pq2L7Jz9P4w==
2025-04-02 21:36:38.078 [restartedMain] INFO  c.e.s.config.JwtConfig - JWT Expiration: 86400000
2025-04-02 21:36:38.096 [restartedMain] INFO  c.e.s.config.MongoConfig - Creating MongoClient bean with URI from environment...
2025-04-02 21:36:38.097 [restartedMain] DEBUG c.e.s.config.MongoConfig - MongoClient created for URI: mongodb://localhost:27017/satellite_platform
2025-04-02 21:36:38.302 [restartedMain] DEBUG c.e.s.m.u.s.J.JwtAuthenticationFilter - Filter 'jwtAuthenticationFilter' configured for use
2025-04-02 21:36:43.966 [restartedMain] INFO  c.e.s.SatellitePlatformApplication - Starting SatellitePlatformApplication using Java 17.0.12 with PID 30892 (C:\Users\HP\Desktop\login-sigin spring boot backend\Satellite_Platform_Application\target\classes started by HP in C:\Users\HP\Desktop\login-sigin spring boot backend\Satellite_Platform_Application)
2025-04-02 21:36:43.967 [restartedMain] DEBUG c.e.s.SatellitePlatformApplication - Running with Spring Boot v3.3.10, Spring v6.1.18
2025-04-02 21:36:43.967 [restartedMain] INFO  c.e.s.SatellitePlatformApplication - No active profile set, falling back to 1 default profile: "default"
2025-04-02 21:36:45.471 [restartedMain] INFO  c.e.s.config.JwtConfig - JWT Secret: N5xG1aT7q8v2Hq1K3rJ6bC9m5W+Pq2L7Jz9P4w==
2025-04-02 21:36:45.471 [restartedMain] INFO  c.e.s.config.JwtConfig - JWT Expiration: 86400000
2025-04-02 21:36:45.491 [restartedMain] INFO  c.e.s.config.MongoConfig - Creating MongoClient bean with URI from environment...
2025-04-02 21:36:45.492 [restartedMain] DEBUG c.e.s.config.MongoConfig - MongoClient created for URI: mongodb://localhost:27017/satellite_platform
2025-04-02 21:36:45.705 [restartedMain] DEBUG c.e.s.m.u.s.J.JwtAuthenticationFilter - Filter 'jwtAuthenticationFilter' configured for use
2025-04-02 21:36:45.977 [restartedMain] INFO  c.e.s.m.u.a.services.AuditLogService - Audit log path initialized to: C:\logs\audit.log
2025-04-02 21:36:47.912 [restartedMain] INFO  c.e.s.c.c.ProcessingResponseCacheHandler - ProcessingResponseCacheHandler initialized with ResultsRepository and ResultsMapper.
2025-04-02 21:36:47.916 [restartedMain] INFO  c.e.s.c.c.ProcessingResponseCacheHandler - Scheduled cache cleanup task with cron expression: 0 0 3 * * ?
2025-04-02 21:36:47.965 [restartedMain] INFO  c.e.s.c.e.DatabasePropertySourceAdder - ContextRefreshedEvent received. Adding DatabasePropertySource to environment.
2025-04-02 21:36:47.966 [restartedMain] INFO  c.e.s.c.e.DatabasePropertySource - Initializing DatabasePropertySource: Loading properties from database...
2025-04-02 21:36:47.977 [restartedMain] INFO  c.e.s.c.e.DatabasePropertySource - Loaded 1 properties from database into DatabasePropertySource cache.
2025-04-02 21:36:47.977 [restartedMain] INFO  c.e.s.c.e.DatabasePropertySourceAdder - Successfully added DatabasePropertySource to environment.
2025-04-02 21:36:47.979 [restartedMain] INFO  c.e.s.SatellitePlatformApplication - Started SatellitePlatformApplication in 4.274 seconds (process running for 428.704)
2025-04-02 21:36:48.006 [restartedMain] DEBUG c.e.s.m.u.config.DataInitializer - Admin user(s) already exist. Skipping initial admin creation.
2025-04-02 21:36:59.283 [restartedMain] INFO  c.e.s.SatellitePlatformApplication - Starting SatellitePlatformApplication using Java 17.0.12 with PID 30892 (C:\Users\HP\Desktop\login-sigin spring boot backend\Satellite_Platform_Application\target\classes started by HP in C:\Users\HP\Desktop\login-sigin spring boot backend\Satellite_Platform_Application)
2025-04-02 21:36:59.283 [restartedMain] DEBUG c.e.s.SatellitePlatformApplication - Running with Spring Boot v3.3.10, Spring v6.1.18
2025-04-02 21:36:59.283 [restartedMain] INFO  c.e.s.SatellitePlatformApplication - No active profile set, falling back to 1 default profile: "default"
2025-04-02 21:37:00.785 [restartedMain] INFO  c.e.s.config.JwtConfig - JWT Secret: N5xG1aT7q8v2Hq1K3rJ6bC9m5W+Pq2L7Jz9P4w==
2025-04-02 21:37:00.786 [restartedMain] INFO  c.e.s.config.JwtConfig - JWT Expiration: 86400000
2025-04-02 21:37:00.804 [restartedMain] INFO  c.e.s.config.MongoConfig - Creating MongoClient bean with URI from environment...
2025-04-02 21:37:00.805 [restartedMain] DEBUG c.e.s.config.MongoConfig - MongoClient created for URI: mongodb://localhost:27017/satellite_platform
2025-04-02 21:37:01.089 [restartedMain] DEBUG c.e.s.m.u.s.J.JwtAuthenticationFilter - Filter 'jwtAuthenticationFilter' configured for use
2025-04-02 21:37:04.586 [restartedMain] INFO  c.e.s.SatellitePlatformApplication - Starting SatellitePlatformApplication using Java 17.0.12 with PID 30892 (C:\Users\HP\Desktop\login-sigin spring boot backend\Satellite_Platform_Application\target\classes started by HP in C:\Users\HP\Desktop\login-sigin spring boot backend\Satellite_Platform_Application)
2025-04-02 21:37:04.586 [restartedMain] DEBUG c.e.s.SatellitePlatformApplication - Running with Spring Boot v3.3.10, Spring v6.1.18
2025-04-02 21:37:04.586 [restartedMain] INFO  c.e.s.SatellitePlatformApplication - No active profile set, falling back to 1 default profile: "default"
2025-04-02 21:37:05.975 [restartedMain] INFO  c.e.s.config.JwtConfig - JWT Secret: N5xG1aT7q8v2Hq1K3rJ6bC9m5W+Pq2L7Jz9P4w==
2025-04-02 21:37:05.977 [restartedMain] INFO  c.e.s.config.JwtConfig - JWT Expiration: 86400000
2025-04-02 21:37:06.005 [restartedMain] INFO  c.e.s.config.MongoConfig - Creating MongoClient bean with URI from environment...
2025-04-02 21:37:06.007 [restartedMain] DEBUG c.e.s.config.MongoConfig - MongoClient created for URI: mongodb://localhost:27017/satellite_platform
2025-04-02 21:37:06.357 [restartedMain] DEBUG c.e.s.m.u.s.J.JwtAuthenticationFilter - Filter 'jwtAuthenticationFilter' configured for use
2025-04-02 21:37:18.655 [restartedMain] INFO  c.e.s.SatellitePlatformApplication - Starting SatellitePlatformApplication using Java 17.0.12 with PID 30892 (C:\Users\HP\Desktop\login-sigin spring boot backend\Satellite_Platform_Application\target\classes started by HP in C:\Users\HP\Desktop\login-sigin spring boot backend\Satellite_Platform_Application)
2025-04-02 21:37:18.655 [restartedMain] DEBUG c.e.s.SatellitePlatformApplication - Running with Spring Boot v3.3.10, Spring v6.1.18
2025-04-02 21:37:18.655 [restartedMain] INFO  c.e.s.SatellitePlatformApplication - No active profile set, falling back to 1 default profile: "default"
2025-04-02 21:37:21.163 [restartedMain] INFO  c.e.s.config.JwtConfig - JWT Secret: N5xG1aT7q8v2Hq1K3rJ6bC9m5W+Pq2L7Jz9P4w==
2025-04-02 21:37:21.165 [restartedMain] INFO  c.e.s.config.JwtConfig - JWT Expiration: 86400000
2025-04-02 21:37:23.931 [restartedMain] INFO  c.e.s.SatellitePlatformApplication - Starting SatellitePlatformApplication using Java 17.0.12 with PID 30892 (C:\Users\HP\Desktop\login-sigin spring boot backend\Satellite_Platform_Application\target\classes started by HP in C:\Users\HP\Desktop\login-sigin spring boot backend\Satellite_Platform_Application)
2025-04-02 21:37:23.932 [restartedMain] DEBUG c.e.s.SatellitePlatformApplication - Running with Spring Boot v3.3.10, Spring v6.1.18
2025-04-02 21:37:23.932 [restartedMain] INFO  c.e.s.SatellitePlatformApplication - No active profile set, falling back to 1 default profile: "default"
2025-04-02 21:37:25.468 [restartedMain] INFO  c.e.s.config.JwtConfig - JWT Secret: N5xG1aT7q8v2Hq1K3rJ6bC9m5W+Pq2L7Jz9P4w==
2025-04-02 21:37:25.469 [restartedMain] INFO  c.e.s.config.JwtConfig - JWT Expiration: 86400000
2025-04-02 21:37:25.491 [restartedMain] INFO  c.e.s.config.MongoConfig - Creating MongoClient bean with URI from environment...
2025-04-02 21:37:25.491 [restartedMain] DEBUG c.e.s.config.MongoConfig - MongoClient created for URI: mongodb://localhost:27017/satellite_platform
2025-04-02 21:37:25.694 [restartedMain] DEBUG c.e.s.m.u.s.J.JwtAuthenticationFilter - Filter 'jwtAuthenticationFilter' configured for use
2025-04-02 21:38:39.135 [restartedMain] INFO  c.e.s.SatellitePlatformApplication - Starting SatellitePlatformApplication using Java 17.0.12 with PID 30892 (C:\Users\HP\Desktop\login-sigin spring boot backend\Satellite_Platform_Application\target\classes started by HP in C:\Users\HP\Desktop\login-sigin spring boot backend\Satellite_Platform_Application)
2025-04-02 21:38:39.136 [restartedMain] DEBUG c.e.s.SatellitePlatformApplication - Running with Spring Boot v3.3.10, Spring v6.1.18
2025-04-02 21:38:39.136 [restartedMain] INFO  c.e.s.SatellitePlatformApplication - No active profile set, falling back to 1 default profile: "default"
2025-04-02 21:38:41.020 [restartedMain] INFO  c.e.s.config.JwtConfig - JWT Secret: N5xG1aT7q8v2Hq1K3rJ6bC9m5W+Pq2L7Jz9P4w==
2025-04-02 21:38:41.022 [restartedMain] INFO  c.e.s.config.JwtConfig - JWT Expiration: 86400000
2025-04-02 21:38:41.058 [restartedMain] INFO  c.e.s.config.MongoConfig - Creating MongoClient bean with URI from environment...
2025-04-02 21:38:41.060 [restartedMain] DEBUG c.e.s.config.MongoConfig - MongoClient created for URI: mongodb://localhost:27017/satellite_platform
2025-04-02 21:38:41.388 [restartedMain] DEBUG c.e.s.m.u.s.J.JwtAuthenticationFilter - Filter 'jwtAuthenticationFilter' configured for use
2025-04-02 21:38:44.817 [restartedMain] INFO  c.e.s.SatellitePlatformApplication - Starting SatellitePlatformApplication using Java 17.0.12 with PID 30892 (C:\Users\HP\Desktop\login-sigin spring boot backend\Satellite_Platform_Application\target\classes started by HP in C:\Users\HP\Desktop\login-sigin spring boot backend\Satellite_Platform_Application)
2025-04-02 21:38:44.817 [restartedMain] DEBUG c.e.s.SatellitePlatformApplication - Running with Spring Boot v3.3.10, Spring v6.1.18
2025-04-02 21:38:44.817 [restartedMain] INFO  c.e.s.SatellitePlatformApplication - No active profile set, falling back to 1 default profile: "default"
2025-04-02 21:38:47.388 [restartedMain] INFO  c.e.s.config.JwtConfig - JWT Secret: N5xG1aT7q8v2Hq1K3rJ6bC9m5W+Pq2L7Jz9P4w==
2025-04-02 21:38:47.389 [restartedMain] INFO  c.e.s.config.JwtConfig - JWT Expiration: 86400000
2025-04-02 21:38:47.425 [restartedMain] INFO  c.e.s.config.MongoConfig - Creating MongoClient bean with URI from environment...
2025-04-02 21:38:47.427 [restartedMain] DEBUG c.e.s.config.MongoConfig - MongoClient created for URI: mongodb://localhost:27017/satellite_platform
2025-04-02 21:38:47.740 [restartedMain] DEBUG c.e.s.m.u.s.J.JwtAuthenticationFilter - Filter 'jwtAuthenticationFilter' configured for use
2025-04-02 21:38:48.131 [restartedMain] INFO  c.e.s.m.u.a.services.AuditLogService - Audit log path initialized to: C:\logs\audit.log
2025-04-02 21:38:51.897 [restartedMain] INFO  c.e.s.c.c.ProcessingResponseCacheHandler - ProcessingResponseCacheHandler initialized with ResultsRepository and ResultsMapper.
2025-04-02 21:38:51.900 [restartedMain] INFO  c.e.s.c.c.ProcessingResponseCacheHandler - Scheduled cache cleanup task with cron expression: 0 0 3 * * ?
2025-04-02 21:38:52.017 [restartedMain] INFO  c.e.s.c.e.DatabasePropertySourceAdder - ContextRefreshedEvent received. Adding DatabasePropertySource to environment.
2025-04-02 21:38:52.019 [restartedMain] INFO  c.e.s.c.e.DatabasePropertySource - Initializing DatabasePropertySource: Loading properties from database...
2025-04-02 21:38:52.039 [restartedMain] INFO  c.e.s.c.e.DatabasePropertySource - Loaded 1 properties from database into DatabasePropertySource cache.
2025-04-02 21:38:52.040 [restartedMain] INFO  c.e.s.c.e.DatabasePropertySourceAdder - Successfully added DatabasePropertySource to environment.
2025-04-02 21:38:52.044 [restartedMain] INFO  c.e.s.SatellitePlatformApplication - Started SatellitePlatformApplication in 7.556 seconds (process running for 552.769)
2025-04-02 21:38:52.087 [restartedMain] DEBUG c.e.s.m.u.config.DataInitializer - Admin user(s) already exist. Skipping initial admin creation.
2025-04-02 21:38:55.290 [restartedMain] INFO  c.e.s.SatellitePlatformApplication - Starting SatellitePlatformApplication using Java 17.0.12 with PID 30892 (C:\Users\HP\Desktop\login-sigin spring boot backend\Satellite_Platform_Application\target\classes started by HP in C:\Users\HP\Desktop\login-sigin spring boot backend\Satellite_Platform_Application)
2025-04-02 21:38:55.291 [restartedMain] DEBUG c.e.s.SatellitePlatformApplication - Running with Spring Boot v3.3.10, Spring v6.1.18
2025-04-02 21:38:55.291 [restartedMain] INFO  c.e.s.SatellitePlatformApplication - No active profile set, falling back to 1 default profile: "default"
2025-04-02 21:38:56.600 [restartedMain] INFO  c.e.s.config.JwtConfig - JWT Secret: N5xG1aT7q8v2Hq1K3rJ6bC9m5W+Pq2L7Jz9P4w==
2025-04-02 21:38:56.601 [restartedMain] INFO  c.e.s.config.JwtConfig - JWT Expiration: 86400000
2025-04-02 21:38:56.619 [restartedMain] INFO  c.e.s.config.MongoConfig - Creating MongoClient bean with URI from environment...
2025-04-02 21:38:56.621 [restartedMain] DEBUG c.e.s.config.MongoConfig - MongoClient created for URI: mongodb://localhost:27017/satellite_platform
2025-04-02 21:38:56.854 [restartedMain] DEBUG c.e.s.m.u.s.J.JwtAuthenticationFilter - Filter 'jwtAuthenticationFilter' configured for use
2025-04-02 21:39:00.707 [restartedMain] INFO  c.e.s.SatellitePlatformApplication - Starting SatellitePlatformApplication using Java 17.0.12 with PID 30892 (C:\Users\HP\Desktop\login-sigin spring boot backend\Satellite_Platform_Application\target\classes started by HP in C:\Users\HP\Desktop\login-sigin spring boot backend\Satellite_Platform_Application)
2025-04-02 21:39:00.707 [restartedMain] DEBUG c.e.s.SatellitePlatformApplication - Running with Spring Boot v3.3.10, Spring v6.1.18
2025-04-02 21:39:00.707 [restartedMain] INFO  c.e.s.SatellitePlatformApplication - No active profile set, falling back to 1 default profile: "default"
2025-04-02 21:39:02.229 [restartedMain] INFO  c.e.s.config.JwtConfig - JWT Secret: N5xG1aT7q8v2Hq1K3rJ6bC9m5W+Pq2L7Jz9P4w==
2025-04-02 21:39:02.230 [restartedMain] INFO  c.e.s.config.JwtConfig - JWT Expiration: 86400000
2025-04-02 21:39:02.249 [restartedMain] INFO  c.e.s.config.MongoConfig - Creating MongoClient bean with URI from environment...
2025-04-02 21:39:02.250 [restartedMain] DEBUG c.e.s.config.MongoConfig - MongoClient created for URI: mongodb://localhost:27017/satellite_platform
2025-04-02 21:39:02.518 [restartedMain] DEBUG c.e.s.m.u.s.J.JwtAuthenticationFilter - Filter 'jwtAuthenticationFilter' configured for use
2025-04-02 21:40:08.815 [restartedMain] INFO  c.e.s.SatellitePlatformApplication - Starting SatellitePlatformApplication using Java 17.0.12 with PID 30892 (C:\Users\HP\Desktop\login-sigin spring boot backend\Satellite_Platform_Application\target\classes started by HP in C:\Users\HP\Desktop\login-sigin spring boot backend\Satellite_Platform_Application)
2025-04-02 21:40:08.815 [restartedMain] DEBUG c.e.s.SatellitePlatformApplication - Running with Spring Boot v3.3.10, Spring v6.1.18
2025-04-02 21:40:08.815 [restartedMain] INFO  c.e.s.SatellitePlatformApplication - No active profile set, falling back to 1 default profile: "default"
2025-04-02 21:40:10.273 [restartedMain] INFO  c.e.s.config.JwtConfig - JWT Secret: N5xG1aT7q8v2Hq1K3rJ6bC9m5W+Pq2L7Jz9P4w==
2025-04-02 21:40:10.273 [restartedMain] INFO  c.e.s.config.JwtConfig - JWT Expiration: 86400000
2025-04-02 21:40:10.289 [restartedMain] INFO  c.e.s.config.MongoConfig - Creating MongoClient bean with URI from environment...
2025-04-02 21:40:10.289 [restartedMain] DEBUG c.e.s.config.MongoConfig - MongoClient created for URI: mongodb://localhost:27017/satellite_platform
2025-04-02 21:40:10.496 [restartedMain] DEBUG c.e.s.m.u.s.J.JwtAuthenticationFilter - Filter 'jwtAuthenticationFilter' configured for use
2025-04-02 21:40:34.560 [restartedMain] INFO  c.e.s.SatellitePlatformApplication - Starting SatellitePlatformApplication using Java 17.0.12 with PID 30892 (C:\Users\HP\Desktop\login-sigin spring boot backend\Satellite_Platform_Application\target\classes started by HP in C:\Users\HP\Desktop\login-sigin spring boot backend\Satellite_Platform_Application)
2025-04-02 21:40:34.561 [restartedMain] DEBUG c.e.s.SatellitePlatformApplication - Running with Spring Boot v3.3.10, Spring v6.1.18
2025-04-02 21:40:34.561 [restartedMain] INFO  c.e.s.SatellitePlatformApplication - No active profile set, falling back to 1 default profile: "default"
2025-04-02 21:40:35.861 [restartedMain] INFO  c.e.s.config.JwtConfig - JWT Secret: N5xG1aT7q8v2Hq1K3rJ6bC9m5W+Pq2L7Jz9P4w==
2025-04-02 21:40:35.861 [restartedMain] INFO  c.e.s.config.JwtConfig - JWT Expiration: 86400000
2025-04-02 21:40:35.878 [restartedMain] INFO  c.e.s.config.MongoConfig - Creating MongoClient bean with URI from environment...
2025-04-02 21:40:35.878 [restartedMain] DEBUG c.e.s.config.MongoConfig - MongoClient created for URI: mongodb://localhost:27017/satellite_platform
2025-04-02 21:40:36.059 [restartedMain] DEBUG c.e.s.m.u.s.J.JwtAuthenticationFilter - Filter 'jwtAuthenticationFilter' configured for use
2025-04-02 21:41:40.351 [restartedMain] INFO  c.e.s.SatellitePlatformApplication - Starting SatellitePlatformApplication using Java 17.0.12 with PID 30892 (C:\Users\HP\Desktop\login-sigin spring boot backend\Satellite_Platform_Application\target\classes started by HP in C:\Users\HP\Desktop\login-sigin spring boot backend\Satellite_Platform_Application)
2025-04-02 21:41:40.351 [restartedMain] DEBUG c.e.s.SatellitePlatformApplication - Running with Spring Boot v3.3.10, Spring v6.1.18
2025-04-02 21:41:40.352 [restartedMain] INFO  c.e.s.SatellitePlatformApplication - No active profile set, falling back to 1 default profile: "default"
2025-04-02 21:41:41.635 [restartedMain] INFO  c.e.s.config.JwtConfig - JWT Secret: N5xG1aT7q8v2Hq1K3rJ6bC9m5W+Pq2L7Jz9P4w==
2025-04-02 21:41:41.636 [restartedMain] INFO  c.e.s.config.JwtConfig - JWT Expiration: 86400000
2025-04-02 21:42:11.136 [restartedMain] INFO  c.e.s.SatellitePlatformApplication - Starting SatellitePlatformApplication using Java 17.0.12 with PID 30892 (C:\Users\HP\Desktop\login-sigin spring boot backend\Satellite_Platform_Application\target\classes started by HP in C:\Users\HP\Desktop\login-sigin spring boot backend\Satellite_Platform_Application)
2025-04-02 21:42:11.137 [restartedMain] DEBUG c.e.s.SatellitePlatformApplication - Running with Spring Boot v3.3.10, Spring v6.1.18
2025-04-02 21:42:11.137 [restartedMain] INFO  c.e.s.SatellitePlatformApplication - No active profile set, falling back to 1 default profile: "default"
2025-04-02 21:42:13.038 [restartedMain] INFO  c.e.s.config.JwtConfig - JWT Secret: N5xG1aT7q8v2Hq1K3rJ6bC9m5W+Pq2L7Jz9P4w==
2025-04-02 21:42:13.038 [restartedMain] INFO  c.e.s.config.JwtConfig - JWT Expiration: 86400000
2025-04-02 21:42:13.057 [restartedMain] INFO  c.e.s.config.MongoConfig - Creating MongoClient bean with URI from environment...
2025-04-02 21:42:13.058 [restartedMain] DEBUG c.e.s.config.MongoConfig - MongoClient created for URI: mongodb://localhost:27017/satellite_platform
2025-04-02 21:42:13.282 [restartedMain] DEBUG c.e.s.m.u.s.J.JwtAuthenticationFilter - Filter 'jwtAuthenticationFilter' configured for use
2025-04-02 21:42:13.696 [restartedMain] INFO  c.e.s.m.u.a.services.AuditLogService - Audit log path initialized to: C:\logs\audit.log
2025-04-02 21:42:15.780 [restartedMain] INFO  c.e.s.c.c.ProcessingResponseCacheHandler - ProcessingResponseCacheHandler initialized with ResultsRepository and ResultsMapper.
2025-04-02 21:42:15.783 [restartedMain] INFO  c.e.s.c.c.ProcessingResponseCacheHandler - Scheduled cache cleanup task with cron expression: 0 0 3 * * ?
2025-04-02 21:42:15.866 [restartedMain] INFO  c.e.s.c.e.DatabasePropertySourceAdder - ContextRefreshedEvent received. Adding DatabasePropertySource to environment.
2025-04-02 21:42:15.866 [restartedMain] INFO  c.e.s.c.e.DatabasePropertySource - Initializing DatabasePropertySource: Loading properties from database...
2025-04-02 21:42:15.876 [restartedMain] INFO  c.e.s.c.e.DatabasePropertySource - Loaded 1 properties from database into DatabasePropertySource cache.
2025-04-02 21:42:15.876 [restartedMain] INFO  c.e.s.c.e.DatabasePropertySourceAdder - Successfully added DatabasePropertySource to environment.
2025-04-02 21:42:15.877 [restartedMain] INFO  c.e.s.SatellitePlatformApplication - Started SatellitePlatformApplication in 4.946 seconds (process running for 756.603)
2025-04-02 21:42:15.905 [restartedMain] DEBUG c.e.s.m.u.config.DataInitializer - Admin user(s) already exist. Skipping initial admin creation.
2025-04-02 21:43:29.674 [restartedMain] INFO  c.e.s.SatellitePlatformApplication - Starting SatellitePlatformApplication using Java 17.0.12 with PID 30892 (C:\Users\HP\Desktop\login-sigin spring boot backend\Satellite_Platform_Application\target\classes started by HP in C:\Users\HP\Desktop\login-sigin spring boot backend\Satellite_Platform_Application)
2025-04-02 21:43:29.674 [restartedMain] DEBUG c.e.s.SatellitePlatformApplication - Running with Spring Boot v3.3.10, Spring v6.1.18
2025-04-02 21:43:29.675 [restartedMain] INFO  c.e.s.SatellitePlatformApplication - No active profile set, falling back to 1 default profile: "default"
2025-04-02 21:43:33.047 [restartedMain] INFO  c.e.s.config.JwtConfig - JWT Secret: N5xG1aT7q8v2Hq1K3rJ6bC9m5W+Pq2L7Jz9P4w==
2025-04-02 21:43:33.048 [restartedMain] INFO  c.e.s.config.JwtConfig - JWT Expiration: 86400000
2025-04-02 21:43:33.103 [restartedMain] INFO  c.e.s.config.MongoConfig - Creating MongoClient bean with URI from environment...
2025-04-02 21:43:33.104 [restartedMain] DEBUG c.e.s.config.MongoConfig - MongoClient created for URI: mongodb://localhost:27017/satellite_platform
2025-04-02 21:43:33.430 [restartedMain] DEBUG c.e.s.m.u.s.J.JwtAuthenticationFilter - Filter 'jwtAuthenticationFilter' configured for use
2025-04-02 21:43:36.695 [restartedMain] INFO  c.e.s.SatellitePlatformApplication - Starting SatellitePlatformApplication using Java 17.0.12 with PID 30892 (C:\Users\HP\Desktop\login-sigin spring boot backend\Satellite_Platform_Application\target\classes started by HP in C:\Users\HP\Desktop\login-sigin spring boot backend\Satellite_Platform_Application)
2025-04-02 21:43:36.695 [restartedMain] DEBUG c.e.s.SatellitePlatformApplication - Running with Spring Boot v3.3.10, Spring v6.1.18
2025-04-02 21:43:36.695 [restartedMain] INFO  c.e.s.SatellitePlatformApplication - No active profile set, falling back to 1 default profile: "default"
2025-04-02 21:43:39.248 [restartedMain] INFO  c.e.s.config.JwtConfig - JWT Secret: N5xG1aT7q8v2Hq1K3rJ6bC9m5W+Pq2L7Jz9P4w==
2025-04-02 21:43:39.248 [restartedMain] INFO  c.e.s.config.JwtConfig - JWT Expiration: 86400000
2025-04-02 21:43:39.269 [restartedMain] INFO  c.e.s.config.MongoConfig - Creating MongoClient bean with URI from environment...
2025-04-02 21:43:39.271 [restartedMain] DEBUG c.e.s.config.MongoConfig - MongoClient created for URI: mongodb://localhost:27017/satellite_platform
2025-04-02 21:43:39.542 [restartedMain] DEBUG c.e.s.m.u.s.J.JwtAuthenticationFilter - Filter 'jwtAuthenticationFilter' configured for use
2025-04-02 21:43:44.710 [restartedMain] INFO  c.e.s.SatellitePlatformApplication - Starting SatellitePlatformApplication using Java 17.0.12 with PID 30892 (C:\Users\HP\Desktop\login-sigin spring boot backend\Satellite_Platform_Application\target\classes started by HP in C:\Users\HP\Desktop\login-sigin spring boot backend\Satellite_Platform_Application)
2025-04-02 21:43:44.710 [restartedMain] DEBUG c.e.s.SatellitePlatformApplication - Running with Spring Boot v3.3.10, Spring v6.1.18
2025-04-02 21:43:44.711 [restartedMain] INFO  c.e.s.SatellitePlatformApplication - No active profile set, falling back to 1 default profile: "default"
2025-04-02 21:43:46.078 [restartedMain] INFO  c.e.s.config.JwtConfig - JWT Secret: N5xG1aT7q8v2Hq1K3rJ6bC9m5W+Pq2L7Jz9P4w==
2025-04-02 21:43:46.079 [restartedMain] INFO  c.e.s.config.JwtConfig - JWT Expiration: 86400000
2025-04-02 21:43:46.106 [restartedMain] INFO  c.e.s.config.MongoConfig - Creating MongoClient bean with URI from environment...
2025-04-02 21:43:46.106 [restartedMain] DEBUG c.e.s.config.MongoConfig - MongoClient created for URI: mongodb://localhost:27017/satellite_platform
2025-04-02 21:43:46.473 [restartedMain] DEBUG c.e.s.m.u.s.J.JwtAuthenticationFilter - Filter 'jwtAuthenticationFilter' configured for use
2025-04-02 21:43:46.772 [restartedMain] INFO  c.e.s.m.u.a.services.AuditLogService - Audit log path initialized to: C:\logs\audit.log
2025-04-02 21:43:48.726 [restartedMain] INFO  c.e.s.c.c.ProcessingResponseCacheHandler - ProcessingResponseCacheHandler initialized with ResultsRepository and ResultsMapper.
2025-04-02 21:43:48.729 [restartedMain] INFO  c.e.s.c.c.ProcessingResponseCacheHandler - Scheduled cache cleanup task with cron expression: 0 0 3 * * ?
2025-04-02 21:43:48.797 [restartedMain] INFO  c.e.s.c.e.DatabasePropertySourceAdder - ContextRefreshedEvent received. Adding DatabasePropertySource to environment.
2025-04-02 21:43:48.798 [restartedMain] INFO  c.e.s.c.e.DatabasePropertySource - Initializing DatabasePropertySource: Loading properties from database...
2025-04-02 21:43:48.806 [restartedMain] INFO  c.e.s.c.e.DatabasePropertySource - Loaded 1 properties from database into DatabasePropertySource cache.
2025-04-02 21:43:48.807 [restartedMain] INFO  c.e.s.c.e.DatabasePropertySourceAdder - Successfully added DatabasePropertySource to environment.
2025-04-02 21:43:48.808 [restartedMain] INFO  c.e.s.SatellitePlatformApplication - Started SatellitePlatformApplication in 4.303 seconds (process running for 849.534)
2025-04-02 21:43:48.831 [restartedMain] DEBUG c.e.s.m.u.config.DataInitializer - Admin user(s) already exist. Skipping initial admin creation.
2025-04-02 22:46:42.887 [http-nio-8080-exec-1] INFO  c.e.s.c.RequestResponseLoggingFilter - >>> Request [cf55e60c]: POST /api/auth/signin from 127.0.0.1 - Body: [empty]
2025-04-02 22:46:43.184 [http-nio-8080-exec-1] WARN  c.e.s.m.u.u.services.UserService - Invalid login attempt for username: null
2025-04-02 22:46:43.185 [http-nio-8080-exec-1] ERROR c.e.s.s.utils.NotificationService - ALERT Subject: Failed Login Attempt - Details: Invalid credentials provided for username: null
2025-04-02 22:46:43.210 [http-nio-8080-exec-1] INFO  c.e.s.c.RequestResponseLoggingFilter - <<< Response [cf55e60c]: Status 400 in 324ms - Body: {"token":"Invalid username or password"}
2025-04-02 22:47:46.577 [http-nio-8080-exec-2] INFO  c.e.s.c.RequestResponseLoggingFilter - >>> Request [c6583594]: POST /api/auth/signin from 127.0.0.1 - Body: [empty]
2025-04-02 22:47:46.663 [http-nio-8080-exec-2] WARN  c.e.s.m.u.u.services.UserService - Invalid login attempt for username: null
2025-04-02 22:47:46.664 [http-nio-8080-exec-2] ERROR c.e.s.s.utils.NotificationService - ALERT Subject: Failed Login Attempt - Details: Invalid credentials provided for username: null
2025-04-02 22:47:46.667 [http-nio-8080-exec-2] INFO  c.e.s.c.RequestResponseLoggingFilter - <<< Response [c6583594]: Status 400 in 90ms - Body: {"token":"Invalid username or password"}
2025-04-02 22:48:03.988 [http-nio-8080-exec-3] INFO  c.e.s.c.RequestResponseLoggingFilter - >>> Request [e6383935]: POST /api/auth/signup from 127.0.0.1 - Body: [empty]
2025-04-02 22:48:04.019 [http-nio-8080-exec-3] WARN  c.e.s.m.u.u.services.UserService - Duplicate email 'yobtot@gmail.com' attempted during signup
2025-04-02 22:48:04.022 [http-nio-8080-exec-3] INFO  c.e.s.c.RequestResponseLoggingFilter - <<< Response [e6383935]: Status 400 in 34ms - Body: Email 'yobtot@gmail.com' is already in use! Please use a different email or login instead.
2025-04-02 22:49:07.805 [restartedMain] INFO  c.e.s.SatellitePlatformApplication - Starting SatellitePlatformApplication using Java 17.0.12 with PID 18752 (C:\Users\HP\Desktop\login-sigin spring boot backend\Satellite_Platform_Application\target\classes started by HP in C:\Users\HP\Desktop\login-sigin spring boot backend\Satellite_Platform_Application)
2025-04-02 22:49:07.814 [restartedMain] DEBUG c.e.s.SatellitePlatformApplication - Running with Spring Boot v3.3.10, Spring v6.1.18
2025-04-02 22:49:07.815 [restartedMain] INFO  c.e.s.SatellitePlatformApplication - No active profile set, falling back to 1 default profile: "default"
2025-04-02 22:49:19.323 [restartedMain] INFO  c.e.s.config.JwtConfig - JWT Secret: N5xG1aT7q8v2Hq1K3rJ6bC9m5W+Pq2L7Jz9P4w==
2025-04-02 22:49:19.336 [restartedMain] INFO  c.e.s.config.JwtConfig - JWT Expiration: 86400000
2025-04-02 22:49:19.535 [restartedMain] INFO  c.e.s.config.MongoConfig - Creating MongoClient bean with URI from environment...
2025-04-02 22:49:19.820 [restartedMain] DEBUG c.e.s.config.MongoConfig - MongoClient created for URI: mongodb://localhost:27017/satellite_platform
2025-04-02 22:49:23.448 [restartedMain] DEBUG c.e.s.m.u.s.J.JwtAuthenticationFilter - Filter 'jwtAuthenticationFilter' configured for use
2025-04-02 23:07:07.948 [restartedMain] INFO  c.e.s.SatellitePlatformApplication - Starting SatellitePlatformApplication using Java 17.0.12 with PID 23408 (C:\Users\HP\Desktop\login-sigin spring boot backend\Satellite_Platform_Application\target\classes started by HP in C:\Users\HP\Desktop\login-sigin spring boot backend\Satellite_Platform_Application)
2025-04-02 23:07:07.950 [restartedMain] DEBUG c.e.s.SatellitePlatformApplication - Running with Spring Boot v3.3.10, Spring v6.1.18
2025-04-02 23:07:07.950 [restartedMain] INFO  c.e.s.SatellitePlatformApplication - No active profile set, falling back to 1 default profile: "default"
2025-04-02 23:07:14.669 [restartedMain] INFO  c.e.s.config.JwtConfig - JWT Secret: N5xG1aT7q8v2Hq1K3rJ6bC9m5W+Pq2L7Jz9P4w==
2025-04-02 23:07:14.676 [restartedMain] INFO  c.e.s.config.JwtConfig - JWT Expiration: 86400000
2025-04-02 23:07:14.811 [restartedMain] INFO  c.e.s.config.MongoConfig - Creating MongoClient bean with URI from environment...
2025-04-02 23:07:14.900 [restartedMain] DEBUG c.e.s.config.MongoConfig - MongoClient created for URI: mongodb://localhost:27017/satellite_platform
2025-04-02 23:07:16.293 [restartedMain] DEBUG c.e.s.m.u.s.J.JwtAuthenticationFilter - Filter 'jwtAuthenticationFilter' configured for use
2025-04-02 23:07:16.985 [restartedMain] INFO  c.e.s.m.u.a.services.AuditLogService - Audit log path initialized to: C:\logs\audit.log
2025-04-02 23:07:25.077 [restartedMain] INFO  c.e.s.c.c.ProcessingResponseCacheHandler - ProcessingResponseCacheHandler initialized with ResultsRepository and ResultsMapper.
2025-04-02 23:07:25.085 [restartedMain] INFO  c.e.s.c.c.ProcessingResponseCacheHandler - Scheduled cache cleanup task with cron expression: 0 0 3 * * ?
2025-04-02 23:07:25.204 [restartedMain] INFO  c.e.s.c.e.DatabasePropertySourceAdder - ContextRefreshedEvent received. Adding DatabasePropertySource to environment.
2025-04-02 23:07:25.204 [restartedMain] INFO  c.e.s.c.e.DatabasePropertySource - Initializing DatabasePropertySource: Loading properties from database...
2025-04-02 23:07:25.352 [restartedMain] INFO  c.e.s.c.e.DatabasePropertySource - Loaded 1 properties from database into DatabasePropertySource cache.
2025-04-02 23:07:25.354 [restartedMain] INFO  c.e.s.c.e.DatabasePropertySourceAdder - Successfully added DatabasePropertySource to environment.
2025-04-02 23:07:25.365 [restartedMain] INFO  c.e.s.SatellitePlatformApplication - Started SatellitePlatformApplication in 18.191 seconds (process running for 18.989)
2025-04-02 23:07:25.463 [restartedMain] DEBUG c.e.s.m.u.config.DataInitializer - Using environment/property source for initial admin username.
2025-04-02 23:07:25.464 [restartedMain] DEBUG c.e.s.m.u.config.DataInitializer - Using environment/property source for initial admin email.
2025-04-02 23:07:25.464 [restartedMain] INFO  c.e.s.m.u.config.DataInitializer - No admin users found. Attempting to create initial admin user from provided details...
2025-04-02 23:07:25.647 [restartedMain] INFO  c.e.s.m.u.config.DataInitializer - Successfully created initial admin user with email: yobtot@gmail.com
2025-04-02 23:08:48.835 [http-nio-8080-exec-6] WARN  c.e.s.c.r.RateLimitingFilter - Rate limit exceeded for client: 127.0.0.1
2025-04-02 23:08:48.835 [http-nio-8080-exec-4] WARN  c.e.s.c.r.RateLimitingFilter - Rate limit exceeded for client: 127.0.0.1
2025-04-02 23:08:48.874 [http-nio-8080-exec-10] WARN  c.e.s.c.r.RateLimitingFilter - Rate limit exceeded for client: 127.0.0.1
2025-04-02 23:08:48.875 [http-nio-8080-exec-5] WARN  c.e.s.c.r.RateLimitingFilter - Rate limit exceeded for client: 127.0.0.1
2025-04-02 23:08:48.874 [http-nio-8080-exec-3] WARN  c.e.s.c.r.RateLimitingFilter - Rate limit exceeded for client: 127.0.0.1
2025-04-02 23:08:48.874 [http-nio-8080-exec-12] WARN  c.e.s.c.r.RateLimitingFilter - Rate limit exceeded for client: 127.0.0.1
2025-04-02 23:08:48.874 [http-nio-8080-exec-9] WARN  c.e.s.c.r.RateLimitingFilter - Rate limit exceeded for client: 127.0.0.1
2025-04-02 23:08:48.875 [http-nio-8080-exec-2] WARN  c.e.s.c.r.RateLimitingFilter - Rate limit exceeded for client: 127.0.0.1
2025-04-02 23:08:48.875 [http-nio-8080-exec-7] WARN  c.e.s.c.r.RateLimitingFilter - Rate limit exceeded for client: 127.0.0.1
2025-04-02 23:08:48.875 [http-nio-8080-exec-8] WARN  c.e.s.c.r.RateLimitingFilter - Rate limit exceeded for client: 127.0.0.1
2025-04-02 23:08:48.876 [http-nio-8080-exec-11] WARN  c.e.s.c.r.RateLimitingFilter - Rate limit exceeded for client: 127.0.0.1
2025-04-02 23:08:48.876 [http-nio-8080-exec-1] WARN  c.e.s.c.r.RateLimitingFilter - Rate limit exceeded for client: 127.0.0.1
2025-04-02 23:10:40.338 [restartedMain] INFO  c.e.s.SatellitePlatformApplication - Starting SatellitePlatformApplication using Java 17.0.12 with PID 32004 (C:\Users\HP\Desktop\login-sigin spring boot backend\Satellite_Platform_Application\target\classes started by HP in C:\Users\HP\Desktop\login-sigin spring boot backend\Satellite_Platform_Application)
2025-04-02 23:10:40.341 [restartedMain] DEBUG c.e.s.SatellitePlatformApplication - Running with Spring Boot v3.3.10, Spring v6.1.18
2025-04-02 23:10:40.343 [restartedMain] INFO  c.e.s.SatellitePlatformApplication - No active profile set, falling back to 1 default profile: "default"
2025-04-02 23:10:44.932 [restartedMain] INFO  c.e.s.config.JwtConfig - JWT Secret: N5xG1aT7q8v2Hq1K3rJ6bC9m5W+Pq2L7Jz9P4w==
2025-04-02 23:10:44.934 [restartedMain] INFO  c.e.s.config.JwtConfig - JWT Expiration: 86400000
2025-04-02 23:10:44.988 [restartedMain] INFO  c.e.s.config.MongoConfig - Creating MongoClient bean with URI from environment...
2025-04-02 23:10:45.038 [restartedMain] DEBUG c.e.s.config.MongoConfig - MongoClient created for URI: mongodb://localhost:27017/satellite_platform
2025-04-02 23:26:48.031 [restartedMain] INFO  c.e.s.SatellitePlatformApplication - Starting SatellitePlatformApplication using Java 17.0.12 with PID 28324 (C:\Users\HP\Desktop\login-sigin spring boot backend\Satellite_Platform_Application\target\classes started by HP in C:\Users\HP\Desktop\login-sigin spring boot backend\Satellite_Platform_Application)
2025-04-02 23:26:48.033 [restartedMain] DEBUG c.e.s.SatellitePlatformApplication - Running with Spring Boot v3.3.10, Spring v6.1.18
2025-04-02 23:26:48.033 [restartedMain] INFO  c.e.s.SatellitePlatformApplication - No active profile set, falling back to 1 default profile: "default"
2025-04-02 23:26:51.844 [restartedMain] INFO  c.e.s.config.JwtConfig - JWT Secret: N5xG1aT7q8v2Hq1K3rJ6bC9m5W+Pq2L7Jz9P4w==
2025-04-02 23:26:51.845 [restartedMain] INFO  c.e.s.config.JwtConfig - JWT Expiration: 86400000
2025-04-02 23:26:51.900 [restartedMain] INFO  c.e.s.config.MongoConfig - Creating MongoClient bean with URI from environment...
2025-04-02 23:26:51.956 [restartedMain] DEBUG c.e.s.config.MongoConfig - MongoClient created for URI: mongodb://localhost:27017/satellite_platform
2025-04-02 23:26:52.796 [restartedMain] DEBUG c.e.s.m.u.s.J.JwtAuthenticationFilter - Filter 'jwtAuthenticationFilter' configured for use
2025-04-02 23:26:53.165 [restartedMain] INFO  c.e.s.m.u.a.services.AuditLogService - Audit log path initialized to: C:\logs\audit.log
2025-04-02 23:26:57.285 [restartedMain] INFO  c.e.s.c.c.ProcessingResponseCacheHandler - ProcessingResponseCacheHandler initialized with ResultsRepository and ResultsMapper.
2025-04-02 23:26:57.293 [restartedMain] INFO  c.e.s.c.c.ProcessingResponseCacheHandler - Scheduled cache cleanup task with cron expression: 0 0 3 * * ?
2025-04-02 23:26:57.388 [restartedMain] INFO  c.e.s.c.e.DatabasePropertySourceAdder - ContextRefreshedEvent received. Adding DatabasePropertySource to environment.
2025-04-02 23:26:57.388 [restartedMain] INFO  c.e.s.c.e.DatabasePropertySource - Initializing DatabasePropertySource: Loading properties from database...
2025-04-02 23:26:57.480 [restartedMain] INFO  c.e.s.c.e.DatabasePropertySource - Loaded 1 properties from database into DatabasePropertySource cache.
2025-04-02 23:26:57.480 [restartedMain] INFO  c.e.s.c.e.DatabasePropertySourceAdder - Successfully added DatabasePropertySource to environment.
2025-04-02 23:26:57.484 [restartedMain] INFO  c.e.s.SatellitePlatformApplication - Started SatellitePlatformApplication in 10.163 seconds (process running for 10.866)
2025-04-02 23:26:57.545 [restartedMain] DEBUG c.e.s.m.u.config.DataInitializer - Admin user(s) already exist. Skipping initial admin creation.
2025-04-02 23:28:39.570 [http-nio-8080-exec-1] INFO  c.e.s.c.RequestResponseLoggingFilter - >>> Request [2f3b6555]: POST /api/auth/signin from 127.0.0.1 - Body: [empty]
2025-04-02 23:28:39.879 [http-nio-8080-exec-1] WARN  c.e.s.m.u.u.services.UserService - Invalid login attempt for username: null
2025-04-02 23:28:39.880 [http-nio-8080-exec-1] ERROR c.e.s.s.utils.NotificationService - ALERT Subject: Failed Login Attempt - Details: Invalid credentials provided for username: null
2025-04-02 23:28:39.906 [http-nio-8080-exec-1] INFO  c.e.s.c.RequestResponseLoggingFilter - <<< Response [2f3b6555]: Status 400 in 336ms - Body: {"token":"Invalid username or password"}
2025-04-02 23:28:53.142 [http-nio-8080-exec-2] INFO  c.e.s.c.RequestResponseLoggingFilter - >>> Request [da7f7ea4]: POST /api/auth/signin from 127.0.0.1 - Body: [empty]
2025-04-02 23:28:53.251 [http-nio-8080-exec-2] WARN  c.e.s.m.u.u.services.UserService - Invalid login attempt for username: null
2025-04-02 23:28:53.252 [http-nio-8080-exec-2] ERROR c.e.s.s.utils.NotificationService - ALERT Subject: Failed Login Attempt - Details: Invalid credentials provided for username: null
2025-04-02 23:28:53.254 [http-nio-8080-exec-2] INFO  c.e.s.c.RequestResponseLoggingFilter - <<< Response [da7f7ea4]: Status 400 in 113ms - Body: {"token":"Invalid username or password"}
2025-04-02 23:28:57.171 [http-nio-8080-exec-4] INFO  c.e.s.c.RequestResponseLoggingFilter - >>> Request [61412314]: POST /api/auth/signin from 127.0.0.1 - Body: [empty]
2025-04-02 23:28:57.272 [http-nio-8080-exec-4] WARN  c.e.s.m.u.u.services.UserService - Invalid login attempt for username: null
2025-04-02 23:28:57.272 [http-nio-8080-exec-4] ERROR c.e.s.s.utils.NotificationService - ALERT Subject: Failed Login Attempt - Details: Invalid credentials provided for username: null
2025-04-02 23:28:57.275 [http-nio-8080-exec-4] INFO  c.e.s.c.RequestResponseLoggingFilter - <<< Response [61412314]: Status 400 in 104ms - Body: {"token":"Invalid username or password"}
2025-04-02 23:29:06.756 [http-nio-8080-exec-3] INFO  c.e.s.c.RequestResponseLoggingFilter - >>> Request [2a07ae9a]: POST /api/auth/signin from 127.0.0.1 - Body: [empty]
2025-04-02 23:29:06.856 [http-nio-8080-exec-3] WARN  c.e.s.m.u.u.services.UserService - Invalid login attempt for username: null
2025-04-02 23:29:06.856 [http-nio-8080-exec-3] ERROR c.e.s.s.utils.NotificationService - ALERT Subject: Failed Login Attempt - Details: Invalid credentials provided for username: null
2025-04-02 23:29:06.859 [http-nio-8080-exec-3] INFO  c.e.s.c.RequestResponseLoggingFilter - <<< Response [2a07ae9a]: Status 400 in 103ms - Body: {"token":"Invalid username or password"}
2025-04-02 23:29:29.753 [http-nio-8080-exec-5] INFO  c.e.s.c.RequestResponseLoggingFilter - >>> Request [ec133578]: POST /api/auth/signup from 127.0.0.1 - Body: [empty]
2025-04-02 23:29:29.879 [http-nio-8080-exec-5] INFO  c.e.s.c.RequestResponseLoggingFilter - <<< Response [ec133578]: Status 400 in 126ms - Body: An error occurred during registration: At least one role must be specified for signup.
2025-04-02 23:30:00.731 [http-nio-8080-exec-6] INFO  c.e.s.c.RequestResponseLoggingFilter - >>> Request [b23adf9b]: POST /api/auth/signup from 127.0.0.1 - Body: [empty]
2025-04-02 23:30:00.751 [http-nio-8080-exec-6] INFO  c.e.s.c.RequestResponseLoggingFilter - <<< Response [b23adf9b]: Status 500 in 20ms - Body: {"timestamp":"2025-04-02T23:30:00.7391084","status":500,"error":"Internal Server Error","message":"JSON parse error: Cannot construct instance of `java.util.ArrayList` (although at least one Creator exists): no String-argument constructor/factory method to deserialize from String value ('THEMATITION')"}
2025-04-02 23:59:12.273 [http-nio-8080-exec-7] INFO  c.e.s.c.RequestResponseLoggingFilter - >>> Request [19c237c4]: POST /api/auth/signup from 127.0.0.1 - Body: [empty]
2025-04-02 23:59:12.403 [http-nio-8080-exec-7] INFO  c.e.s.c.RequestResponseLoggingFilter - <<< Response [19c237c4]: Status 400 in 131ms - Body: An error occurred during registration: At least one role must be specified for signup.
2025-04-02 23:59:35.603 [http-nio-8080-exec-8] INFO  c.e.s.c.RequestResponseLoggingFilter - >>> Request [c8b85ce5]: POST /api/auth/signup from 127.0.0.1 - Body: [empty]
2025-04-02 23:59:35.750 [http-nio-8080-exec-8] INFO  c.e.s.m.u.u.services.UserService - User signed up successfully with email: testuser@example.com
2025-04-02 23:59:35.751 [http-nio-8080-exec-8] INFO  c.e.s.c.RequestResponseLoggingFilter - <<< Response [c8b85ce5]: Status 200 in 148ms - Body: User registered successfully.
2025-04-02 23:59:41.219 [http-nio-8080-exec-10] INFO  c.e.s.c.RequestResponseLoggingFilter - >>> Request [97b47186]: POST /api/auth/signin from 127.0.0.1 - Body: [empty]
2025-04-02 23:59:41.318 [http-nio-8080-exec-10] WARN  c.e.s.m.u.u.services.UserService - Invalid login attempt for username: null
2025-04-02 23:59:41.319 [http-nio-8080-exec-10] ERROR c.e.s.s.utils.NotificationService - ALERT Subject: Failed Login Attempt - Details: Invalid credentials provided for username: null
2025-04-02 23:59:41.321 [http-nio-8080-exec-10] INFO  c.e.s.c.RequestResponseLoggingFilter - <<< Response [97b47186]: Status 400 in 102ms - Body: {"token":"Invalid username or password"}
